Player,Team,Pos,Age,G,AB,R,H,2B,3B,HR,RBI,SB,CS,BB,SO,SH,SF,HBP,AVG,OBP,SLG,OPS,Season,Total_OB,Total_Outs,Game_Fatigue_Factor,Condition,Status,Injured Days,League,City,Mascot
MacKenzie Sanchez,CAN,2B,32,161,657,101,163,31,5,26,83,25,8,53,120,0,10,4,0.248,0.304,0.429,0.733,2022,220,498,0,100,Healthy,0,NNL,Canton,Donkey
Yadiel Coulombe,GIL,SS,29,160,652,101,194,39,4,21,100,27,3,45,131,0,6,3,0.298,0.343,0.466,0.809,2022,242,461,0,100,Healthy,0,NNL,Gilbert,Sawfish
Miguel Devenski,TEM,SS,25,159,652,91,189,43,1,24,93,13,8,41,155,0,2,2,0.29,0.333,0.469,0.802,2022,232,465,0,100,Healthy,0,NNL,Tempe,Mockingbird
Reiss Rogers,TOR,SS,29,162,640,99,177,32,1,25,96,18,7,49,182,0,4,3,0.277,0.329,0.447,0.776,2022,229,466,0,100,Healthy,0,ACB,Torrance,Hare
Bryan Norris,TEM,1B,24,160,638,90,175,35,0,32,97,8,3,58,116,0,4,6,0.274,0.339,0.48,0.819,2022,239,469,0,100,Healthy,0,NNL,Tempe,Mockingbird
AJ Culberson,CHE,SS,27,153,637,86,180,26,9,11,71,18,4,25,111,0,4,4,0.283,0.312,0.403,0.715,2022,209,461,0,100,Healthy,0,NNL,Chesapeake,Viper
Kyle Singer,MON,SS,29,161,630,98,170,25,5,26,107,16,6,59,133,0,7,10,0.27,0.339,0.449,0.788,2022,239,470,0,100,Healthy,0,ACB,Montgomery,Earthworm
Jake Espino,TOR,1B,29,162,616,86,148,44,0,34,103,0,0,75,170,0,4,4,0.24,0.325,0.477,0.802,2022,227,472,0,100,Healthy,0,ACB,Torrance,Hare
Matt Neuse,TOR,3B,26,159,615,90,168,39,2,38,93,2,0,57,168,0,4,17,0.273,0.349,0.528,0.877,2022,242,464,0,100,Healthy,0,ACB,Torrance,Hare
Emmanuel Haggerty,GIL,1B,33,159,612,117,199,47,2,21,100,13,3,84,102,0,7,5,0.325,0.407,0.511,0.918,2022,288,418,0,100,Healthy,0,NNL,Gilbert,Sawfish
Jose Puk,LON,OF,28,156,608,89,157,32,4,16,64,34,10,47,126,1,5,9,0.258,0.318,0.403,0.721,2022,213,460,0,100,Healthy,0,NNL,Long Beach,Horse
Ha-Seong Bradley,CAN,OF,30,156,605,88,151,34,5,27,101,25,6,40,183,0,6,6,0.25,0.3,0.456,0.756,2022,197,460,0,100,Healthy,0,NNL,Canton,Donkey
Danny Escobar,CHE,3B,30,157,601,90,168,44,5,29,126,20,7,69,82,0,9,6,0.28,0.355,0.514,0.869,2022,243,439,0,100,Healthy,0,NNL,Chesapeake,Viper
Zach Dickerson,PHO,1B,36,157,601,85,183,40,0,15,75,0,0,62,110,0,4,12,0.304,0.378,0.446,0.824,2022,257,430,0,100,Healthy,0,NNL,Phoenix,Water buffalo breeds
Yordan Doval,MON,1B,28,160,597,95,162,27,0,40,131,5,1,67,128,0,9,12,0.271,0.352,0.518,0.87,2022,241,447,0,100,Healthy,0,ACB,Montgomery,Earthworm
Tommy Iglesias,CAN,SS,28,151,593,91,145,24,1,33,83,3,0,58,103,0,5,7,0.245,0.317,0.455,0.772,2022,210,455,0,100,Healthy,0,NNL,Canton,Donkey
Aaron Longoria,ANA,OF,26,152,593,75,166,39,1,11,74,1,3,42,86,0,6,3,0.28,0.328,0.405,0.733,2022,211,430,0,100,Healthy,0,NNL,Anaheim,American robin
Joel Fishman,CAN,1B,27,157,593,74,179,26,3,27,76,2,2,48,147,0,0,4,0.302,0.358,0.492,0.85,2022,231,418,0,100,Healthy,0,NNL,Canton,Donkey
Davis White,MOR,SS,22,150,591,82,150,31,6,20,80,30,7,30,135,0,5,6,0.254,0.294,0.428,0.722,2022,186,447,0,100,Healthy,0,NNL,Moreno Valley,Quail
Josh Andujar,RIC,1B,30,156,589,81,145,33,2,30,79,2,1,72,169,0,4,6,0.246,0.332,0.462,0.794,2022,223,450,0,100,Healthy,0,ACB,Richmond County,Bovid
Jorge Speier,POM,2B,29,158,587,88,140,30,4,17,88,3,0,70,131,0,8,16,0.239,0.332,0.39,0.722,2022,226,463,0,100,Healthy,0,ACB,Pompano Beach,Owl
Yu Manoah,AKR,OF,28,153,586,72,154,41,3,20,89,32,12,46,156,0,2,11,0.263,0.327,0.445,0.772,2022,211,443,0,100,Healthy,0,NNL,Akron,Lungfish
Sergio Ragans,JOL,DH,28,157,586,90,160,30,6,34,95,11,9,72,161,0,3,5,0.273,0.356,0.519,0.875,2022,237,431,0,100,Healthy,0,NNL,Joliet,Ocelot
Seth Lee,RIC,3B,26,152,586,79,164,24,3,13,72,2,3,31,110,0,10,4,0.28,0.315,0.398,0.713,2022,199,426,0,100,Healthy,0,ACB,Richmond County,Bovid
Tommy Moustakas,SAN,1B,32,160,583,84,141,25,2,36,94,2,2,69,131,0,7,8,0.242,0.327,0.477,0.804,2022,218,450,0,100,Healthy,0,NNL,Santa Rosa,Catfish
Kirby Strzelecki,MON,OF,30,151,580,102,159,30,7,16,64,3,2,71,116,3,3,16,0.274,0.367,0.433,0.8,2022,246,437,0,100,Healthy,0,ACB,Montgomery,Earthworm
Mark Rivero,POM,3B,30,150,578,100,172,37,1,32,102,9,1,63,133,0,2,1,0.298,0.366,0.531,0.897,2022,236,407,0,100,Healthy,0,ACB,Pompano Beach,Owl
Jose Price,RIC,OF,30,155,577,100,126,21,3,46,94,10,1,86,200,0,2,4,0.218,0.323,0.504,0.827,2022,216,455,0,100,Healthy,0,ACB,Richmond County,Bovid
Sean Winker,VIC,2B,27,153,577,95,153,31,4,13,57,32,3,46,111,1,1,5,0.265,0.324,0.4,0.724,2022,204,429,0,100,Healthy,0,ACB,Victorville,Mastodon
Nick Ohtani,POM,OF,30,152,575,82,140,36,2,15,58,5,1,73,103,3,3,4,0.243,0.331,0.391,0.722,2022,217,439,0,100,Healthy,0,ACB,Pompano Beach,Owl
Adam Stratton,COL,OF,31,154,575,99,145,25,4,14,57,19,3,88,162,1,2,5,0.252,0.355,0.383,0.738,2022,238,435,0,100,Healthy,0,ACB,Columbus,Domestic dromedary camel
Whit Escobar,COL,1B,33,150,575,79,148,28,3,29,102,0,0,43,164,0,5,8,0.257,0.315,0.468,0.783,2022,199,435,0,100,Healthy,0,ACB,Columbus,Domestic dromedary camel
Christopher Mitchell,LON,OF,28,152,574,78,138,24,0,33,89,0,2,55,122,0,5,13,0.24,0.318,0.455,0.773,2022,206,449,0,100,Healthy,0,NNL,Long Beach,Horse
Trevor Slater,ROU,OF,28,158,573,72,155,42,2,17,72,9,4,58,149,0,4,6,0.271,0.342,0.44,0.782,2022,219,424,0,100,Healthy,0,ACB,Round Lake Beach,Bobcat
Kevin Bogaerts,GIL,OF,30,142,572,117,154,40,3,35,82,12,2,55,104,0,4,8,0.269,0.34,0.533,0.873,2022,217,426,0,100,Healthy,0,NNL,Gilbert,Sawfish
Kevin Olson,LAF,OF,30,157,570,133,177,28,0,62,131,16,3,111,175,0,5,6,0.311,0.425,0.686,1.111,2022,294,399,0,100,Healthy,0,NNL,Lafayette,Sockeye salmon
Raisel Lakins,COL,SS,27,139,563,83,134,31,0,31,98,8,3,49,166,0,4,1,0.238,0.298,0.458,0.756,2022,184,430,0,100,Healthy,0,ACB,Columbus,Domestic dromedary camel
Justin Gonzalez,CHE,OF,25,147,563,89,168,25,7,6,52,19,5,62,60,2,4,7,0.298,0.373,0.4,0.773,2022,237,402,0,100,Healthy,0,NNL,Chesapeake,Viper
Chris Velazquez,VIC,1B,35,151,561,106,178,41,0,35,115,7,0,79,141,0,4,5,0.317,0.404,0.578,0.982,2022,262,388,0,100,Healthy,0,ACB,Victorville,Mastodon
Gleyber Lauer,FAY,2B,32,147,560,64,139,28,4,1,34,10,4,45,114,3,2,7,0.248,0.311,0.318,0.629,2022,191,428,0,100,Healthy,0,ACB,Fayetteville,Fancy mouse
CJ Jansen,ANA,SS,30,150,557,84,171,38,0,15,73,8,2,57,118,0,7,10,0.307,0.377,0.456,0.833,2022,238,396,0,100,Healthy,0,NNL,Anaheim,American robin
Lou Sanchez,VIC,3B,31,148,557,73,163,42,1,30,103,5,3,52,72,0,4,7,0.293,0.358,0.533,0.891,2022,222,401,0,100,Healthy,0,ACB,Victorville,Mastodon
Emmanuel Wood,GRA,SS,30,144,555,64,132,27,4,17,67,9,2,26,147,0,3,6,0.238,0.278,0.393,0.671,2022,164,429,0,100,Healthy,0,NNL,Grayslake,Whitefish
Andrew Fletcher,ANA,3B,26,141,555,84,164,42,1,27,88,3,1,50,114,0,3,6,0.295,0.358,0.521,0.879,2022,220,397,0,100,Healthy,0,NNL,Anaheim,American robin
Michael Stefanic,LON,1B,26,145,555,62,139,28,1,22,85,4,1,43,154,0,7,4,0.25,0.305,0.423,0.728,2022,186,420,0,100,Healthy,0,NNL,Long Beach,Horse
Andre Mancini,HON,1B,28,140,551,65,151,27,1,20,83,0,0,35,94,0,5,21,0.274,0.338,0.436,0.774,2022,207,421,0,100,Healthy,0,NNL,Honolulu,list
Calvin DeJong,LOU,3B,29,155,548,93,142,38,0,23,93,1,2,87,77,0,10,11,0.259,0.366,0.454,0.82,2022,240,417,0,100,Healthy,0,NNL,Louisville,Swallow
Alfonso Gose,LAK,2B,26,144,547,88,173,31,1,8,49,4,4,50,43,0,3,3,0.316,0.375,0.42,0.795,2022,226,377,0,100,Healthy,0,NNL,Lakewood,Bug
J.J. Gurriel,LOU,1B,38,146,545,53,132,40,0,8,53,8,0,30,73,0,3,6,0.242,0.288,0.36,0.648,2022,168,419,0,100,Healthy,0,NNL,Louisville,Swallow
Christian Tepera,LOU,OF,26,150,544,71,140,28,1,30,107,25,4,59,95,0,2,1,0.257,0.33,0.478,0.808,2022,200,405,0,100,Healthy,0,NNL,Louisville,Swallow
Matt Rodriguez,HON,3B,31,150,543,76,128,24,2,31,87,0,0,73,196,0,5,8,0.236,0.332,0.459,0.791,2022,209,423,0,100,Healthy,0,NNL,Honolulu,list
Jake Ford,GRA,OF,28,145,542,74,142,19,4,27,62,7,3,56,141,0,2,14,0.262,0.345,0.461,0.806,2022,212,414,0,100,Healthy,0,ACB,Grayslake,Whitefish
Davis Castillo,HON,2B,31,156,541,61,129,22,4,3,42,11,6,46,73,4,6,5,0.238,0.301,0.311,0.612,2022,180,417,0,100,Healthy,0,NNL,Honolulu,list
Javier Jansen,TEM,3B,29,155,538,83,123,27,1,27,76,2,2,68,170,0,5,10,0.229,0.324,0.433,0.757,2022,201,425,0,100,Healthy,0,NNL,Tempe,Mockingbird
Noah Smith,CAT,C,28,148,537,67,134,37,2,18,66,1,0,56,124,0,5,13,0.25,0.332,0.426,0.758,2022,203,416,0,100,Healthy,0,NNL,Cathedral City,Vole
Joey Rogers,CHE,OF,28,152,535,72,118,22,3,0,32,21,1,54,87,2,4,1,0.221,0.291,0.273,0.564,2022,173,418,0,100,Healthy,0,NNL,Chesapeake,Viper
Roman Diaz,LON,OF,27,145,535,66,134,35,2,16,60,2,4,34,114,0,3,10,0.25,0.306,0.413,0.719,2022,178,411,0,100,Healthy,0,NNL,Long Beach,Horse
Patrick Gallagher,ANA,DH,35,139,533,76,146,43,1,16,62,0,0,52,145,0,5,5,0.274,0.341,0.448,0.789,2022,203,392,0,100,Healthy,0,NNL,Anaheim,American robin
Chi Jackson,MON,2B,31,148,533,73,174,39,1,9,62,4,0,40,61,0,5,11,0.326,0.382,0.454,0.836,2022,225,370,0,100,Healthy,0,ACB,Montgomery,Earthworm
Luis Seabold,SAN,C,26,151,531,79,125,23,3,27,74,16,6,46,145,2,5,7,0.235,0.302,0.443,0.745,2022,178,413,0,100,Healthy,0,NNL,Santa Rosa,Catfish
Isiah Arano,COL,OF,36,135,530,60,140,22,6,16,78,4,1,32,109,4,3,8,0.264,0.314,0.419,0.733,2022,180,398,0,100,Healthy,0,ACB,Columbus,Domestic dromedary camel
George Reynolds,COL,1B,28,153,529,67,116,23,0,35,89,2,1,62,121,0,3,5,0.219,0.306,0.461,0.767,2022,183,418,0,100,Healthy,0,ACB,Columbus,Domestic dromedary camel
Luis Baumann,COL,3B,28,153,529,67,130,23,3,20,67,7,3,60,158,0,3,5,0.246,0.327,0.414,0.741,2022,195,404,0,100,Healthy,0,ACB,Columbus,Domestic dromedary camel
Nick Hays,LOU,2B,32,141,527,103,158,39,0,28,57,18,1,66,87,0,1,10,0.3,0.387,0.533,0.92,2022,234,379,0,100,Healthy,0,NNL,Louisville,Swallow
Geraldo Burdick,COL,2B,26,137,527,72,140,30,3,13,63,0,0,46,101,0,5,3,0.266,0.325,0.408,0.733,2022,189,390,0,100,Healthy,0,ACB,Columbus,Domestic dromedary camel
Oswald Richards,KAN,SS,32,145,526,58,134,25,1,14,78,4,3,33,99,2,6,16,0.255,0.315,0.386,0.701,2022,183,408,0,100,Healthy,0,ACB,Kansas City,Goldfish
Santiago Hall,LAF,2B,26,140,526,73,135,28,1,24,76,10,5,39,129,1,3,3,0.257,0.31,0.451,0.761,2022,177,394,0,100,Healthy,0,NNL,Lafayette,Sockeye salmon
David Bielak,SIM,3B,31,151,525,72,120,28,1,19,71,0,0,59,103,0,7,11,0.229,0.316,0.394,0.71,2022,190,416,0,100,Healthy,0,ACB,Simi Valley,Dog
Shane Miley,RIC,OF,31,136,524,56,138,27,0,13,62,7,1,29,130,0,2,3,0.263,0.305,0.389,0.694,2022,170,389,0,100,Healthy,0,ACB,Richmond County,Bovid
Raisel Fairbanks,LAK,SS,28,136,522,70,152,24,1,22,64,0,1,61,121,0,4,3,0.291,0.366,0.467,0.833,2022,216,373,0,100,Healthy,0,NNL,Lakewood,Bug
Michael Almonte,LOU,SS,25,136,521,72,132,20,2,22,63,11,2,22,135,1,5,6,0.253,0.289,0.426,0.715,2022,160,395,0,100,Healthy,0,NNL,Louisville,Swallow
Trey Heineman,HON,SS,28,145,518,57,126,24,3,6,42,3,2,68,80,2,5,10,0.243,0.339,0.336,0.675,2022,204,402,0,100,Healthy,0,NNL,Honolulu,list
John Chacin,POM,SS,27,150,517,58,130,29,3,11,59,12,2,51,100,3,4,7,0.251,0.325,0.383,0.708,2022,188,394,0,100,Healthy,0,ACB,Pompano Beach,Owl
Rene Familia,COL,OF,36,134,515,66,122,25,0,17,69,8,6,57,124,0,4,4,0.237,0.316,0.384,0.7,2022,183,397,0,100,Healthy,0,ACB,Columbus,Domestic dromedary camel
Anthony Kirk,TEM,OF,33,133,513,89,137,22,4,25,76,14,2,54,100,0,5,7,0.267,0.342,0.472,0.814,2022,198,383,0,100,Healthy,0,NNL,Tempe,Mockingbird
Anthony Wesneski,HON,OF,22,132,511,84,145,25,3,28,75,25,7,40,145,0,1,8,0.284,0.345,0.509,0.854,2022,193,374,0,100,Healthy,0,NNL,Honolulu,list
Dauri Whitley,PHO,OF,25,134,510,60,138,28,1,17,76,0,0,31,96,0,5,9,0.271,0.321,0.429,0.75,2022,178,381,0,100,Healthy,0,NNL,Phoenix,Water buffalo breeds
Kervin Soler,GIL,C,28,137,508,68,132,26,3,24,87,1,0,56,96,0,4,10,0.26,0.343,0.465,0.808,2022,198,386,0,100,Healthy,0,NNL,Gilbert,Sawfish
Joe Kirilloff,COL,OF,31,141,506,60,131,21,3,19,73,4,0,24,127,0,2,6,0.259,0.299,0.425,0.724,2022,161,381,0,100,Healthy,0,ACB,Columbus,Domestic dromedary camel
Greg Vientos,GRA,3B,26,136,505,55,123,24,3,7,41,20,5,48,122,0,2,5,0.244,0.314,0.345,0.659,2022,176,387,0,100,Healthy,0,ACB,Grayslake,Whitefish
Kutter Nelson,GIL,OF,27,144,504,70,106,27,3,19,68,14,3,38,150,0,6,2,0.21,0.265,0.389,0.654,2022,146,400,0,100,Healthy,0,NNL,Gilbert,Sawfish
Luis Banks,RIC,C,32,139,504,75,139,26,5,22,84,21,1,41,119,0,5,12,0.276,0.342,0.478,0.82,2022,192,377,0,100,Healthy,0,ACB,Richmond County,Bovid
Josh Brazoban,LAK,3B,31,144,501,61,143,27,3,13,64,1,0,41,96,0,7,2,0.285,0.338,0.429,0.767,2022,186,360,0,100,Healthy,0,NNL,Lakewood,Bug
Trent Burger,CAT,OF,30,150,500,55,115,26,3,25,73,11,2,51,146,0,1,3,0.23,0.305,0.444,0.749,2022,169,388,0,100,Healthy,0,NNL,Cathedral City,Vole
Cal Kuhl,TEM,OF,30,131,499,71,133,35,1,25,77,6,3,34,152,0,0,2,0.267,0.316,0.491,0.807,2022,169,368,0,100,Healthy,0,NNL,Tempe,Mockingbird
Max Bard,FAY,OF,27,146,498,62,120,26,2,17,52,8,4,41,132,0,5,4,0.241,0.301,0.404,0.705,2022,165,382,0,100,Healthy,0,ACB,Fayetteville,Fancy mouse
Anibal DeJong,CAT,2B,31,147,497,61,117,24,2,7,46,11,1,45,69,5,3,8,0.235,0.307,0.334,0.641,2022,170,388,0,100,Healthy,0,NNL,Cathedral City,Vole
Stone Rizzo,MON,3B,34,136,495,58,119,26,4,20,69,0,2,40,129,0,6,1,0.24,0.295,0.43,0.725,2022,160,377,0,100,Healthy,0,ACB,Montgomery,Earthworm
Richie Laureano,JOL,OF,29,135,495,73,139,22,2,23,65,5,3,60,120,0,5,4,0.281,0.36,0.473,0.833,2022,203,360,0,100,Healthy,0,NNL,Joliet,Ocelot
Josh Frias,LON,SS,27,150,494,63,109,25,7,13,50,35,9,27,147,3,2,5,0.221,0.267,0.379,0.646,2022,141,390,0,100,Healthy,0,NNL,Long Beach,Horse
Johnny Pruitt,SAN,2B,29,137,492,68,118,42,2,12,52,5,1,55,101,0,5,6,0.24,0.321,0.407,0.728,2022,179,380,0,100,Healthy,0,NNL,Santa Rosa,Catfish
Yimi De Los Santos,CHE,2B,24,146,491,66,146,26,3,17,69,20,3,34,112,4,3,25,0.297,0.371,0.466,0.837,2022,205,370,0,100,Healthy,0,NNL,Chesapeake,Viper
Tylor Barrera,JOL,2B,26,127,489,45,129,22,4,17,52,6,2,17,79,1,0,4,0.264,0.294,0.429,0.723,2022,150,364,0,100,Healthy,0,NNL,Joliet,Ocelot
Johan Gutierrez,PHO,OF,35,138,489,61,120,26,1,14,56,3,1,32,98,0,4,2,0.245,0.292,0.389,0.681,2022,154,371,0,100,Healthy,0,NNL,Phoenix,Water buffalo breeds
Braxton Wong,SIM,2B,27,140,488,71,127,22,2,14,62,21,6,33,89,1,5,14,0.26,0.322,0.4,0.722,2022,174,375,0,100,Healthy,0,ACB,Simi Valley,Dog
Kyle Adames,SIM,OF,32,148,485,73,104,31,2,17,57,5,1,61,141,1,6,5,0.214,0.305,0.392,0.697,2022,170,386,0,100,Healthy,0,ACB,Simi Valley,Dog
AJ Bregman,LAF,SS,28,142,483,66,126,20,0,4,48,22,4,35,72,3,5,5,0.261,0.314,0.327,0.641,2022,166,362,0,100,Healthy,0,NNL,Lafayette,Sockeye salmon
Willi Toussaint,ROU,SS,25,135,481,60,135,22,5,10,55,20,2,28,57,0,2,6,0.281,0.327,0.41,0.737,2022,169,352,0,100,Healthy,0,ACB,Round Lake Beach,Bobcat
Adley Darvish,GRA,2B,31,131,481,48,97,23,1,11,38,5,0,19,107,0,4,6,0.202,0.239,0.322,0.561,2022,122,390,0,100,Healthy,0,NNL,Grayslake,Whitefish
Cole Baker,LAF,3B,37,132,478,59,106,28,0,15,62,2,2,54,148,0,6,8,0.222,0.308,0.374,0.682,2022,168,380,0,100,Healthy,0,NNL,Lafayette,Sockeye salmon
Tim Margot,COL,OF,31,125,474,62,121,23,1,29,72,1,1,39,121,2,3,4,0.255,0.315,0.492,0.807,2022,164,357,0,100,Healthy,0,ACB,Columbus,Domestic dromedary camel
Ezequiel Garcia,AKR,3B,31,137,473,71,140,33,0,9,57,3,3,78,60,0,1,6,0.296,0.401,0.423,0.824,2022,224,339,0,100,Healthy,0,NNL,Akron,Lungfish
Ezequiel Springs,HIA,SS,34,140,471,34,111,19,2,6,36,9,3,26,61,1,3,6,0.236,0.283,0.323,0.606,2022,143,366,0,100,Healthy,0,ACB,Hialeah,list
Brandon Allard,TOR,OF,32,124,470,56,106,19,0,23,56,2,1,31,122,0,4,2,0.226,0.274,0.413,0.687,2022,139,366,0,100,Healthy,0,ACB,Torrance,Hare
Ernie Tate,LOU,OF,25,135,470,95,144,29,2,37,97,1,1,78,106,0,7,6,0.306,0.406,0.613,1.019,2022,228,332,0,100,Healthy,0,NNL,Louisville,Swallow
Mike Manoah,TEM,C,24,139,470,59,134,19,0,14,63,0,0,63,58,0,4,4,0.285,0.372,0.415,0.787,2022,201,340,0,100,Healthy,0,NNL,Tempe,Mockingbird
Alex Herrera,ROU,3B,31,134,469,67,97,28,0,25,66,8,4,53,183,1,2,9,0.207,0.298,0.426,0.724,2022,159,381,0,100,Healthy,0,ACB,Round Lake Beach,Bobcat
Andrew Williams,GIL,3B,38,128,468,61,130,36,0,13,81,3,0,50,89,0,8,6,0.278,0.35,0.438,0.788,2022,186,344,0,100,Healthy,0,NNL,Gilbert,Sawfish
Jonathan Buehler,LAF,3B,34,125,467,74,122,18,0,12,46,4,3,67,71,1,2,4,0.261,0.357,0.377,0.734,2022,193,349,0,100,Healthy,0,NNL,Lafayette,Sockeye salmon
Jhonathan Martin,TOR,OF,25,119,467,71,124,24,0,15,50,29,11,53,126,0,3,10,0.266,0.351,0.413,0.764,2022,187,353,0,100,Healthy,0,ACB,Torrance,Hare
Jose Chavez,MON,OF,34,118,466,76,136,24,5,16,63,18,9,26,97,0,0,13,0.292,0.347,0.468,0.815,2022,175,343,0,100,Healthy,0,ACB,Montgomery,Earthworm
Mike Brigham,LAF,1B,33,130,465,77,104,21,1,32,75,6,5,58,101,0,2,23,0.224,0.338,0.48,0.818,2022,185,384,0,100,Healthy,0,NNL,Lafayette,Sockeye salmon
C.J. Beasley,GIL,3B,32,136,464,69,91,22,1,21,69,2,0,90,141,0,6,5,0.196,0.329,0.384,0.713,2022,186,378,0,100,Healthy,0,NNL,Gilbert,Sawfish
Jacob Weiss,MOR,3B,31,129,462,51,109,26,4,12,41,4,3,34,125,0,1,3,0.236,0.292,0.387,0.679,2022,146,356,0,100,Healthy,0,NNL,Moreno Valley,Quail
Orlando Stephan,MON,OF,34,140,462,71,123,24,0,13,61,3,1,48,97,0,4,28,0.266,0.367,0.403,0.77,2022,199,367,0,100,Healthy,0,ACB,Montgomery,Earthworm
Jonah Fry,MOR,C,24,129,460,57,100,21,3,18,62,2,3,66,131,0,7,1,0.217,0.313,0.393,0.706,2022,167,361,0,100,Healthy,0,NNL,Moreno Valley,Quail
Blake Camargo,HON,OF,29,136,456,51,100,15,0,14,53,0,0,84,103,0,3,4,0.219,0.344,0.344,0.688,2022,188,360,0,100,Healthy,0,NNL,Honolulu,list
Hector Lorenzen,TEM,OF,29,121,453,52,132,32,1,5,52,3,4,31,83,0,2,6,0.291,0.343,0.4,0.743,2022,169,327,0,100,Healthy,0,NNL,Tempe,Mockingbird
Andrew McCormick,POM,OF,26,152,451,58,83,16,2,17,53,7,1,57,150,7,2,7,0.184,0.284,0.341,0.625,2022,147,375,0,100,Healthy,0,ACB,Pompano Beach,Owl
Sebastian Casali,CHE,1B,25,122,449,47,115,28,0,20,79,6,1,38,80,0,5,6,0.256,0.319,0.452,0.771,2022,159,340,0,100,Healthy,0,NNL,Chesapeake,Viper
Shea Crismatt,TEM,2B,28,135,449,51,120,25,0,7,51,6,6,36,68,1,3,2,0.267,0.322,0.37,0.692,2022,158,331,0,100,Healthy,0,NNL,Tempe,Mockingbird
Franchy Strzelecki,FAY,DH,42,124,448,50,105,16,0,10,64,4,0,49,119,0,3,4,0.234,0.313,0.337,0.65,2022,158,347,0,100,Healthy,0,ACB,Fayetteville,Fancy mouse
Yu McHugh,MOR,C,32,114,445,48,113,23,1,23,76,0,0,18,109,0,3,7,0.254,0.292,0.465,0.757,2022,138,339,0,100,Healthy,0,NNL,Moreno Valley,Quail
Romy Campusano,LAK,3B,24,125,444,45,119,25,0,15,66,1,1,28,91,0,1,10,0.268,0.325,0.426,0.751,2022,157,335,0,100,Healthy,0,NNL,Lakewood,Bug
Kyle Iglesias,SAN,2B,28,125,443,66,119,25,1,9,56,23,3,55,98,5,5,2,0.269,0.349,0.391,0.74,2022,176,326,0,100,Healthy,0,NNL,Santa Rosa,Catfish
Tyler Bethancourt,COL,SS,33,118,439,48,128,30,0,3,47,2,3,17,56,0,3,8,0.292,0.328,0.38,0.708,2022,153,319,0,100,Healthy,0,ACB,Columbus,Domestic dromedary camel
Matt Peraza,JOL,OF,31,119,438,85,124,28,2,40,80,1,0,54,139,0,1,6,0.283,0.369,0.63,0.999,2022,184,320,0,100,Healthy,0,NNL,Joliet,Ocelot
Trevor Castellanos,MOR,SS,28,142,436,51,99,12,4,0,20,13,3,29,63,10,1,4,0.227,0.281,0.273,0.554,2022,132,341,0,100,Healthy,0,NNL,Moreno Valley,Quail
Robert Brieske,VIC,OF,24,128,432,56,102,30,4,8,42,5,2,45,94,0,4,7,0.236,0.316,0.38,0.696,2022,154,337,0,100,Healthy,0,ACB,Victorville,Mastodon
Ryne Vespi,SAN,SS,23,148,431,58,84,10,2,5,40,9,2,50,103,12,2,5,0.195,0.285,0.262,0.547,2022,139,352,0,100,Healthy,0,NNL,Santa Rosa,Catfish
Michael Wainwright,COL,2B,32,134,430,65,108,24,4,15,47,17,6,46,88,2,5,14,0.251,0.339,0.43,0.769,2022,168,336,0,100,Healthy,0,ACB,Columbus,Domestic dromedary camel
Josh Blach,GRA,3B,29,124,429,49,93,19,2,13,50,0,1,28,109,0,4,6,0.217,0.272,0.361,0.633,2022,127,342,0,100,Healthy,0,NNL,Grayslake,Whitefish
Kervin Hill,RIC,SS,25,127,427,58,100,19,2,10,49,12,4,36,89,1,1,1,0.234,0.295,0.358,0.653,2022,137,328,0,100,Healthy,0,ACB,Richmond County,Bovid
Sam Romano,LON,2B,29,135,426,49,88,19,3,13,53,6,1,32,109,0,4,10,0.207,0.275,0.357,0.632,2022,130,348,0,100,Healthy,0,NNL,Long Beach,Horse
Corbin Bass,CHE,2B,26,130,424,53,103,26,1,6,51,2,0,32,93,0,9,7,0.243,0.301,0.351,0.652,2022,142,328,0,100,Healthy,0,NNL,Chesapeake,Viper
Daniel Joe,JOL,1B,29,118,423,41,91,18,2,15,44,2,1,27,138,0,0,4,0.215,0.269,0.374,0.643,2022,122,336,0,100,Healthy,0,NNL,Joliet,Ocelot
Cristian La Stella,GIL,2B,25,129,421,66,116,20,7,6,42,7,2,47,95,0,3,0,0.276,0.346,0.399,0.745,2022,163,305,0,100,Healthy,0,NNL,Gilbert,Sawfish
Jose Ray,GRA,2B,29,120,420,37,114,21,2,7,47,0,1,17,79,3,2,1,0.271,0.3,0.381,0.681,2022,132,307,0,100,Healthy,0,NNL,Grayslake,Whitefish
Jesus Colome,LAK,C,30,128,419,42,86,24,0,16,61,2,0,40,136,0,5,7,0.205,0.282,0.377,0.659,2022,133,340,0,100,Healthy,0,NNL,Lakewood,Bug
Mark Graterol,ROU,C,30,113,416,65,101,23,2,22,55,4,2,45,103,0,2,24,0.243,0.349,0.466,0.815,2022,170,339,0,100,Healthy,0,ACB,Round Lake Beach,Bobcat
Jose Dickerson,HIA,1B,32,113,415,37,98,18,0,15,49,1,0,27,106,0,5,4,0.236,0.286,0.388,0.674,2022,129,321,0,100,Healthy,0,ACB,Hialeah,list
Edwin Quintana,MOR,OF,32,124,414,49,105,10,3,9,43,4,2,35,109,2,3,2,0.254,0.313,0.357,0.67,2022,142,311,0,100,Healthy,0,NNL,Moreno Valley,Quail
Carlos Springs,HIA,1B,32,119,414,37,108,33,2,9,50,0,0,40,119,0,5,10,0.261,0.337,0.415,0.752,2022,158,316,0,100,Healthy,0,ACB,Hialeah,list
Anthony Chavez,TOR,OF,22,114,414,75,123,27,3,19,64,20,2,21,107,1,0,5,0.297,0.339,0.514,0.853,2022,149,296,0,100,Healthy,0,ACB,Torrance,Hare
Cristopher Kowar,TEM,OF,29,128,411,47,109,20,3,7,52,8,2,16,81,3,1,0,0.265,0.292,0.38,0.672,2022,125,302,0,100,Healthy,0,NNL,Tempe,Mockingbird
Cal Bethancourt,SIM,SS,36,118,407,50,94,15,2,9,52,1,1,39,98,0,4,8,0.231,0.308,0.344,0.652,2022,141,321,0,100,Healthy,0,ACB,Simi Valley,Dog
Matt Maton,AKR,SS,26,142,407,53,70,18,2,8,33,10,3,52,120,2,2,2,0.172,0.268,0.285,0.553,2022,124,339,0,100,Healthy,0,NNL,Akron,Lungfish
Robert Fleming,COL,2B,25,119,406,54,97,17,1,16,47,1,2,50,99,0,5,11,0.239,0.335,0.404,0.739,2022,158,320,0,100,Healthy,0,ACB,Columbus,Domestic dromedary camel
Jonathan Hosmer,CAN,C,27,127,406,51,92,20,1,16,48,2,0,41,87,0,2,1,0.227,0.298,0.399,0.697,2022,134,315,0,100,Healthy,0,NNL,Canton,Donkey
Drew Bender,LAK,OF,27,138,405,45,110,28,4,9,50,6,4,19,105,3,6,10,0.272,0.316,0.427,0.743,2022,139,305,0,100,Healthy,0,NNL,Lakewood,Bug
Matt Brigham,COL,OF,30,111,404,56,96,20,4,7,28,6,2,55,97,0,1,7,0.238,0.338,0.359,0.697,2022,158,315,0,100,Healthy,0,ACB,Columbus,Domestic dromedary camel
Andrew Middleton,AKR,OF,28,120,403,46,121,24,0,6,58,3,5,19,72,0,4,9,0.3,0.343,0.404,0.747,2022,149,291,0,100,Healthy,0,NNL,Akron,Lungfish
Ryne Norris,LON,3B,28,118,403,50,100,17,1,16,51,1,0,30,98,3,4,5,0.248,0.305,0.414,0.719,2022,135,308,0,100,Healthy,0,NNL,Long Beach,Horse
Tyler Strahm,GIL,OF,32,118,402,45,89,25,3,10,43,10,1,44,160,0,3,5,0.221,0.304,0.373,0.677,2022,138,318,0,100,Healthy,0,NNL,Gilbert,Sawfish
Drew Berrios,GRA,2B,27,129,401,39,92,16,3,14,49,1,1,19,126,0,4,2,0.229,0.265,0.389,0.654,2022,113,311,0,100,Healthy,0,ACB,Grayslake,Whitefish
Sean May,LON,C,25,113,398,70,101,35,1,13,42,4,0,65,86,0,3,4,0.254,0.362,0.445,0.807,2022,170,301,0,100,Healthy,0,NNL,Long Beach,Horse
Jose Voit,LAF,OF,33,110,398,53,84,7,0,31,78,0,0,50,137,0,3,0,0.211,0.297,0.462,0.759,2022,134,314,0,100,Healthy,0,NNL,Lafayette,Sockeye salmon
Ron McGee,GRA,DH,39,112,397,25,101,10,0,5,43,1,0,28,101,0,5,3,0.254,0.305,0.317,0.622,2022,132,299,0,100,Healthy,0,NNL,Grayslake,Whitefish
Max Raley,ROU,OF,28,111,397,54,104,22,2,14,46,9,5,42,110,0,3,4,0.262,0.336,0.433,0.769,2022,150,297,0,100,Healthy,0,ACB,Round Lake Beach,Bobcat
Jose Bolt,PHO,3B,27,104,397,41,84,18,1,12,51,2,0,32,114,1,1,2,0.212,0.273,0.353,0.626,2022,118,315,0,100,Healthy,0,NNL,Phoenix,Water buffalo breeds
Kyle Robinson,TOR,C,34,107,396,61,106,25,1,18,60,0,0,19,90,0,0,11,0.268,0.319,0.472,0.791,2022,136,301,0,100,Healthy,0,ACB,Torrance,Hare
Jose Kuhl,FAY,C,24,112,394,33,99,22,0,7,36,6,1,30,50,1,2,6,0.251,0.313,0.36,0.673,2022,135,301,0,100,Healthy,0,ACB,Fayetteville,Fancy mouse
Jermaine Garrett,VIC,2B,26,126,391,64,110,21,1,5,45,2,3,60,70,1,2,14,0.281,0.394,0.379,0.773,2022,184,295,0,100,Healthy,0,ACB,Victorville,Mastodon
Gunnar Hader,LAK,OF,30,115,388,54,88,18,1,9,43,3,2,49,66,0,4,5,0.227,0.318,0.348,0.666,2022,142,305,0,100,Healthy,0,NNL,Lakewood,Bug
Mychal Webb,CAN,OF,35,125,388,36,76,14,1,12,49,3,2,27,136,0,3,6,0.196,0.257,0.33,0.587,2022,109,318,0,100,Healthy,0,NNL,Canton,Donkey
Yu Holmes,PHO,2B,35,119,386,50,99,19,2,7,27,2,1,21,71,2,2,14,0.256,0.317,0.37,0.687,2022,134,301,0,100,Healthy,0,NNL,Phoenix,Water buffalo breeds
Trey Gose,KAN,2B,26,103,386,48,96,16,2,10,41,3,4,31,94,0,0,14,0.249,0.327,0.378,0.705,2022,141,304,0,100,Healthy,0,ACB,Kansas City,Goldfish
Matt Holderman,LAF,OF,33,130,384,54,83,9,2,8,40,10,3,62,109,1,2,4,0.216,0.33,0.313,0.643,2022,149,305,0,100,Healthy,0,NNL,Lafayette,Sockeye salmon
Stephen Calhoun,MOR,2B,34,95,383,51,92,23,1,6,42,15,3,30,61,0,7,0,0.24,0.29,0.352,0.642,2022,122,291,0,100,Healthy,0,NNL,Moreno Valley,Quail
Johan Henriquez,SAN,OF,22,113,381,45,88,17,1,8,39,4,3,22,74,0,5,3,0.231,0.275,0.344,0.619,2022,113,296,0,100,Healthy,0,NNL,Santa Rosa,Catfish
Erasmo Phelps,PHO,OF,25,98,380,54,108,18,0,12,56,11,3,17,77,0,1,3,0.284,0.319,0.426,0.745,2022,128,275,0,100,Healthy,0,NNL,Phoenix,Water buffalo breeds
Ildemaro Arozarena,SIM,OF,30,134,380,57,104,19,3,23,70,3,2,42,100,0,4,7,0.274,0.353,0.521,0.874,2022,153,283,0,100,Healthy,0,ACB,Simi Valley,Dog
Bryan Castro,ROU,OF,23,113,379,55,89,19,4,16,47,10,7,38,137,3,2,3,0.235,0.308,0.433,0.741,2022,130,293,0,100,Healthy,0,ACB,Round Lake Beach,Bobcat
Josh Bell,PHO,OF,26,124,377,34,91,19,0,15,53,0,0,27,86,0,3,3,0.241,0.295,0.411,0.706,2022,121,289,0,100,Healthy,0,NNL,Phoenix,Water buffalo breeds
Ralph Hedges,GRA,OF,22,93,376,46,95,18,4,5,42,1,4,36,120,0,3,3,0.253,0.321,0.362,0.683,2022,134,284,0,100,Healthy,0,NNL,Grayslake,Whitefish
Jose Estrada,FAY,1B,30,103,375,52,113,24,3,14,57,0,1,49,61,0,6,5,0.301,0.384,0.493,0.877,2022,167,267,0,100,Healthy,0,ACB,Fayetteville,Fancy mouse
Brandon Hall,LAK,2B,29,104,375,54,88,16,0,16,56,3,3,64,95,0,4,2,0.235,0.346,0.405,0.751,2022,154,289,0,100,Healthy,0,NNL,Lakewood,Bug
Yolmer Leblanc,COL,OF,29,120,373,49,87,21,3,17,51,3,2,22,102,0,3,7,0.233,0.286,0.442,0.728,2022,116,293,0,100,Healthy,0,ACB,Columbus,Domestic dromedary camel
Erasmo Happ,KAN,OF,27,110,373,45,86,13,0,5,25,8,5,30,76,2,1,5,0.231,0.296,0.306,0.602,2022,121,292,0,100,Healthy,0,ACB,Kansas City,Goldfish
Trevor Fairchild,COL,OF,29,113,372,56,112,21,2,2,34,0,3,26,58,1,5,4,0.301,0.349,0.384,0.733,2022,142,264,0,100,Healthy,0,ACB,Columbus,Domestic dromedary camel
Luis Gallo,GRA,OF,30,115,371,42,86,20,2,9,46,5,1,48,98,0,1,3,0.232,0.324,0.369,0.693,2022,137,288,0,100,Healthy,0,ACB,Grayslake,Whitefish
Emmanuel VerHagen,FAY,3B,30,103,371,31,85,15,0,9,39,1,0,12,75,0,3,2,0.229,0.255,0.342,0.597,2022,99,288,0,100,Healthy,0,ACB,Fayetteville,Fancy mouse
Jake Nola,RIC,DH,30,99,370,63,106,28,1,18,65,11,4,46,87,0,7,3,0.286,0.364,0.514,0.878,2022,155,267,0,100,Healthy,0,ACB,Richmond County,Bovid
Paul Bleier,HON,C,26,119,370,46,78,20,1,27,63,1,0,38,122,0,5,2,0.211,0.284,0.489,0.773,2022,118,294,0,100,Healthy,0,NNL,Honolulu,list
Dylan Perdomo,FAY,OF,25,132,366,42,82,10,2,6,33,15,4,17,104,11,4,9,0.224,0.273,0.311,0.584,2022,108,293,0,100,Healthy,0,ACB,Fayetteville,Fancy mouse
Hector Lamet,GRA,2B,25,112,365,47,88,18,2,8,31,9,4,15,82,1,3,8,0.241,0.284,0.367,0.651,2022,111,285,0,100,Healthy,0,NNL,Grayslake,Whitefish
Zach Gosselin,CHE,OF,25,91,362,39,107,27,0,11,43,1,2,15,75,0,2,3,0.296,0.327,0.461,0.788,2022,125,258,0,100,Healthy,0,NNL,Chesapeake,Viper
Matt Bummer,ANA,OF,31,93,361,48,80,24,0,6,45,0,2,34,71,0,4,3,0.222,0.291,0.338,0.629,2022,117,284,0,100,Healthy,0,NNL,Anaheim,American robin
Cristopher Quantrill,CAT,OF,31,111,361,38,85,18,0,12,42,2,0,14,118,1,2,0,0.235,0.263,0.385,0.648,2022,99,276,0,100,Healthy,0,NNL,Cathedral City,Vole
Jason Jackson,FAY,2B,22,93,360,29,99,23,2,7,45,3,4,11,84,1,4,1,0.275,0.295,0.408,0.703,2022,111,262,0,100,Healthy,0,ACB,Fayetteville,Fancy mouse
Jake Gallen,GRA,1B,23,110,360,38,73,16,1,8,28,0,1,37,99,0,2,5,0.203,0.285,0.319,0.604,2022,115,292,0,100,Healthy,0,NNL,Grayslake,Whitefish
Jordan Poche,LOU,OF,27,119,359,47,88,12,2,14,44,4,3,46,106,0,1,1,0.245,0.332,0.407,0.739,2022,135,272,0,100,Healthy,0,NNL,Louisville,Swallow
Gerrit Castillo,HIA,2B,33,102,358,47,86,17,3,4,28,41,5,42,89,0,1,3,0.24,0.324,0.338,0.662,2022,131,275,0,100,Healthy,0,ACB,Hialeah,list
Jameson Brantley,HIA,OF,31,98,357,31,80,9,0,8,35,4,0,17,109,0,2,4,0.224,0.266,0.317,0.583,2022,101,281,0,100,Healthy,0,ACB,Hialeah,list
JJ Suarez,ANA,2B,30,94,357,53,85,22,0,16,66,13,0,32,122,0,4,3,0.238,0.303,0.434,0.737,2022,120,275,0,100,Healthy,0,NNL,Anaheim,American robin
Taylor Devenski,AKR,1B,31,113,356,36,83,22,0,11,52,0,0,58,123,0,3,2,0.233,0.341,0.388,0.729,2022,143,275,0,100,Healthy,0,NNL,Akron,Lungfish
Jose Bride,RIC,2B,33,98,354,45,98,9,0,10,33,13,6,25,58,0,1,7,0.277,0.336,0.387,0.723,2022,130,263,0,100,Healthy,0,ACB,Richmond County,Bovid
Nick Higashioka,LON,1B,31,92,354,39,95,16,1,10,41,0,0,35,86,0,3,9,0.268,0.347,0.404,0.751,2022,139,268,0,100,Healthy,0,NNL,Long Beach,Horse
Nick Stout,CAT,SS,34,106,354,41,84,24,0,8,30,7,4,30,62,0,0,2,0.237,0.301,0.373,0.674,2022,116,272,0,100,Healthy,0,NNL,Cathedral City,Vole
Jake Gurriel,COL,C,32,105,351,29,80,18,2,9,51,0,1,25,82,0,3,2,0.228,0.281,0.368,0.649,2022,107,273,0,100,Healthy,0,ACB,Columbus,Domestic dromedary camel
Andrew Barlow,KAN,3B,30,92,350,62,96,22,2,20,59,2,2,29,84,0,2,4,0.274,0.335,0.52,0.855,2022,129,258,0,100,Healthy,0,ACB,Kansas City,Goldfish
Zack Gonzalez,HIA,3B,32,101,347,27,90,24,1,3,32,12,3,15,50,1,3,5,0.259,0.297,0.36,0.657,2022,110,262,0,100,Healthy,0,ACB,Hialeah,list
Conner Grove,MOR,OF,28,93,347,40,111,14,2,3,39,4,2,39,52,0,3,1,0.32,0.387,0.398,0.785,2022,151,237,0,100,Healthy,0,NNL,Moreno Valley,Quail
Robinson Chang,POM,C,33,110,347,40,87,15,0,4,40,2,1,34,60,1,9,6,0.251,0.321,0.329,0.65,2022,127,266,0,100,Healthy,0,ACB,Pompano Beach,Owl
Jeurys Buehler,HIA,C,33,114,346,25,77,12,0,4,34,0,1,29,83,1,2,6,0.223,0.292,0.292,0.584,2022,112,275,0,100,Healthy,0,ACB,Hialeah,list
Adam Manning,CAT,OF,28,94,346,49,73,18,0,13,34,11,6,25,104,0,0,12,0.211,0.287,0.376,0.663,2022,110,285,0,100,Healthy,0,NNL,Cathedral City,Vole
Archie Santillan,LOU,C,36,113,344,40,64,12,0,15,45,0,0,22,116,4,2,7,0.186,0.248,0.352,0.6,2022,93,287,0,100,Healthy,0,NNL,Louisville,Swallow
Terrin Rogers,FAY,OF,24,101,342,62,84,17,1,21,46,6,2,91,62,0,0,3,0.246,0.408,0.485,0.893,2022,178,261,0,100,Healthy,0,ACB,Fayetteville,Fancy mouse
Brandon Ohtani,KAN,OF,35,91,340,57,81,11,1,11,39,7,2,42,100,0,4,1,0.238,0.32,0.374,0.694,2022,124,260,0,100,Healthy,0,ACB,Kansas City,Goldfish
Trevor Thompson,LAK,OF,29,92,340,61,76,13,3,28,51,6,0,34,116,0,1,7,0.224,0.306,0.526,0.832,2022,117,271,0,100,Healthy,0,NNL,Lakewood,Bug
Jorge Duggar,HIA,3B,29,98,338,43,75,16,1,8,28,1,0,37,101,0,1,7,0.222,0.311,0.346,0.657,2022,119,270,0,100,Healthy,0,ACB,Hialeah,list
John Castellanos,AKR,OF,28,89,336,36,92,18,2,4,47,7,3,24,68,0,1,2,0.274,0.325,0.375,0.7,2022,118,246,0,100,Healthy,0,NNL,Akron,Lungfish
Adalberto Lorenzen,POM,1B,33,90,335,32,91,16,0,8,40,0,0,33,55,0,1,0,0.272,0.336,0.391,0.727,2022,124,244,0,100,Healthy,0,ACB,Pompano Beach,Owl
Kirk Urias,LAF,C,30,115,335,39,83,12,1,11,43,2,1,15,62,0,1,2,0.248,0.283,0.388,0.671,2022,100,254,0,100,Healthy,0,NNL,Lafayette,Sockeye salmon
Willy Baddoo,TOR,C,25,97,334,51,93,14,1,20,45,2,0,39,104,0,2,1,0.278,0.354,0.506,0.86,2022,133,242,0,100,Healthy,0,ACB,Torrance,Hare
Beau Sosa,VIC,OF,27,96,334,56,76,11,1,14,58,14,4,38,103,0,7,4,0.228,0.308,0.392,0.7,2022,118,262,0,100,Healthy,0,ACB,Victorville,Mastodon
Abraham Miranda,JOL,C,32,102,333,32,60,12,1,9,30,0,0,38,112,1,1,2,0.18,0.267,0.303,0.57,2022,100,275,0,100,Healthy,0,NNL,Joliet,Ocelot
Dominic Fulmer,PHO,SS,29,79,332,50,100,13,0,6,25,13,0,14,55,0,0,5,0.301,0.339,0.395,0.734,2022,119,237,0,100,Healthy,0,NNL,Phoenix,Water buffalo breeds
Madison Adon,AKR,3B,24,111,331,48,68,16,0,20,45,0,1,44,67,0,2,4,0.205,0.304,0.435,0.739,2022,116,267,0,100,Healthy,0,NNL,Akron,Lungfish
Jack Hutchison,GRA,SS,24,87,331,45,77,13,4,17,54,10,4,28,126,0,1,1,0.233,0.294,0.45,0.744,2022,106,255,0,100,Healthy,0,ACB,Grayslake,Whitefish
Thairo Suarez,HIA,OF,26,115,329,38,83,20,0,13,43,4,0,19,90,0,4,2,0.252,0.294,0.432,0.726,2022,104,248,0,100,Healthy,0,ACB,Hialeah,list
Jakob Henry,PHO,C,34,99,327,15,66,7,0,5,27,1,0,45,79,0,2,2,0.202,0.301,0.269,0.57,2022,113,263,0,100,Healthy,0,NNL,Phoenix,Water buffalo breeds
Matt Smith,GRA,OF,24,106,326,45,66,11,0,19,38,4,2,41,114,0,1,4,0.202,0.298,0.411,0.709,2022,111,264,0,100,Healthy,0,ACB,Grayslake,Whitefish
Jake Frazier,RIC,OF,26,117,325,41,80,12,2,6,32,7,4,23,70,0,6,3,0.246,0.297,0.351,0.648,2022,106,248,0,100,Healthy,0,ACB,Richmond County,Bovid
Jared Guerra,HON,3B,26,109,324,36,60,13,1,10,35,2,0,22,65,0,4,2,0.185,0.239,0.324,0.563,2022,84,266,0,100,Healthy,0,NNL,Honolulu,list
Austin Bubic,GRA,C,30,110,323,41,82,17,1,14,44,0,0,24,97,0,3,1,0.254,0.305,0.443,0.748,2022,107,242,0,100,Healthy,0,NNL,Grayslake,Whitefish
Patrick Narvaez,JOL,SS,28,125,322,37,63,8,0,9,28,17,1,15,119,6,3,3,0.196,0.236,0.304,0.54,2022,81,262,0,100,Healthy,0,NNL,Joliet,Ocelot
Brady Marsh,KAN,1B,39,91,322,31,66,18,1,11,41,0,0,44,97,0,0,10,0.205,0.319,0.37,0.689,2022,120,266,0,100,Healthy,0,ACB,Kansas City,Goldfish
Jake Daza,SAN,OF,25,99,321,53,91,16,3,8,43,23,3,23,76,3,1,6,0.283,0.342,0.427,0.769,2022,120,236,0,100,Healthy,0,NNL,Santa Rosa,Catfish
Adam Suwinski,ANA,1B,27,117,317,40,68,9,2,12,39,3,0,29,118,0,4,3,0.215,0.283,0.369,0.652,2022,100,252,0,100,Healthy,0,NNL,Anaheim,American robin
Logan Montero,SAN,C,28,104,317,40,67,18,0,7,35,2,0,29,71,0,4,4,0.211,0.282,0.334,0.616,2022,100,254,0,100,Healthy,0,NNL,Santa Rosa,Catfish
Will Quinn,ROU,OF,31,118,316,35,76,14,1,7,35,12,7,44,74,1,7,2,0.241,0.331,0.358,0.689,2022,122,242,0,100,Healthy,0,ACB,Round Lake Beach,Bobcat
Jesus Hilliard,GRA,OF,28,92,315,27,80,19,3,3,34,2,2,13,77,0,4,4,0.254,0.289,0.362,0.651,2022,97,239,0,100,Healthy,0,NNL,Grayslake,Whitefish
Chris Harvey,CAN,OF,24,99,314,39,82,14,2,5,34,11,5,21,88,1,3,2,0.261,0.309,0.366,0.675,2022,105,234,0,100,Healthy,0,NNL,Canton,Donkey
Santiago Moronta,AKR,SS,22,83,314,46,87,20,3,6,33,8,0,26,33,0,4,0,0.277,0.328,0.417,0.745,2022,113,227,0,100,Healthy,0,NNL,Akron,Lungfish
Glenn Blackburn,HIA,OF,25,98,313,38,67,14,3,13,36,1,0,26,92,0,1,3,0.214,0.28,0.403,0.683,2022,96,249,0,100,Healthy,0,ACB,Hialeah,list
Jeff Sanchez,LAK,OF,24,122,311,30,74,12,1,2,24,4,1,32,77,2,0,2,0.238,0.313,0.302,0.615,2022,108,239,0,100,Healthy,0,NNL,Lakewood,Bug
Taylor Milner,SIM,OF,27,98,311,31,79,17,2,4,36,10,2,30,75,0,5,4,0.254,0.323,0.36,0.683,2022,113,236,0,100,Healthy,0,ACB,Simi Valley,Dog
Adam McFarland,VIC,1B,43,109,307,42,83,14,0,24,68,1,2,28,55,0,6,10,0.27,0.345,0.55,0.895,2022,121,234,0,100,Healthy,0,ACB,Victorville,Mastodon
Christian Mitchell,FAY,OF,35,94,305,30,82,16,0,9,41,2,1,19,74,0,2,1,0.269,0.312,0.41,0.722,2022,102,224,0,100,Healthy,0,ACB,Fayetteville,Fancy mouse
Sam Reks,LOU,2B,32,92,305,35,74,13,0,12,38,1,1,18,53,0,2,2,0.243,0.287,0.403,0.69,2022,94,233,0,100,Healthy,0,NNL,Louisville,Swallow
Wander Cain,PHO,2B,32,97,300,38,63,8,0,3,20,2,0,7,65,2,3,3,0.21,0.233,0.267,0.5,2022,73,240,0,100,Healthy,0,NNL,Phoenix,Water buffalo breeds
Michael Irvin,CAT,SS,24,100,299,31,62,13,0,4,19,3,2,19,64,6,1,1,0.207,0.256,0.291,0.547,2022,82,238,0,100,Healthy,0,NNL,Cathedral City,Vole
Jose Perez,POM,1B,32,82,298,38,67,18,0,13,48,1,1,39,110,0,4,3,0.225,0.317,0.416,0.733,2022,109,234,0,100,Healthy,0,ACB,Pompano Beach,Owl
Reiver La Stella,MON,2B,28,102,297,33,81,12,1,2,17,1,0,34,46,2,0,2,0.273,0.351,0.34,0.691,2022,117,218,0,100,Healthy,0,ACB,Montgomery,Earthworm
Max Sandlin,CHE,C,30,105,294,26,48,4,0,7,30,2,0,25,78,10,3,6,0.163,0.241,0.248,0.489,2022,79,252,0,100,Healthy,0,NNL,Chesapeake,Viper
Nelson Krehbiel,ANA,C,32,84,294,33,83,20,0,8,42,1,2,18,51,0,3,3,0.282,0.327,0.432,0.759,2022,104,214,0,100,Healthy,0,NNL,Anaheim,American robin
Cody Torkelson,PHO,OF,26,84,292,40,86,12,0,16,54,0,0,28,72,0,4,3,0.295,0.358,0.5,0.858,2022,117,209,0,100,Healthy,0,NNL,Phoenix,Water buffalo breeds
Richie Frias,JOL,OF,25,93,292,34,66,9,2,8,37,8,2,22,117,3,3,3,0.226,0.284,0.353,0.637,2022,91,229,0,100,Healthy,0,NNL,Joliet,Ocelot
Sam Rendon,VIC,OF,25,108,290,53,66,16,3,14,40,4,1,51,71,0,5,1,0.228,0.34,0.448,0.788,2022,118,225,0,100,Healthy,0,ACB,Victorville,Mastodon
Will Bender,AKR,C,27,93,289,32,70,22,0,6,31,0,0,7,65,0,1,2,0.242,0.264,0.381,0.645,2022,79,221,0,100,Healthy,0,NNL,Akron,Lungfish
Johan Givens,GRA,SS,29,78,288,31,79,18,2,2,24,8,2,16,48,2,1,2,0.274,0.316,0.372,0.688,2022,97,211,0,100,Healthy,0,ACB,Grayslake,Whitefish
Jonathan Devenski,COL,3B,32,113,288,44,68,14,2,8,34,12,1,33,85,2,3,2,0.236,0.316,0.382,0.698,2022,103,222,0,100,Healthy,0,ACB,Columbus,Domestic dromedary camel
Robbie Perez,TOR,OF,34,86,287,39,61,16,1,12,36,0,2,21,101,0,2,5,0.213,0.276,0.401,0.677,2022,87,231,0,100,Healthy,0,ACB,Torrance,Hare
Livan Robles,MON,C,29,98,284,31,68,15,0,3,28,0,0,14,76,12,2,1,0.239,0.276,0.324,0.6,2022,83,217,0,100,Healthy,0,ACB,Montgomery,Earthworm
Jorge Duffey,VIC,2B,22,89,283,44,64,13,0,14,35,1,0,28,103,0,0,2,0.226,0.3,0.42,0.72,2022,94,221,0,100,Healthy,0,ACB,Victorville,Mastodon
Alex Hwan Bae,GRA,C,32,94,281,16,62,10,0,1,16,0,0,25,74,1,0,1,0.221,0.287,0.267,0.554,2022,88,220,0,100,Healthy,0,NNL,Grayslake,Whitefish
Adam Owings,VIC,OF,33,97,281,28,75,17,1,6,36,0,0,12,48,0,2,2,0.267,0.3,0.399,0.699,2022,89,208,0,100,Healthy,0,ACB,Victorville,Mastodon
Matt Diaz,ANA,2B,27,87,280,32,80,16,1,6,36,5,1,13,49,2,2,3,0.286,0.322,0.414,0.736,2022,96,203,0,100,Healthy,0,NNL,Anaheim,American robin
Cal Flexen,SAN,OF,35,87,278,29,69,19,2,12,41,1,2,27,74,0,3,2,0.248,0.316,0.46,0.776,2022,98,211,0,100,Healthy,0,NNL,Santa Rosa,Catfish
Louis Price,KAN,2B,35,80,278,22,79,16,0,4,24,0,0,19,61,0,2,5,0.284,0.339,0.385,0.724,2022,103,204,0,100,Healthy,0,ACB,Kansas City,Goldfish
Luis Pineda,ROU,C,35,86,277,23,65,12,0,8,31,2,0,8,47,1,4,3,0.235,0.26,0.365,0.625,2022,76,215,0,100,Healthy,0,ACB,Round Lake Beach,Bobcat
Nolan Camargo,SIM,OF,30,125,277,49,73,15,2,7,34,12,1,40,89,0,2,6,0.264,0.366,0.408,0.774,2022,119,210,0,100,Healthy,0,ACB,Simi Valley,Dog
Brad Cano,GRA,OF,33,83,273,24,56,13,1,2,23,3,1,38,90,0,3,6,0.205,0.313,0.282,0.595,2022,100,223,0,100,Healthy,0,NNL,Grayslake,Whitefish
Matt Sears,COL,C,29,96,272,26,54,12,0,9,34,0,0,31,67,1,1,9,0.199,0.3,0.342,0.642,2022,94,227,0,100,Healthy,0,ACB,Columbus,Domestic dromedary camel
Emilio Smith,ANA,OF,32,92,271,21,57,19,1,3,29,2,3,17,58,2,0,0,0.21,0.257,0.321,0.578,2022,74,214,0,100,Healthy,0,NNL,Anaheim,American robin
Phil Rasmussen,CAT,2B,28,89,271,25,58,4,2,4,26,6,1,20,80,0,0,2,0.214,0.273,0.288,0.561,2022,80,215,0,100,Healthy,0,NNL,Cathedral City,Vole
Tyson Hedges,ROU,1B,30,75,271,23,62,11,0,8,36,0,0,19,58,0,2,0,0.229,0.277,0.358,0.635,2022,81,209,0,100,Healthy,0,ACB,Round Lake Beach,Bobcat
DL Serven,HIA,OF,31,72,270,32,56,13,0,13,34,0,2,31,90,0,1,3,0.207,0.295,0.4,0.695,2022,90,217,0,100,Healthy,0,ACB,Hialeah,list
T.J. Davis,SIM,OF,36,90,268,46,58,9,0,11,38,2,0,40,85,0,1,5,0.216,0.328,0.373,0.701,2022,103,215,0,100,Healthy,0,ACB,Simi Valley,Dog
Dominic Diekman,JOL,OF,24,88,268,22,60,12,2,8,27,4,2,11,107,0,1,4,0.224,0.264,0.373,0.637,2022,75,212,0,100,Healthy,0,NNL,Joliet,Ocelot
Zach Torres,SIM,3B,37,89,266,31,65,13,0,14,42,0,0,27,83,0,3,2,0.244,0.315,0.451,0.766,2022,94,203,0,100,Healthy,0,ACB,Simi Valley,Dog
Casey Castano,CHE,DH,27,70,263,24,56,9,0,9,28,2,0,14,104,0,2,1,0.213,0.254,0.35,0.604,2022,71,208,0,100,Healthy,0,NNL,Chesapeake,Viper
Mark Dickerson,COL,C,31,84,262,21,54,12,1,4,23,0,0,29,57,1,1,3,0.206,0.292,0.305,0.597,2022,86,211,0,100,Healthy,0,ACB,Columbus,Domestic dromedary camel
Griffin Fairchild,GRA,SS,25,96,262,28,54,13,0,11,29,1,1,14,75,0,4,3,0.206,0.251,0.382,0.633,2022,71,211,0,100,Healthy,0,ACB,Grayslake,Whitefish
Michael Moore,VIC,C,40,80,262,19,56,8,0,5,24,2,0,5,40,0,1,2,0.214,0.233,0.302,0.535,2022,63,208,0,100,Healthy,0,ACB,Victorville,Mastodon
Beau Harris,SIM,C,26,97,261,34,56,6,0,11,25,2,1,26,112,0,0,4,0.215,0.296,0.364,0.66,2022,86,209,0,100,Healthy,0,ACB,Simi Valley,Dog
Ryan Thompson,POM,OF,32,77,261,29,68,15,0,7,41,2,1,21,86,0,3,1,0.261,0.315,0.398,0.713,2022,90,194,0,100,Healthy,0,ACB,Pompano Beach,Owl
Max Okert,VIC,C,28,97,260,28,56,10,0,4,25,0,1,26,62,1,0,6,0.215,0.301,0.3,0.601,2022,88,210,0,100,Healthy,0,ACB,Victorville,Mastodon
Dennis Newcomb,KAN,OF,28,80,259,24,51,13,0,10,30,2,3,17,101,0,0,0,0.197,0.246,0.363,0.609,2022,68,208,0,100,Healthy,0,ACB,Kansas City,Goldfish
Matt Burger,MOR,1B,25,72,258,25,76,10,0,10,26,1,0,35,34,0,2,3,0.295,0.383,0.45,0.833,2022,114,185,0,100,Healthy,0,NNL,Moreno Valley,Quail
Kris Santana,TEM,2B,28,97,257,43,52,18,1,6,24,2,0,38,85,1,1,6,0.202,0.318,0.35,0.668,2022,96,211,0,100,Healthy,0,NNL,Tempe,Mockingbird
Caleb Haniger,POM,C,29,82,256,25,63,14,0,7,40,1,0,11,98,0,3,4,0.246,0.285,0.383,0.668,2022,78,197,0,100,Healthy,0,ACB,Pompano Beach,Owl
Camilo Smith,MOR,OF,26,106,256,32,54,10,4,5,28,9,6,16,75,1,2,3,0.211,0.264,0.34,0.604,2022,73,205,0,100,Healthy,0,NNL,Moreno Valley,Quail
Brandon Frazier,HON,1B,37,79,255,35,49,8,0,15,39,0,0,35,60,0,2,2,0.192,0.293,0.4,0.693,2022,86,208,0,100,Healthy,0,NNL,Honolulu,list
Yency Szapucki,SIM,1B,34,78,254,25,54,9,1,8,23,1,0,37,81,0,1,6,0.213,0.326,0.35,0.676,2022,97,206,0,100,Healthy,0,ACB,Simi Valley,Dog
CJ Sanchez,VIC,OF,25,76,253,27,64,13,0,12,30,0,0,16,61,0,4,1,0.253,0.296,0.447,0.743,2022,81,190,0,100,Healthy,0,ACB,Victorville,Mastodon
Max Blach,GRA,2B,23,71,253,25,59,8,4,11,27,5,3,22,74,0,1,2,0.233,0.299,0.427,0.726,2022,83,196,0,100,Healthy,0,ACB,Grayslake,Whitefish
Trevor Mendick,KAN,3B,34,78,252,30,54,12,0,7,25,2,0,24,75,0,3,6,0.214,0.295,0.345,0.64,2022,84,204,0,100,Healthy,0,ACB,Kansas City,Goldfish
Matt Pallante,ROU,1B,26,101,251,27,59,5,2,3,25,6,1,29,87,1,2,4,0.235,0.322,0.307,0.629,2022,92,196,0,100,Healthy,0,ACB,Round Lake Beach,Bobcat
Spencer Farmer,TOR,OF,31,80,250,27,53,12,1,5,24,3,0,17,68,0,3,0,0.212,0.259,0.328,0.587,2022,70,197,0,100,Healthy,0,ACB,Torrance,Hare
Michael Clemens,TOR,2B,26,64,247,36,61,16,0,8,35,3,5,16,47,0,4,2,0.247,0.294,0.409,0.703,2022,79,188,0,100,Healthy,0,ACB,Torrance,Hare
Devin Machado,VIC,OF,28,72,246,35,63,7,3,5,21,15,2,13,47,0,1,4,0.256,0.303,0.37,0.673,2022,80,187,0,100,Healthy,0,ACB,Victorville,Mastodon
Noe Swanson,PHO,OF,31,119,245,32,55,13,1,2,17,12,4,11,76,0,0,4,0.224,0.269,0.31,0.579,2022,70,194,0,100,Healthy,0,NNL,Phoenix,Water buffalo breeds
Robbie Garcia,SAN,OF,27,75,245,24,54,9,0,9,33,1,0,28,67,0,3,1,0.22,0.3,0.367,0.667,2022,83,192,0,100,Healthy,0,NNL,Santa Rosa,Catfish
Jake Groshans,KAN,3B,32,92,244,31,60,10,1,3,23,5,0,26,78,0,1,1,0.246,0.32,0.332,0.652,2022,87,185,0,100,Healthy,0,ACB,Kansas City,Goldfish
Cole Kepler,LOU,OF,35,64,243,28,70,14,1,5,26,1,1,31,30,1,1,1,0.288,0.37,0.416,0.786,2022,102,174,0,100,Healthy,0,NNL,Louisville,Swallow
Teoscar Pineda,ANA,OF,28,84,242,36,53,17,1,8,29,4,1,28,92,2,2,1,0.219,0.3,0.397,0.697,2022,82,190,0,100,Healthy,0,NNL,Anaheim,American robin
Reynaldo Eflin,CAT,OF,24,91,241,18,40,5,2,3,18,2,2,15,70,3,0,1,0.166,0.218,0.241,0.459,2022,56,202,0,100,Healthy,0,NNL,Cathedral City,Vole
Luis Hosmer,GRA,DH,30,75,237,29,54,10,1,12,34,0,0,40,67,0,1,0,0.228,0.338,0.43,0.768,2022,94,183,0,100,Healthy,0,ACB,Grayslake,Whitefish
Jeimer Keuchel,AKR,2B,28,65,235,31,52,10,2,8,25,1,0,27,61,0,1,3,0.221,0.308,0.383,0.691,2022,82,186,0,100,Healthy,0,NNL,Akron,Lungfish
Joel Marsh,COL,1B,26,80,234,34,53,8,1,14,32,5,2,23,111,0,1,8,0.226,0.316,0.449,0.765,2022,84,189,0,100,Healthy,0,ACB,Columbus,Domestic dromedary camel
Abraham Molina,LAF,OF,29,82,233,32,37,4,1,12,24,2,0,40,106,0,0,0,0.159,0.282,0.339,0.621,2022,77,196,0,100,Healthy,0,NNL,Lafayette,Sockeye salmon
Seth Bello,LAF,C,32,83,229,27,52,7,0,10,31,0,1,12,52,2,4,1,0.227,0.264,0.389,0.653,2022,65,178,0,100,Healthy,0,NNL,Lafayette,Sockeye salmon
Gilberto Bickford,JOL,3B,32,77,228,14,57,8,0,2,16,0,0,17,50,0,0,2,0.25,0.308,0.311,0.619,2022,76,173,0,100,Healthy,0,NNL,Joliet,Ocelot
Dinelson Mendick,KAN,OF,27,72,225,33,54,10,5,8,25,7,2,20,40,0,6,7,0.24,0.314,0.436,0.75,2022,81,178,0,100,Healthy,0,ACB,Kansas City,Goldfish
Avisail Kemp,HON,OF,32,57,224,31,55,8,0,11,34,0,0,20,65,0,2,1,0.246,0.308,0.429,0.737,2022,76,170,0,100,Healthy,0,NNL,Honolulu,list
Nick Naquin,CAT,3B,29,73,223,26,49,12,0,1,13,1,1,25,47,0,3,2,0.22,0.3,0.287,0.587,2022,76,176,0,100,Healthy,0,NNL,Cathedral City,Vole
Nick Springer,FAY,1B,30,56,222,33,72,14,0,13,34,1,0,15,52,0,2,1,0.324,0.367,0.563,0.93,2022,88,151,0,100,Healthy,0,ACB,Fayetteville,Fancy mouse
Guillermo Eaton,CAN,OF,33,81,222,20,47,3,0,7,32,4,2,18,70,0,1,0,0.212,0.27,0.32,0.59,2022,65,175,0,100,Healthy,0,NNL,Canton,Donkey
Bryce Pinder,SIM,OF,29,77,217,29,45,7,1,8,26,1,0,26,51,2,1,5,0.207,0.305,0.359,0.664,2022,76,177,0,100,Healthy,0,ACB,Simi Valley,Dog
Jason Hader,HIA,C,26,72,217,41,50,6,1,9,24,5,3,18,45,0,0,5,0.23,0.304,0.392,0.696,2022,73,172,0,100,Healthy,0,ACB,Hialeah,list
Jose Marquez,KAN,OF,27,68,216,33,56,9,0,12,28,4,1,26,54,0,2,3,0.259,0.344,0.468,0.812,2022,85,163,0,100,Healthy,0,ACB,Kansas City,Goldfish
Alejandro Peterson,JOL,2B,28,61,216,20,55,9,1,2,17,1,0,7,16,2,0,3,0.255,0.288,0.333,0.621,2022,65,164,0,100,Healthy,0,NNL,Joliet,Ocelot
Hirokazu Robles,TEM,C,28,72,215,34,56,10,0,15,44,1,0,25,44,0,5,3,0.26,0.339,0.516,0.855,2022,84,162,0,100,Healthy,0,NNL,Tempe,Mockingbird
Aaron Taylor,KAN,OF,29,64,215,26,48,10,1,5,29,3,2,17,46,1,1,1,0.223,0.282,0.349,0.631,2022,66,168,0,100,Healthy,0,ACB,Kansas City,Goldfish
Manuel Boyd,ANA,OF,35,53,214,32,50,12,0,6,24,1,1,14,67,0,1,6,0.234,0.298,0.374,0.672,2022,70,170,0,100,Healthy,0,NNL,Anaheim,American robin
Joe Lagares,RIC,SS,33,63,214,17,45,9,4,1,19,1,0,13,36,0,2,3,0.21,0.263,0.304,0.567,2022,61,172,0,100,Healthy,0,ACB,Richmond County,Bovid
Giovanny Thompson,HIA,2B,25,60,213,39,54,10,4,14,45,12,5,21,66,0,3,3,0.254,0.325,0.535,0.86,2022,78,162,0,100,Healthy,0,ACB,Hialeah,list
Edmundo Cole,CAN,OF,25,73,213,23,42,5,0,2,16,4,3,28,50,2,3,7,0.197,0.307,0.249,0.556,2022,77,178,0,100,Healthy,0,NNL,Canton,Donkey
Luis Siri,LAK,C,25,67,212,25,44,10,1,7,27,0,0,23,62,1,0,0,0.208,0.285,0.363,0.648,2022,67,168,0,100,Healthy,0,NNL,Lakewood,Bug
Matt Gray,GRA,OF,24,69,212,21,48,11,0,5,17,3,1,18,52,1,1,0,0.226,0.286,0.349,0.635,2022,66,164,0,100,Healthy,0,ACB,Grayslake,Whitefish
Matthew Kilian,VIC,SS,29,77,210,19,33,9,0,6,25,3,2,21,79,0,2,4,0.157,0.245,0.286,0.531,2022,58,181,0,100,Healthy,0,ACB,Victorville,Mastodon
Manny Bogaerts,TOR,2B,28,68,209,25,51,9,0,9,30,0,0,21,51,0,2,2,0.244,0.316,0.416,0.732,2022,74,160,0,100,Healthy,0,ACB,Torrance,Hare
Jake Velasquez,ROU,2B,26,59,209,19,52,7,0,0,7,3,1,14,27,2,0,3,0.249,0.305,0.282,0.587,2022,69,160,0,100,Healthy,0,ACB,Round Lake Beach,Bobcat
Zach Nola,CAN,3B,23,58,208,25,49,10,1,5,25,4,1,12,54,0,0,0,0.236,0.277,0.365,0.642,2022,61,159,0,100,Healthy,0,NNL,Canton,Donkey
Jean Stott,AKR,OF,32,63,206,28,47,8,0,7,22,6,1,14,61,0,0,1,0.228,0.281,0.369,0.65,2022,62,160,0,100,Healthy,0,NNL,Akron,Lungfish
Bligh Lewis,GIL,OF,32,74,205,35,55,14,1,13,39,4,0,30,86,0,2,2,0.268,0.364,0.537,0.901,2022,87,152,0,100,Healthy,0,NNL,Gilbert,Sawfish
Raimel Sanders,SAN,OF,29,83,205,26,36,5,0,11,28,5,1,25,60,0,1,3,0.176,0.274,0.361,0.635,2022,64,172,0,100,Healthy,0,NNL,Santa Rosa,Catfish
Charles Toglia,HON,OF,30,104,205,41,46,11,2,6,24,21,8,34,75,1,1,13,0.224,0.368,0.385,0.753,2022,93,172,0,100,Healthy,0,NNL,Honolulu,list
Craig Misiewicz,HIA,OF,25,65,204,21,34,10,2,5,16,4,1,30,67,0,2,2,0.167,0.277,0.309,0.586,2022,66,172,0,100,Healthy,0,ACB,Hialeah,list
Jake Garcia,ANA,OF,26,58,204,23,45,14,3,3,17,7,1,14,63,0,1,4,0.221,0.283,0.363,0.646,2022,63,163,0,100,Healthy,0,NNL,Anaheim,American robin
Packy Berrios,FAY,1B,32,53,202,17,46,4,0,9,21,0,0,16,69,0,2,4,0.228,0.295,0.381,0.676,2022,66,160,0,100,Healthy,0,ACB,Fayetteville,Fancy mouse
Shane Gonzalez,POM,OF,26,98,202,24,52,9,3,0,10,5,6,12,44,1,1,0,0.257,0.298,0.332,0.63,2022,64,150,0,100,Healthy,0,ACB,Pompano Beach,Owl
Isaac Stashak,GRA,OF,24,73,201,30,41,3,2,2,9,9,6,24,64,0,0,0,0.204,0.289,0.269,0.558,2022,65,160,0,100,Healthy,0,NNL,Grayslake,Whitefish
Yoshi Aranda,ROU,C,29,74,201,23,46,11,1,6,30,0,0,22,58,3,1,2,0.229,0.31,0.383,0.693,2022,70,157,0,100,Healthy,0,ACB,Round Lake Beach,Bobcat
Amed Garcia,COL,2B,28,90,199,29,42,7,3,2,15,12,2,21,63,3,2,1,0.211,0.287,0.307,0.594,2022,64,158,0,100,Healthy,0,ACB,Columbus,Domestic dromedary camel
Michael Bickford,MOR,3B,26,63,198,24,47,8,3,6,22,0,0,11,46,0,0,2,0.237,0.284,0.399,0.683,2022,60,153,0,100,Healthy,0,NNL,Moreno Valley,Quail
Alec Edwards,LOU,OF,28,83,197,21,41,8,0,3,16,2,3,12,26,3,3,1,0.208,0.254,0.294,0.548,2022,54,157,0,100,Healthy,0,NNL,Louisville,Swallow
Stone Naylor,LON,C,38,67,195,10,35,9,0,4,22,1,0,19,67,1,1,4,0.179,0.265,0.287,0.552,2022,58,164,0,100,Healthy,0,NNL,Long Beach,Horse
Garrett Quintana,CAN,DH,32,54,188,23,39,7,0,10,24,1,1,23,53,0,2,2,0.207,0.298,0.404,0.702,2022,64,151,0,100,Healthy,0,NNL,Canton,Donkey
Jake Quinn,KAN,OF,31,56,187,29,46,12,2,7,33,3,2,13,53,1,0,3,0.246,0.305,0.444,0.749,2022,62,144,0,100,Healthy,0,ACB,Kansas City,Goldfish
Drew Escobar,COL,C,27,62,187,19,38,4,1,6,16,0,0,13,44,2,1,2,0.203,0.261,0.332,0.593,2022,53,151,0,100,Healthy,0,ACB,Columbus,Domestic dromedary camel
Stephen Kinley,FAY,3B,31,53,186,15,52,13,0,3,19,3,1,5,21,1,1,3,0.28,0.308,0.398,0.706,2022,60,137,0,100,Healthy,0,ACB,Fayetteville,Fancy mouse
Devin Hoffman,RIC,OF,31,62,185,23,44,9,1,5,21,6,0,11,42,0,1,0,0.238,0.279,0.378,0.657,2022,55,141,0,100,Healthy,0,ACB,Richmond County,Bovid
Noah Garcia,ROU,OF,24,77,185,20,38,7,3,6,26,5,2,19,65,0,0,2,0.205,0.286,0.373,0.659,2022,59,149,0,100,Healthy,0,ACB,Round Lake Beach,Bobcat
Evan Hand,LAF,2B,34,86,184,20,34,7,0,6,18,3,0,14,54,3,2,4,0.185,0.255,0.321,0.576,2022,52,154,0,100,Healthy,0,NNL,Lafayette,Sockeye salmon
Joc Pham,AKR,OF,28,75,184,21,27,4,0,5,14,7,0,16,85,4,1,3,0.147,0.225,0.25,0.475,2022,46,160,0,100,Healthy,0,NNL,Akron,Lungfish
Alex Carrasco,POM,OF,24,52,182,31,43,8,1,6,16,0,0,44,34,0,0,1,0.236,0.388,0.39,0.778,2022,88,140,0,100,Healthy,0,ACB,Pompano Beach,Owl
Connor Effross,CHE,C,32,76,181,19,40,10,0,3,17,0,0,19,54,0,3,3,0.221,0.301,0.326,0.627,2022,62,144,0,100,Healthy,0,NNL,Chesapeake,Viper
David Cruz,AKR,OF,25,52,181,24,40,12,2,2,13,3,0,15,66,1,0,1,0.221,0.284,0.343,0.627,2022,56,142,0,100,Healthy,0,NNL,Akron,Lungfish
Cole Detmers,MON,3B,29,66,181,26,43,8,1,4,21,1,1,20,66,0,2,4,0.238,0.324,0.359,0.683,2022,67,142,0,100,Healthy,0,ACB,Montgomery,Earthworm
Ross Bello,PHO,SS,34,43,181,25,49,8,0,9,28,11,0,9,30,0,0,1,0.271,0.309,0.464,0.773,2022,59,133,0,100,Healthy,0,NNL,Phoenix,Water buffalo breeds
Michael Murphy,SIM,DH,34,60,180,17,43,14,0,2,14,0,0,11,30,0,3,1,0.239,0.282,0.35,0.632,2022,55,138,0,100,Healthy,0,ACB,Simi Valley,Dog
Jhonathan Gallo,GIL,C,33,62,179,31,38,6,0,8,26,2,1,27,37,2,1,3,0.212,0.324,0.38,0.704,2022,68,144,0,100,Healthy,0,NNL,Gilbert,Sawfish
Aaron Mendick,PHO,C,29,61,178,22,48,14,0,2,21,0,0,19,64,3,2,3,0.27,0.347,0.382,0.729,2022,70,133,0,100,Healthy,0,NNL,Phoenix,Water buffalo breeds
Vimael Bouchard,POM,1B,30,53,177,26,34,5,0,3,14,0,0,32,41,0,0,0,0.192,0.316,0.271,0.587,2022,66,143,0,100,Healthy,0,ACB,Pompano Beach,Owl
Luke Lopez,HON,OF,28,83,176,29,45,9,1,5,23,13,1,18,53,1,2,4,0.256,0.335,0.403,0.738,2022,67,135,0,100,Healthy,0,NNL,Honolulu,list
Nabil Hughes,COL,3B,24,53,176,21,41,15,1,6,20,0,0,8,60,0,0,1,0.233,0.27,0.432,0.702,2022,50,136,0,100,Healthy,0,ACB,Columbus,Domestic dromedary camel
Wander Odor,SAN,OF,28,66,176,20,31,8,3,3,17,4,1,23,64,0,1,1,0.176,0.274,0.307,0.581,2022,55,146,0,100,Healthy,0,NNL,Santa Rosa,Catfish
Joey Stephenson,MOR,1B,37,52,176,17,38,10,0,4,21,0,0,36,28,0,0,0,0.216,0.349,0.341,0.69,2022,74,138,0,100,Healthy,0,NNL,Moreno Valley,Quail
Owen Frazier,ROU,DH,27,48,175,19,41,8,2,5,19,0,1,16,53,0,1,1,0.234,0.301,0.389,0.69,2022,58,135,0,100,Healthy,0,ACB,Round Lake Beach,Bobcat
Sam Baez,MON,C,32,61,174,19,34,6,0,3,18,3,0,11,46,0,2,4,0.195,0.257,0.282,0.539,2022,49,144,0,100,Healthy,0,ACB,Montgomery,Earthworm
Taylor Sheffield,COL,OF,29,70,174,26,32,6,1,2,14,5,1,23,57,0,2,1,0.184,0.28,0.264,0.544,2022,56,143,0,100,Healthy,0,ACB,Columbus,Domestic dromedary camel
Dillon Walsh,MOR,2B,25,52,173,16,42,9,1,4,17,3,0,9,46,2,2,8,0.243,0.307,0.376,0.683,2022,59,139,0,100,Healthy,0,NNL,Moreno Valley,Quail
Gilberto Doval,GRA,2B,28,67,171,15,32,5,2,3,14,4,0,19,45,0,2,0,0.187,0.266,0.292,0.558,2022,51,139,0,100,Healthy,0,ACB,Grayslake,Whitefish
Max Rosario,SAN,SS,26,71,170,23,41,8,1,6,26,1,0,10,45,2,3,1,0.241,0.283,0.406,0.689,2022,52,130,0,100,Healthy,0,NNL,Santa Rosa,Catfish
Jason McMahon,CAN,OF,24,55,170,18,45,5,0,1,9,18,3,7,56,2,0,2,0.265,0.302,0.312,0.614,2022,54,127,0,100,Healthy,0,NNL,Canton,Donkey
Alex Anderson,GRA,1B,31,50,170,11,29,4,0,2,19,0,0,19,50,0,4,0,0.171,0.249,0.229,0.478,2022,48,141,0,100,Healthy,0,ACB,Grayslake,Whitefish
Zack Anderson,CAT,C,31,56,169,23,42,11,0,4,19,4,1,10,41,1,0,2,0.249,0.298,0.385,0.683,2022,54,129,0,100,Healthy,0,NNL,Cathedral City,Vole
Mickey Soto,CAT,C,38,70,168,18,27,4,1,7,23,1,0,17,46,0,4,2,0.161,0.241,0.321,0.562,2022,46,143,0,100,Healthy,0,NNL,Cathedral City,Vole
J.B. Irvin,POM,3B,30,46,168,25,40,9,0,8,28,0,1,9,42,0,2,4,0.238,0.29,0.435,0.725,2022,53,132,0,100,Healthy,0,ACB,Pompano Beach,Owl
Andres Holmes,PHO,3B,27,51,168,20,42,9,1,8,26,0,0,10,56,1,1,3,0.25,0.302,0.458,0.76,2022,55,129,0,100,Healthy,0,NNL,Phoenix,Water buffalo breeds
Ronald Moustakas,CAT,2B,38,50,167,14,30,5,0,3,16,1,0,15,39,0,2,0,0.18,0.245,0.263,0.508,2022,45,137,0,100,Healthy,0,NNL,Cathedral City,Vole
Charlie Barnes,AKR,OF,27,56,166,35,40,9,0,4,14,8,1,11,60,0,0,1,0.241,0.292,0.367,0.659,2022,52,127,0,100,Healthy,0,NNL,Akron,Lungfish
Triston Yelich,KAN,C,26,50,166,24,53,9,0,6,35,1,0,12,47,0,2,3,0.319,0.372,0.482,0.854,2022,68,116,0,100,Healthy,0,ACB,Kansas City,Goldfish
Rowdy Lee,JOL,3B,32,47,166,15,38,10,0,5,24,2,0,23,35,0,2,2,0.229,0.326,0.38,0.706,2022,63,130,0,100,Healthy,0,NNL,Joliet,Ocelot
Jose Wright,LOU,1B,31,51,165,17,29,7,0,8,22,0,0,18,49,0,2,1,0.176,0.258,0.364,0.622,2022,48,137,0,100,Healthy,0,NNL,Louisville,Swallow
Merrill Pineda,KAN,SS,25,48,165,13,25,3,0,2,10,4,1,9,76,0,0,0,0.152,0.195,0.206,0.401,2022,34,140,0,100,Healthy,0,ACB,Kansas City,Goldfish
Jose Sulser,LAK,OF,30,54,164,17,35,7,3,5,20,2,0,11,49,0,2,0,0.213,0.26,0.384,0.644,2022,46,129,0,100,Healthy,0,NNL,Lakewood,Bug
Lars Stefanic,HON,OF,23,54,163,20,23,5,1,7,17,5,2,16,61,0,1,1,0.141,0.221,0.313,0.534,2022,40,141,0,100,Healthy,0,NNL,Honolulu,list
Lourdes Castro,SIM,C,32,66,162,14,42,7,0,3,21,0,0,10,38,1,1,3,0.259,0.313,0.358,0.671,2022,55,123,0,100,Healthy,0,ACB,Simi Valley,Dog
Eugenio Whitlock,CAT,2B,27,58,162,17,33,4,0,1,6,1,0,19,32,1,1,4,0.204,0.301,0.247,0.548,2022,56,133,0,100,Healthy,0,NNL,Cathedral City,Vole
Pete Upton,MOR,OF,27,53,161,24,46,8,0,4,15,2,3,10,36,0,1,2,0.286,0.333,0.41,0.743,2022,58,117,0,100,Healthy,0,NNL,Moreno Valley,Quail
Stone McGuire,AKR,OF,35,47,161,10,41,11,1,0,18,0,1,14,40,0,3,2,0.255,0.317,0.335,0.652,2022,57,122,0,100,Healthy,0,NNL,Akron,Lungfish
Hunter Bumgarner,HIA,1B,26,58,160,12,27,4,0,5,11,1,0,11,54,0,2,1,0.169,0.224,0.288,0.512,2022,39,134,0,100,Healthy,0,ACB,Hialeah,list
Hoy Baty,COL,OF,31,42,160,28,49,12,0,5,14,0,0,17,27,0,2,2,0.306,0.376,0.475,0.851,2022,68,113,0,100,Healthy,0,ACB,Columbus,Domestic dromedary camel
John Grossman,LAK,OF,26,51,160,22,37,13,0,5,18,0,0,18,57,0,2,0,0.231,0.306,0.406,0.712,2022,55,123,0,100,Healthy,0,NNL,Lakewood,Bug
Kyle Brazoban,GRA,OF,23,49,160,18,33,6,2,2,13,2,1,10,44,5,1,1,0.206,0.256,0.306,0.562,2022,44,128,0,100,Healthy,0,ACB,Grayslake,Whitefish
Derek Skubal,FAY,SS,22,44,159,17,41,7,2,0,10,6,2,1,23,0,0,3,0.258,0.276,0.327,0.603,2022,45,121,0,100,Healthy,0,ACB,Fayetteville,Fancy mouse
Miguel Adames,POM,OF,27,55,159,16,42,8,0,2,18,0,0,10,40,0,0,2,0.264,0.316,0.352,0.668,2022,54,119,0,100,Healthy,0,ACB,Pompano Beach,Owl
Reid Weaver,MOR,1B,24,49,158,18,29,9,1,7,20,0,0,19,66,1,3,1,0.184,0.271,0.386,0.657,2022,49,130,0,100,Healthy,0,NNL,Moreno Valley,Quail
Chase Diaz,LON,3B,25,58,157,17,31,4,0,2,16,0,0,20,46,0,3,4,0.197,0.299,0.261,0.56,2022,55,130,0,100,Healthy,0,NNL,Long Beach,Horse
Jackie Williams,ANA,C,32,61,157,15,34,8,0,1,12,0,0,14,28,1,1,2,0.217,0.287,0.287,0.574,2022,50,125,0,100,Healthy,0,NNL,Anaheim,American robin
Justin Hand,GIL,2B,30,73,156,13,38,9,2,2,15,0,1,3,25,0,0,0,0.244,0.258,0.365,0.623,2022,41,118,0,100,Healthy,0,NNL,Gilbert,Sawfish
Trevor Waldichuk,LON,OF,26,105,156,23,37,10,0,2,11,2,1,11,55,2,1,2,0.237,0.294,0.34,0.634,2022,50,121,0,100,Healthy,0,NNL,Long Beach,Horse
Darin Trevino,HIA,3B,26,48,156,18,41,10,0,4,11,4,2,12,53,0,0,1,0.263,0.32,0.404,0.724,2022,54,116,0,100,Healthy,0,ACB,Hialeah,list
Mike Yepez,SIM,3B,26,52,156,21,36,6,1,9,24,0,1,18,58,0,1,6,0.231,0.331,0.455,0.786,2022,60,126,0,100,Healthy,0,ACB,Simi Valley,Dog
Dany Vargas,ROU,2B,27,47,155,17,32,6,3,4,12,7,0,13,48,2,0,1,0.206,0.272,0.361,0.633,2022,46,124,0,100,Healthy,0,ACB,Round Lake Beach,Bobcat
Jimmy Encarnacion,GRA,C,28,57,155,17,33,6,0,1,11,0,2,9,50,1,0,2,0.213,0.265,0.271,0.536,2022,44,124,0,100,Healthy,0,ACB,Grayslake,Whitefish
Zack Brebbia,LAF,OF,24,44,154,21,38,8,1,6,19,3,2,15,44,1,1,0,0.247,0.312,0.429,0.741,2022,53,116,0,100,Healthy,0,NNL,Lafayette,Sockeye salmon
Fernando Robertson,ANA,OF,32,57,153,25,47,11,0,6,21,1,1,15,46,0,3,6,0.307,0.384,0.497,0.881,2022,68,112,0,100,Healthy,0,NNL,Anaheim,American robin
Carlos Castillo,ROU,3B,31,46,153,19,34,6,2,2,15,6,0,11,42,0,2,0,0.222,0.271,0.327,0.598,2022,45,119,0,100,Healthy,0,ACB,Round Lake Beach,Bobcat
Vimael Pham,RIC,2B,29,52,152,8,36,3,0,3,15,0,0,13,37,1,0,0,0.237,0.297,0.316,0.613,2022,49,116,0,100,Healthy,0,ACB,Richmond County,Bovid
Matt Lopez,HON,C,26,57,151,13,34,2,0,3,15,0,0,12,50,0,2,1,0.225,0.283,0.298,0.581,2022,47,118,0,100,Healthy,0,NNL,Honolulu,list
Stephen Kelly,PHO,C,28,53,151,12,34,9,0,0,10,0,0,6,33,5,2,2,0.225,0.261,0.285,0.546,2022,42,119,0,100,Healthy,0,NNL,Phoenix,Water buffalo breeds
Jesus Jax,LOU,OF,26,52,150,13,34,6,2,1,15,2,1,7,54,0,1,2,0.227,0.269,0.313,0.582,2022,43,118,0,100,Healthy,0,NNL,Louisville,Swallow
Jake Patino,LAK,OF,31,66,150,23,35,3,0,9,18,0,0,8,48,0,1,3,0.233,0.284,0.433,0.717,2022,46,118,0,100,Healthy,0,NNL,Lakewood,Bug
Cody Burleson,AKR,C,31,45,149,16,38,6,0,7,15,1,0,2,39,0,0,0,0.255,0.265,0.436,0.701,2022,40,111,0,100,Healthy,0,NNL,Akron,Lungfish
Ryne Engel,MON,DH,30,55,149,18,38,9,0,6,25,0,0,33,47,0,0,1,0.255,0.393,0.436,0.829,2022,72,112,0,100,Healthy,0,ACB,Montgomery,Earthworm
Graham Smith,AKR,2B,25,52,147,13,24,5,0,3,16,5,5,12,37,0,2,1,0.163,0.228,0.259,0.487,2022,37,124,0,100,Healthy,0,NNL,Akron,Lungfish
Luis Gonsolin,JOL,3B,28,67,147,22,32,5,0,1,8,8,5,10,33,5,0,1,0.218,0.272,0.272,0.544,2022,43,116,0,100,Healthy,0,NNL,Joliet,Ocelot
Eduardo Liberatore,CHE,2B,27,64,145,18,29,3,0,0,6,0,1,11,24,2,1,2,0.2,0.264,0.221,0.485,2022,42,118,0,100,Healthy,0,NNL,Chesapeake,Viper
Gavin Keller,KAN,2B,26,61,145,15,38,5,1,1,10,3,1,9,21,0,0,2,0.262,0.314,0.331,0.645,2022,49,109,0,100,Healthy,0,ACB,Kansas City,Goldfish
Sean Ottavino,COL,OF,37,43,145,17,26,5,0,1,9,2,2,8,36,0,1,2,0.179,0.231,0.234,0.465,2022,36,121,0,100,Healthy,0,ACB,Columbus,Domestic dromedary camel
Casey Ahmed,LAK,OF,25,45,144,14,36,7,0,3,21,0,0,5,36,0,2,4,0.25,0.29,0.361,0.651,2022,45,112,0,100,Healthy,0,NNL,Lakewood,Bug
Gunnar Aquino,FAY,C,26,48,142,14,25,4,0,5,10,0,1,12,46,0,0,1,0.176,0.245,0.31,0.555,2022,38,118,0,100,Healthy,0,ACB,Fayetteville,Fancy mouse
Jack DeJong,GRA,C,31,52,142,14,30,6,0,0,8,1,0,8,13,3,0,5,0.211,0.277,0.254,0.531,2022,43,117,0,100,Healthy,0,ACB,Grayslake,Whitefish
Jake Perez,CAT,DH,25,40,142,14,31,10,1,6,22,0,0,9,53,0,2,0,0.218,0.261,0.43,0.691,2022,40,111,0,100,Healthy,0,NNL,Cathedral City,Vole
Whit Snead,COL,3B,29,70,141,15,36,5,0,6,23,2,0,14,48,0,0,5,0.255,0.344,0.418,0.762,2022,55,110,0,100,Healthy,0,ACB,Columbus,Domestic dromedary camel
Cody Guillorme,TOR,2B,22,41,141,24,41,6,0,5,18,5,2,11,34,0,1,3,0.291,0.353,0.44,0.793,2022,55,103,0,100,Healthy,0,ACB,Torrance,Hare
Luis Astudillo,JOL,C,39,51,139,10,25,4,0,4,15,0,0,15,29,1,2,2,0.18,0.266,0.295,0.561,2022,42,116,0,100,Healthy,0,NNL,Joliet,Ocelot
Hunter Alvarado,CAT,3B,26,47,139,9,25,9,1,2,13,4,0,7,42,3,2,0,0.18,0.216,0.302,0.518,2022,32,114,0,100,Healthy,0,NNL,Cathedral City,Vole
Luis Mahle,TOR,OF,33,46,138,16,30,6,0,5,22,3,1,18,39,0,1,0,0.217,0.306,0.37,0.676,2022,48,108,0,100,Healthy,0,ACB,Torrance,Hare
Luke Marte,SIM,3B,29,49,137,20,36,8,0,8,14,0,0,19,56,0,0,2,0.263,0.361,0.496,0.857,2022,57,103,0,100,Healthy,0,ACB,Simi Valley,Dog
Alex Staumont,ROU,OF,33,48,137,15,28,5,1,1,10,1,0,11,32,0,0,3,0.204,0.278,0.277,0.555,2022,42,112,0,100,Healthy,0,ACB,Round Lake Beach,Bobcat
J.D. Montero,RIC,DH,27,42,136,19,34,8,1,9,16,0,0,5,44,0,0,1,0.25,0.282,0.522,0.804,2022,40,103,0,100,Healthy,0,ACB,Richmond County,Bovid
Rafael Suzuki,LOU,OF,27,48,135,18,24,4,2,3,10,6,1,9,48,0,1,2,0.178,0.238,0.304,0.542,2022,35,113,0,100,Healthy,0,NNL,Louisville,Swallow
Trea Boyd,MOR,1B,29,67,134,14,32,6,1,1,16,0,0,8,35,0,1,2,0.239,0.29,0.321,0.611,2022,42,104,0,100,Healthy,0,NNL,Moreno Valley,Quail
Mauricio Contreras,MON,1B,27,58,134,11,26,10,1,0,17,0,0,12,37,0,2,4,0.194,0.276,0.284,0.56,2022,42,112,0,100,Healthy,0,ACB,Montgomery,Earthworm
Ashton Freeman,RIC,OF,25,41,132,15,38,9,2,3,15,2,2,6,41,0,0,0,0.288,0.319,0.455,0.774,2022,44,94,0,100,Healthy,0,ACB,Richmond County,Bovid
Nick Kuhnel,SAN,3B,26,39,132,22,30,8,0,6,18,1,2,12,37,0,1,3,0.227,0.304,0.424,0.728,2022,45,105,0,100,Healthy,0,NNL,Santa Rosa,Catfish
Antonio Swarmer,GRA,OF,27,36,128,9,32,6,2,0,11,0,1,16,17,0,0,3,0.25,0.347,0.328,0.675,2022,51,99,0,100,Healthy,0,NNL,Grayslake,Whitefish
Ian Rodon,LAF,DH,37,47,128,28,39,9,0,15,37,0,0,19,35,1,1,5,0.305,0.412,0.727,1.139,2022,63,94,0,100,Healthy,0,NNL,Lafayette,Sockeye salmon
Dallas Smith,CAT,OF,32,42,126,12,24,4,0,5,14,2,0,9,48,0,2,2,0.19,0.252,0.341,0.593,2022,35,104,0,100,Healthy,0,NNL,Cathedral City,Vole
Rene Hutchison,POM,SS,22,46,125,16,29,5,0,2,11,1,2,4,27,2,2,6,0.232,0.285,0.32,0.605,2022,39,102,0,100,Healthy,0,ACB,Pompano Beach,Owl
Colin Givens,FAY,SS,36,42,124,12,27,4,2,0,8,1,1,5,32,0,0,2,0.218,0.26,0.282,0.542,2022,34,99,0,100,Healthy,0,ACB,Fayetteville,Fancy mouse
Josh Castillo,MON,OF,31,49,123,18,25,7,2,4,13,1,0,6,40,0,0,1,0.203,0.246,0.39,0.636,2022,32,99,0,100,Healthy,0,ACB,Montgomery,Earthworm
Josh Bradish,VIC,SS,27,53,122,17,23,4,3,0,8,3,1,4,38,0,0,5,0.189,0.244,0.27,0.514,2022,32,104,0,100,Healthy,0,ACB,Victorville,Mastodon
Julio Bader,TEM,2B,34,44,121,19,34,5,0,5,16,1,2,8,24,0,1,0,0.281,0.323,0.446,0.769,2022,42,87,0,100,Healthy,0,NNL,Tempe,Mockingbird
Andrew Solak,CAN,C,25,44,121,9,29,4,0,4,10,1,0,11,42,0,0,0,0.24,0.303,0.372,0.675,2022,40,92,0,100,Healthy,0,NNL,Canton,Donkey
Scott Pinder,CHE,OF,28,54,120,17,25,6,1,4,16,2,2,5,28,0,1,1,0.208,0.244,0.375,0.619,2022,31,96,0,100,Healthy,0,NNL,Chesapeake,Viper
Bubba Espinal,CAN,2B,30,40,119,13,26,4,0,1,9,3,0,9,21,0,0,0,0.218,0.273,0.277,0.55,2022,35,93,0,100,Healthy,0,NNL,Canton,Donkey
Zack Jones,GRA,OF,30,46,118,17,22,4,0,2,8,8,2,10,42,3,1,2,0.186,0.26,0.271,0.531,2022,34,98,0,100,Healthy,0,ACB,Grayslake,Whitefish
Tommy Ragans,COL,SS,26,35,118,15,32,6,0,4,17,1,2,5,31,0,0,2,0.271,0.312,0.424,0.736,2022,39,88,0,100,Healthy,0,ACB,Columbus,Domestic dromedary camel
Seby Muller,GRA,3B,26,57,117,13,17,4,0,5,17,1,0,8,33,0,2,0,0.145,0.197,0.308,0.505,2022,25,100,0,100,Healthy,0,NNL,Grayslake,Whitefish
Casey Paddack,GIL,OF,29,44,117,16,19,4,1,7,23,1,0,16,57,0,1,3,0.162,0.277,0.393,0.67,2022,38,101,0,100,Healthy,0,NNL,Gilbert,Sawfish
Dylan Gibson,CAT,1B,25,39,116,13,24,6,0,5,20,0,0,8,55,0,0,1,0.207,0.264,0.388,0.652,2022,33,93,0,100,Healthy,0,NNL,Cathedral City,Vole
Cooper Arauz,ROU,2B,30,41,116,15,30,8,0,4,12,1,0,6,45,0,1,4,0.259,0.315,0.431,0.746,2022,40,90,0,100,Healthy,0,ACB,Round Lake Beach,Bobcat
Yu Gilbert,LON,3B,21,34,116,12,30,7,1,4,18,1,1,16,34,0,0,0,0.259,0.348,0.44,0.788,2022,46,86,0,100,Healthy,0,NNL,Long Beach,Horse
Davis Wainwright,HIA,OF,26,71,115,20,27,4,1,1,3,11,4,9,40,0,0,0,0.235,0.29,0.313,0.603,2022,36,88,0,100,Healthy,0,ACB,Hialeah,list
Will Alonso,AKR,C,32,36,115,7,17,3,0,5,16,0,0,6,46,0,1,1,0.148,0.195,0.304,0.499,2022,24,99,0,100,Healthy,0,NNL,Akron,Lungfish
Rowdy Hader,CAN,3B,34,70,115,19,29,6,0,2,12,2,3,5,31,4,0,0,0.252,0.283,0.357,0.64,2022,34,86,0,100,Healthy,0,NNL,Canton,Donkey
Luis LeMahieu,LAF,OF,28,33,114,14,29,9,1,2,12,4,1,13,25,1,2,1,0.254,0.331,0.404,0.735,2022,43,86,0,100,Healthy,0,NNL,Lafayette,Sockeye salmon
Scott Brosseau,GRA,OF,27,39,113,10,20,7,0,1,7,2,1,10,31,0,0,0,0.177,0.244,0.265,0.509,2022,30,93,0,100,Healthy,0,ACB,Grayslake,Whitefish
Reiver Adam,CHE,OF,25,54,112,7,26,6,0,0,10,2,0,9,20,0,1,1,0.232,0.293,0.286,0.579,2022,36,87,0,100,Healthy,0,NNL,Chesapeake,Viper
Jesus Sanchez,SAN,DH,26,38,111,4,21,3,0,1,9,0,0,11,31,0,1,3,0.189,0.278,0.243,0.521,2022,35,93,0,100,Healthy,0,NNL,Santa Rosa,Catfish
Dinelson Rodriguez,COL,OF,24,31,111,10,24,8,2,2,12,1,1,9,44,0,0,0,0.216,0.275,0.378,0.653,2022,33,87,0,100,Healthy,0,ACB,Columbus,Domestic dromedary camel
Stuart Overton,SAN,C,26,47,111,9,21,2,0,0,5,0,0,9,34,4,0,0,0.189,0.25,0.207,0.457,2022,30,90,0,100,Healthy,0,NNL,Santa Rosa,Catfish
Yadier Megill,KAN,1B,30,42,109,11,23,3,0,5,23,0,0,16,30,0,3,0,0.211,0.305,0.376,0.681,2022,39,86,0,100,Healthy,0,ACB,Kansas City,Goldfish
Taylor Barrera,KAN,C,30,47,108,6,23,2,0,1,4,0,1,3,34,2,0,2,0.213,0.248,0.259,0.507,2022,28,87,0,100,Healthy,0,ACB,Kansas City,Goldfish
Dallas O'Neill,SIM,C,34,41,108,13,25,3,0,4,14,0,0,15,36,0,2,1,0.231,0.325,0.37,0.695,2022,41,84,0,100,Healthy,0,ACB,Simi Valley,Dog
Brock Downs,GRA,C,30,39,107,8,16,0,0,6,11,1,0,8,26,1,0,0,0.15,0.209,0.318,0.527,2022,24,91,0,100,Healthy,0,ACB,Grayslake,Whitefish
Triston Diaz,RIC,C,29,50,106,19,28,4,1,5,16,2,0,14,30,1,0,0,0.264,0.35,0.462,0.812,2022,42,78,0,100,Healthy,0,ACB,Richmond County,Bovid
Scott Misiewicz,CAT,OF,29,42,106,10,21,2,0,4,13,5,0,7,30,0,1,2,0.198,0.259,0.33,0.589,2022,30,87,0,100,Healthy,0,NNL,Cathedral City,Vole
Eddie Moniak,MOR,OF,26,44,106,16,28,4,3,1,12,11,1,10,30,1,3,2,0.264,0.331,0.387,0.718,2022,40,80,0,100,Healthy,0,NNL,Moreno Valley,Quail
Greg Acuna,PHO,2B,26,32,105,15,25,4,1,2,11,0,1,2,39,0,1,1,0.238,0.257,0.352,0.609,2022,28,81,0,100,Healthy,0,NNL,Phoenix,Water buffalo breeds
Adam Cano,CAN,OF,28,47,105,16,21,2,0,3,10,12,1,11,41,0,1,0,0.2,0.274,0.305,0.579,2022,32,84,0,100,Healthy,0,NNL,Canton,Donkey
Daniel Vaughn,SAN,OF,22,32,104,13,27,9,2,4,14,2,1,8,31,0,0,3,0.26,0.33,0.5,0.83,2022,38,80,0,100,Healthy,0,NNL,Santa Rosa,Catfish
Maikel Brosseau,LOU,C,32,35,104,8,26,3,0,1,10,0,2,4,18,0,0,0,0.25,0.278,0.308,0.586,2022,30,78,0,100,Healthy,0,NNL,Louisville,Swallow
Mike Brogdon,GRA,OF,25,31,103,16,26,4,1,6,10,0,0,6,32,0,1,3,0.252,0.31,0.485,0.795,2022,35,80,0,100,Healthy,0,NNL,Grayslake,Whitefish
Aaron Law,HON,OF,25,43,102,15,20,9,0,4,10,2,1,13,33,1,1,0,0.196,0.284,0.402,0.686,2022,33,82,0,100,Healthy,0,NNL,Honolulu,list
Sergio Call,FAY,OF,28,35,102,16,25,3,1,5,13,3,3,11,26,0,0,2,0.245,0.33,0.441,0.771,2022,38,79,0,100,Healthy,0,ACB,Fayetteville,Fancy mouse
Zach Richards,SIM,3B,29,36,98,14,26,6,1,4,12,1,1,10,29,0,1,2,0.265,0.342,0.469,0.811,2022,38,74,0,100,Healthy,0,ACB,Simi Valley,Dog
Jared Vavra,ANA,C,28,36,98,13,33,5,1,3,12,1,0,6,23,1,1,1,0.337,0.377,0.5,0.877,2022,40,66,0,100,Healthy,0,NNL,Anaheim,American robin
Andrew Bielak,CAN,3B,25,26,98,9,20,4,1,5,14,2,0,4,39,0,0,0,0.204,0.235,0.418,0.653,2022,24,78,0,100,Healthy,0,NNL,Canton,Donkey
Thairo Benintendi,PHO,SS,29,31,97,22,28,4,1,3,15,1,0,7,23,1,0,1,0.289,0.343,0.443,0.786,2022,36,70,0,100,Healthy,0,NNL,Phoenix,Water buffalo breeds
Mason Blackmon,AKR,3B,27,36,96,11,25,3,0,3,12,0,0,7,27,0,2,0,0.26,0.305,0.385,0.69,2022,32,71,0,100,Healthy,0,NNL,Akron,Lungfish
Steven Bogaerts,MOR,OF,24,32,96,14,23,6,1,5,18,0,0,12,40,0,0,0,0.24,0.324,0.479,0.803,2022,35,73,0,100,Healthy,0,NNL,Moreno Valley,Quail
Erasmo Harper,LAF,OF,28,27,96,9,22,2,0,1,8,4,0,3,22,0,1,0,0.229,0.25,0.281,0.531,2022,25,74,0,100,Healthy,0,NNL,Lafayette,Sockeye salmon
Bryce Heim,KAN,C,34,37,95,8,14,2,0,3,9,0,0,2,36,1,0,1,0.147,0.173,0.263,0.436,2022,17,82,0,100,Healthy,0,ACB,Kansas City,Goldfish
Miguel Hembree,KAN,3B,25,28,95,12,20,5,0,2,8,0,1,11,26,0,0,2,0.211,0.306,0.326,0.632,2022,33,77,0,100,Healthy,0,ACB,Kansas City,Goldfish
Anthony Cano,HIA,OF,26,32,92,8,19,4,0,4,11,1,0,8,35,0,0,2,0.207,0.284,0.38,0.664,2022,29,75,0,100,Healthy,0,ACB,Hialeah,list
Isaac Bautista,LON,OF,25,34,91,11,23,4,1,3,11,0,0,5,29,0,0,2,0.253,0.306,0.418,0.724,2022,30,70,0,100,Healthy,0,NNL,Long Beach,Horse
Hunter Mondesi,JOL,OF,27,45,91,7,15,1,3,0,5,6,1,4,25,1,0,0,0.165,0.2,0.242,0.442,2022,19,76,0,100,Healthy,0,NNL,Joliet,Ocelot
Tony Alzolay,JOL,1B,30,28,91,8,21,4,0,3,5,0,0,8,26,0,0,0,0.231,0.293,0.374,0.667,2022,29,70,0,100,Healthy,0,NNL,Joliet,Ocelot
Willson Bazardo,TOR,OF,28,26,89,9,19,2,0,3,6,0,0,6,32,0,1,0,0.213,0.26,0.337,0.597,2022,25,70,0,100,Healthy,0,ACB,Torrance,Hare
Brett Knizner,TEM,OF,30,100,89,14,9,4,0,2,5,3,2,5,41,1,0,6,0.101,0.2,0.213,0.413,2022,20,86,0,100,Healthy,0,NNL,Tempe,Mockingbird
Andrew Davis,LON,2B,25,40,89,14,23,2,1,1,12,0,1,12,19,0,2,0,0.258,0.34,0.337,0.677,2022,35,66,0,100,Healthy,0,NNL,Long Beach,Horse
Zach McCormick,KAN,OF,27,38,86,13,24,4,1,5,6,0,2,8,29,0,0,5,0.279,0.374,0.523,0.897,2022,37,67,0,100,Healthy,0,ACB,Kansas City,Goldfish
Jordan Strickland,GIL,1B,28,27,86,12,21,1,0,7,17,0,1,5,36,0,0,1,0.244,0.293,0.5,0.793,2022,27,66,0,100,Healthy,0,NNL,Gilbert,Sawfish
Seiya Effross,CHE,OF,24,28,86,10,21,5,0,2,13,0,0,8,31,0,0,0,0.244,0.309,0.372,0.681,2022,29,65,0,100,Healthy,0,NNL,Chesapeake,Viper
Daulton Joe,FAY,OF,33,31,84,5,15,2,0,0,7,1,0,8,22,0,1,1,0.179,0.255,0.202,0.457,2022,24,70,0,100,Healthy,0,ACB,Fayetteville,Fancy mouse
Anthony Baty,GRA,OF,27,31,83,8,19,2,0,1,3,3,0,5,28,3,1,0,0.229,0.27,0.289,0.559,2022,24,64,0,100,Healthy,0,NNL,Grayslake,Whitefish
Reid Lowe,SAN,3B,24,30,83,10,18,2,2,1,12,0,0,8,23,0,2,1,0.217,0.287,0.325,0.612,2022,27,66,0,100,Healthy,0,NNL,Santa Rosa,Catfish
David Cabrera,CAN,OF,28,35,82,14,17,1,0,3,4,3,2,7,19,1,0,5,0.207,0.309,0.329,0.638,2022,29,70,0,100,Healthy,0,NNL,Canton,Donkey
Danny Gibaut,KAN,C,27,34,82,6,13,1,0,1,4,0,0,9,22,2,0,0,0.159,0.242,0.207,0.449,2022,22,69,0,100,Healthy,0,ACB,Kansas City,Goldfish
Johan Hall,AKR,C,26,25,80,5,17,3,0,2,10,0,0,2,35,0,0,1,0.213,0.241,0.325,0.566,2022,20,64,0,100,Healthy,0,NNL,Akron,Lungfish
Jordan Culberson,AKR,2B,24,32,78,10,15,4,0,2,6,0,0,8,23,0,0,1,0.192,0.276,0.321,0.597,2022,24,64,0,100,Healthy,0,NNL,Akron,Lungfish
Michael Civale,LOU,C,35,34,78,6,9,2,0,1,3,1,0,8,40,0,1,1,0.115,0.205,0.179,0.384,2022,18,70,0,100,Healthy,0,NNL,Louisville,Swallow
Jose Naylor,HIA,OF,25,23,77,7,14,3,0,3,14,2,0,3,32,0,1,0,0.182,0.21,0.338,0.548,2022,17,63,0,100,Healthy,0,ACB,Hialeah,list
Elvin Crismatt,CAT,OF,27,32,77,3,18,5,0,1,7,3,0,6,17,0,1,1,0.234,0.294,0.338,0.632,2022,25,60,0,100,Healthy,0,NNL,Cathedral City,Vole
Sam Phillips,CHE,3B,23,24,77,9,19,3,0,0,3,1,0,4,11,0,1,4,0.247,0.314,0.286,0.6,2022,27,62,0,100,Healthy,0,NNL,Chesapeake,Viper
Andrew McKenzie,GRA,OF,32,31,77,9,18,6,0,2,6,2,1,4,24,1,0,0,0.234,0.272,0.39,0.662,2022,22,59,0,100,Healthy,0,ACB,Grayslake,Whitefish
Jarren Pepiot,TOR,OF,32,74,76,12,12,3,1,3,8,0,0,6,32,0,0,0,0.158,0.22,0.342,0.562,2022,18,64,0,100,Healthy,0,ACB,Torrance,Hare
Justin Cabrera,SAN,OF,27,27,76,13,21,8,0,4,10,3,1,3,27,0,1,1,0.276,0.309,0.539,0.848,2022,25,56,0,100,Healthy,0,NNL,Santa Rosa,Catfish
Max Fraley,SIM,SS,28,24,76,8,12,8,0,1,8,0,0,1,16,0,0,1,0.158,0.179,0.303,0.482,2022,14,65,0,100,Healthy,0,ACB,Simi Valley,Dog
Alex Chapman,COL,OF,30,37,76,9,17,1,0,0,4,7,1,14,26,1,0,0,0.224,0.344,0.237,0.581,2022,31,59,0,100,Healthy,0,ACB,Columbus,Domestic dromedary camel
Cristopher Gallo,ANA,1B,23,27,76,11,15,1,0,5,12,1,0,19,23,0,0,0,0.197,0.358,0.408,0.766,2022,34,61,0,100,Healthy,0,NNL,Anaheim,American robin
Erick Peralta,ROU,SS,33,35,75,8,13,1,0,0,7,4,0,7,13,3,0,0,0.173,0.244,0.187,0.431,2022,20,62,0,100,Healthy,0,ACB,Round Lake Beach,Bobcat
Kevin Flaherty,COL,OF,26,27,74,9,22,6,0,3,11,0,0,21,25,0,1,1,0.297,0.454,0.5,0.954,2022,44,53,0,100,Healthy,0,ACB,Columbus,Domestic dromedary camel
Tanner Dubon,TEM,OF,32,40,73,9,13,4,0,1,9,0,0,7,19,0,0,0,0.178,0.25,0.274,0.524,2022,20,60,0,100,Healthy,0,NNL,Tempe,Mockingbird
Luke Rosario,GRA,SS,25,26,73,8,13,1,0,1,6,0,1,6,22,2,2,1,0.178,0.244,0.233,0.477,2022,20,61,0,100,Healthy,0,NNL,Grayslake,Whitefish
Jose Jankowski,SIM,DH,30,31,73,9,17,5,0,1,8,0,0,9,17,0,0,1,0.233,0.325,0.342,0.667,2022,27,57,0,100,Healthy,0,ACB,Simi Valley,Dog
Hunter Lopez,RIC,OF,26,35,72,13,18,2,1,5,17,0,0,10,29,0,2,1,0.25,0.341,0.514,0.855,2022,29,55,0,100,Healthy,0,ACB,Richmond County,Bovid
Didi Ortega,TEM,C,28,26,72,7,14,4,0,4,10,0,0,6,31,0,0,1,0.194,0.266,0.417,0.683,2022,21,59,0,100,Healthy,0,NNL,Tempe,Mockingbird
Joc Thornton,LAK,SS,26,30,70,8,10,0,0,2,6,0,0,4,27,1,2,0,0.143,0.184,0.229,0.413,2022,14,60,0,100,Healthy,0,NNL,Lakewood,Bug
Jose Shaw,JOL,3B,32,23,70,8,13,1,1,1,6,1,0,3,17,0,0,1,0.186,0.23,0.271,0.501,2022,17,58,0,100,Healthy,0,NNL,Joliet,Ocelot
Mark Plawecki,TEM,C,23,25,69,10,22,1,0,1,7,0,0,4,8,0,0,0,0.319,0.356,0.377,0.733,2022,26,47,0,100,Healthy,0,NNL,Tempe,Mockingbird
Jake Yelich,JOL,C,27,29,69,9,15,1,0,2,8,1,0,11,24,0,1,0,0.217,0.321,0.319,0.64,2022,26,54,0,100,Healthy,0,NNL,Joliet,Ocelot
Eric Bradish,MON,C,29,24,68,4,13,4,0,1,6,0,0,2,9,2,0,0,0.191,0.214,0.294,0.508,2022,15,55,0,100,Healthy,0,ACB,Montgomery,Earthworm
Aledmys Strickland,LOU,DH,27,32,67,7,14,2,0,2,5,1,0,2,25,0,0,2,0.209,0.254,0.328,0.582,2022,18,55,0,100,Healthy,0,NNL,Louisville,Swallow
Michael Mendick,GIL,OF,32,25,67,10,16,5,1,2,4,0,1,8,24,0,0,2,0.239,0.338,0.433,0.771,2022,26,53,0,100,Healthy,0,NNL,Gilbert,Sawfish
Yoan Gutierrez,MON,OF,36,29,66,6,10,3,0,0,7,0,0,5,20,0,2,1,0.152,0.216,0.197,0.413,2022,16,57,0,100,Healthy,0,ACB,Montgomery,Earthworm
Cody Anderson,CAN,DH,28,24,65,11,18,3,0,5,16,2,0,9,26,0,0,0,0.277,0.365,0.554,0.919,2022,27,47,0,100,Healthy,0,NNL,Canton,Donkey
Miguel Thompson,GRA,OF,26,21,64,6,14,3,1,1,8,2,0,5,20,0,0,1,0.219,0.286,0.344,0.63,2022,20,51,0,100,Healthy,0,NNL,Grayslake,Whitefish
Yandy Martinez,CAN,C,26,26,63,10,10,1,0,2,5,0,0,11,29,0,1,0,0.159,0.28,0.27,0.55,2022,21,53,0,100,Healthy,0,NNL,Canton,Donkey
Matt Lauer,GRA,OF,26,18,63,3,11,1,1,0,2,1,0,0,25,0,0,0,0.175,0.175,0.222,0.397,2022,11,52,0,100,Healthy,0,ACB,Grayslake,Whitefish
Cole Lyles,COL,OF,24,28,61,9,19,3,0,2,9,8,0,6,28,1,0,0,0.311,0.373,0.459,0.832,2022,25,42,0,100,Healthy,0,ACB,Columbus,Domestic dromedary camel
Steven Reyes,ROU,OF,28,31,61,7,7,2,0,0,4,1,0,7,27,1,0,4,0.115,0.25,0.148,0.398,2022,18,58,0,100,Healthy,0,ACB,Round Lake Beach,Bobcat
Cody Sands,AKR,OF,28,22,61,7,12,2,0,1,4,0,0,7,24,0,1,3,0.197,0.306,0.279,0.585,2022,22,52,0,100,Healthy,0,NNL,Akron,Lungfish
Yu Urshela,HIA,3B,23,17,61,9,16,0,0,1,2,0,0,4,13,0,0,0,0.262,0.308,0.311,0.619,2022,20,45,0,100,Healthy,0,ACB,Hialeah,list
Alex Ragans,JOL,2B,27,25,61,5,12,2,0,0,0,0,0,5,12,1,0,2,0.197,0.279,0.23,0.509,2022,19,51,0,100,Healthy,0,NNL,Joliet,Ocelot
Jose Acevedo,CAT,OF,26,23,60,5,10,3,0,0,1,1,1,8,23,2,1,0,0.167,0.261,0.217,0.478,2022,18,50,0,100,Healthy,0,NNL,Cathedral City,Vole
Diego Cron,GRA,C,34,21,60,8,14,2,0,2,8,0,0,9,25,0,0,0,0.233,0.333,0.367,0.7,2022,23,46,0,100,Healthy,0,ACB,Grayslake,Whitefish
Jordan Casali,JOL,OF,24,19,60,9,12,2,1,3,6,1,0,1,25,0,0,1,0.2,0.226,0.417,0.643,2022,14,49,0,100,Healthy,0,NNL,Joliet,Ocelot
Jordan Trivino,LAK,1B,29,20,60,1,5,0,0,1,3,1,0,9,25,0,1,1,0.083,0.211,0.133,0.344,2022,15,56,0,100,Healthy,0,NNL,Lakewood,Bug
David Iglesias,JOL,OF,34,20,60,4,11,2,1,0,0,0,0,2,15,0,0,0,0.183,0.21,0.25,0.46,2022,13,49,0,100,Healthy,0,NNL,Joliet,Ocelot
Stephen Civale,FAY,2B,34,23,59,6,18,1,1,0,2,3,2,0,8,0,0,0,0.305,0.305,0.356,0.661,2022,18,41,0,100,Healthy,0,ACB,Fayetteville,Fancy mouse
Garrett Pivetta,KAN,C,28,25,59,3,8,2,0,2,5,0,0,0,17,1,0,0,0.136,0.136,0.271,0.407,2022,8,51,0,100,Healthy,0,ACB,Kansas City,Goldfish
Aroldis Sanders,LAK,OF,28,28,58,9,7,1,0,3,6,1,0,1,21,0,1,1,0.121,0.148,0.293,0.441,2022,9,52,0,100,Healthy,0,NNL,Lakewood,Bug
Javier Montas,LAK,OF,25,18,57,4,13,3,0,2,10,1,0,6,25,0,0,2,0.228,0.323,0.386,0.709,2022,21,46,0,100,Healthy,0,NNL,Lakewood,Bug
Tylor Keller,RIC,OF,28,29,57,7,12,2,0,3,7,1,0,3,10,0,0,0,0.211,0.25,0.404,0.654,2022,15,45,0,100,Healthy,0,ACB,Richmond County,Bovid
Salvador Bleday,LON,2B,31,27,56,6,6,2,0,0,0,1,0,10,24,1,0,1,0.107,0.254,0.143,0.397,2022,17,51,0,100,Healthy,0,NNL,Long Beach,Horse
Alex Cole,LAK,C,34,25,56,6,10,3,0,0,4,0,0,7,23,2,0,0,0.179,0.27,0.232,0.502,2022,17,46,0,100,Healthy,0,NNL,Lakewood,Bug
Jose Adames,HON,DH,27,18,56,6,8,0,0,3,5,0,0,5,19,0,0,1,0.143,0.226,0.304,0.53,2022,14,49,0,100,Healthy,0,NNL,Honolulu,list
Humberto Garcia,JOL,OF,30,22,56,1,7,2,0,0,1,0,0,0,19,0,0,1,0.125,0.14,0.161,0.301,2022,8,50,0,100,Healthy,0,NNL,Joliet,Ocelot
Luis Vogelbach,CHE,OF,24,28,55,8,10,1,0,0,3,0,0,3,19,1,0,2,0.182,0.25,0.2,0.45,2022,15,47,0,100,Healthy,0,NNL,Chesapeake,Viper
Kevin Gomber,JOL,SS,22,18,55,9,22,5,1,1,9,1,1,2,13,1,1,0,0.4,0.414,0.582,0.996,2022,24,33,0,100,Healthy,0,NNL,Joliet,Ocelot
Spencer Walls,RIC,SS,27,25,54,9,17,7,1,2,13,3,0,1,12,1,1,2,0.315,0.345,0.593,0.938,2022,20,39,0,100,Healthy,0,ACB,Richmond County,Bovid
Archie Koenig,HIA,3B,31,21,54,5,13,0,0,1,4,1,0,1,3,0,0,0,0.241,0.255,0.296,0.551,2022,14,41,0,100,Healthy,0,ACB,Hialeah,list
Jovani Plesac,MON,OF,31,43,54,11,9,0,0,0,2,3,0,8,9,0,0,1,0.167,0.286,0.167,0.453,2022,18,46,0,100,Healthy,0,ACB,Montgomery,Earthworm
Corbin Loup,CAT,OF,28,23,52,3,5,1,0,1,4,0,0,4,16,0,1,0,0.096,0.158,0.173,0.331,2022,9,47,0,100,Healthy,0,NNL,Cathedral City,Vole
Edward Hendricks,SAN,SS,33,17,52,7,12,2,0,3,7,0,1,2,15,0,0,0,0.231,0.259,0.442,0.701,2022,14,40,0,100,Healthy,0,NNL,Santa Rosa,Catfish
Luis Wade,LON,C,33,22,52,4,6,2,0,1,1,0,0,6,17,1,0,0,0.115,0.207,0.212,0.419,2022,12,46,0,100,Healthy,0,NNL,Long Beach,Horse
Rodolfo Poteet,JOL,3B,34,22,51,2,5,0,1,0,2,0,0,1,18,0,0,1,0.098,0.132,0.137,0.269,2022,7,47,0,100,Healthy,0,NNL,Joliet,Ocelot
P.J. Romine,GRA,SS,27,23,51,7,11,2,0,2,6,1,0,4,15,2,2,1,0.216,0.276,0.373,0.649,2022,16,41,0,100,Healthy,0,ACB,Grayslake,Whitefish
Matt Schrock,FAY,C,28,19,50,2,9,1,0,0,4,0,0,2,16,1,0,0,0.18,0.212,0.2,0.412,2022,11,41,0,100,Healthy,0,ACB,Fayetteville,Fancy mouse
Mauricio Gutierrez,SAN,SS,30,28,50,4,12,2,0,0,3,0,0,8,17,1,0,0,0.24,0.345,0.28,0.625,2022,20,38,0,100,Healthy,0,NNL,Santa Rosa,Catfish
JJ Davis,MOR,SS,27,15,50,3,7,0,0,0,3,5,0,4,20,0,0,0,0.14,0.204,0.14,0.344,2022,11,43,0,100,Healthy,0,NNL,Moreno Valley,Quail
Erich May,LON,1B,32,16,49,2,11,1,0,1,2,0,0,1,13,0,0,0,0.224,0.24,0.306,0.546,2022,12,38,0,100,Healthy,0,NNL,Long Beach,Horse
Gavin Gibson,JOL,3B,31,13,49,6,8,0,0,1,3,1,0,4,17,1,0,0,0.163,0.226,0.224,0.45,2022,12,41,0,100,Healthy,0,NNL,Joliet,Ocelot
Pavin Santander,CAT,2B,22,15,49,3,13,3,0,0,1,0,0,2,7,0,0,0,0.265,0.294,0.327,0.621,2022,15,36,0,100,Healthy,0,NNL,Cathedral City,Vole
Eddy Seabold,LAF,SS,22,18,49,8,15,3,0,1,2,2,0,6,9,0,0,2,0.306,0.404,0.429,0.833,2022,23,36,0,100,Healthy,0,NNL,Lafayette,Sockeye salmon
Austin Riley,VIC,OF,24,16,48,4,9,1,0,1,3,1,0,5,9,0,0,0,0.188,0.264,0.271,0.535,2022,14,39,0,100,Healthy,0,ACB,Victorville,Mastodon
Josh Peralta,HON,OF,35,17,48,2,6,1,0,1,3,0,0,6,23,0,0,3,0.125,0.263,0.208,0.471,2022,15,45,0,100,Healthy,0,NNL,Honolulu,list
Eduardo Cameron,ANA,C,26,27,48,8,9,3,0,1,7,0,0,5,16,1,1,1,0.188,0.273,0.313,0.586,2022,15,40,0,100,Healthy,0,NNL,Anaheim,American robin
Mike Carlson,POM,C,24,16,48,4,12,1,0,1,5,0,0,1,11,0,1,0,0.25,0.26,0.333,0.593,2022,13,36,0,100,Healthy,0,ACB,Pompano Beach,Owl
Austin Castro,CHE,3B,23,16,47,9,9,1,1,1,5,1,0,8,16,1,0,1,0.191,0.321,0.319,0.64,2022,18,39,0,100,Healthy,0,NNL,Chesapeake,Viper
Adley Urshela,FAY,OF,27,29,47,8,10,2,0,0,2,1,0,1,15,0,0,1,0.213,0.245,0.255,0.5,2022,12,38,0,100,Healthy,0,ACB,Fayetteville,Fancy mouse
Nick Bemboom,GIL,1B,23,18,47,4,8,1,0,1,8,1,0,2,13,0,1,0,0.17,0.2,0.255,0.455,2022,10,39,0,100,Healthy,0,NNL,Gilbert,Sawfish
Tim Santander,SIM,OF,28,21,46,10,11,1,0,2,8,0,0,1,4,0,2,0,0.239,0.245,0.391,0.636,2022,12,35,0,100,Healthy,0,ACB,Simi Valley,Dog
Jake Gott,LAF,OF,28,14,46,3,10,3,0,0,9,2,1,2,15,0,1,0,0.217,0.245,0.283,0.528,2022,12,36,0,100,Healthy,0,NNL,Lafayette,Sockeye salmon
Anthony Espino,RIC,OF,24,18,46,4,6,1,0,0,2,0,0,3,19,1,0,0,0.13,0.184,0.152,0.336,2022,9,40,0,100,Healthy,0,ACB,Richmond County,Bovid
Beau Faedo,ANA,1B,33,14,45,6,11,3,0,0,4,0,0,4,9,0,0,1,0.244,0.32,0.311,0.631,2022,16,35,0,100,Healthy,0,NNL,Anaheim,American robin
Vidal Brown,CAN,OF,28,18,44,7,6,3,0,1,2,0,0,8,6,0,0,1,0.136,0.283,0.273,0.556,2022,15,39,0,100,Healthy,0,NNL,Canton,Donkey
Max Lopez,LOU,SS,31,15,43,2,5,2,0,0,1,1,0,2,23,0,0,0,0.116,0.156,0.163,0.319,2022,7,38,0,100,Healthy,0,NNL,Louisville,Swallow
Estevan Suzuki,POM,1B,29,20,43,6,4,1,1,0,1,0,0,2,8,0,0,2,0.093,0.17,0.163,0.333,2022,8,41,0,100,Healthy,0,ACB,Pompano Beach,Owl
Mark Rengifo,LAF,OF,30,38,43,13,8,1,0,2,4,8,2,2,7,0,0,1,0.186,0.239,0.349,0.588,2022,11,36,0,100,Healthy,0,NNL,Lafayette,Sockeye salmon
Martin Castillo,CHE,OF,25,11,42,6,15,1,1,1,8,2,1,2,4,0,0,1,0.357,0.4,0.5,0.9,2022,18,28,0,100,Healthy,0,NNL,Chesapeake,Viper
Xander Palacios,AKR,OF,29,21,42,7,11,2,2,0,4,0,2,4,21,0,0,1,0.262,0.34,0.405,0.745,2022,16,32,0,100,Healthy,0,NNL,Akron,Lungfish
Bryan Gomes,MOR,C,30,18,42,1,9,5,0,0,5,0,0,3,13,2,0,0,0.214,0.267,0.333,0.6,2022,12,33,0,100,Healthy,0,NNL,Moreno Valley,Quail
Chris McGee,GRA,3B,27,18,42,5,7,1,0,1,2,0,1,4,18,0,0,3,0.167,0.286,0.262,0.548,2022,14,38,0,100,Healthy,0,ACB,Grayslake,Whitefish
Eduardo Gorman,COL,OF,32,12,42,9,12,1,0,0,3,3,1,0,8,0,0,0,0.286,0.286,0.31,0.596,2022,12,30,0,100,Healthy,0,ACB,Columbus,Domestic dromedary camel
Vidal Banuelos,MON,2B,40,12,41,3,8,0,0,1,3,0,0,2,11,0,0,0,0.195,0.233,0.268,0.501,2022,10,33,0,100,Healthy,0,ACB,Montgomery,Earthworm
Jacob Robles,ROU,2B,31,14,40,3,11,0,0,0,3,1,1,4,9,1,0,2,0.275,0.37,0.275,0.645,2022,17,31,0,100,Healthy,0,ACB,Round Lake Beach,Bobcat
Brian McCullers,LAK,SS,23,12,40,5,12,4,0,2,5,0,0,1,5,0,0,0,0.3,0.317,0.55,0.867,2022,13,28,0,100,Healthy,0,NNL,Lakewood,Bug
Mike Bellatti,HON,C,34,16,40,7,5,1,0,1,3,0,0,9,14,0,0,1,0.125,0.3,0.225,0.525,2022,15,36,0,100,Healthy,0,NNL,Honolulu,list
Jesse Bernard,ANA,2B,24,14,39,4,6,1,0,1,4,0,0,1,21,0,1,0,0.154,0.171,0.256,0.427,2022,7,33,0,100,Healthy,0,NNL,Anaheim,American robin
Kyle Richards,MON,3B,23,11,38,4,7,0,0,2,5,0,0,2,8,0,0,1,0.184,0.244,0.342,0.586,2022,10,32,0,100,Healthy,0,ACB,Montgomery,Earthworm
Vladimir Crowe,JOL,1B,28,16,37,0,7,0,0,0,6,0,0,5,12,0,1,0,0.189,0.279,0.189,0.468,2022,12,30,0,100,Healthy,0,NNL,Joliet,Ocelot
Hayden Ruiz,HIA,3B,31,16,37,4,7,1,0,0,3,1,0,4,12,0,0,0,0.189,0.268,0.216,0.484,2022,11,30,0,100,Healthy,0,ACB,Hialeah,list
Ildemaro Chirinos,ROU,OF,28,19,37,4,8,3,0,0,1,1,0,7,11,0,0,1,0.216,0.356,0.297,0.653,2022,16,30,0,100,Healthy,0,ACB,Round Lake Beach,Bobcat
Yandy Thielbar,ANA,2B,30,14,37,1,4,0,0,0,2,0,2,5,13,2,0,0,0.108,0.214,0.108,0.322,2022,9,33,0,100,Healthy,0,NNL,Anaheim,American robin
Francisco Woodford,RIC,OF,29,23,37,8,6,1,0,0,3,4,1,3,15,0,0,0,0.162,0.225,0.189,0.414,2022,9,31,0,100,Healthy,0,ACB,Richmond County,Bovid
Oswald Givens,SIM,OF,28,16,36,5,6,2,0,3,4,1,0,2,14,1,0,0,0.167,0.211,0.472,0.683,2022,8,30,0,100,Healthy,0,ACB,Simi Valley,Dog
Merrill Moreno,MON,DH,23,16,36,3,6,1,0,1,3,0,0,5,12,0,0,0,0.167,0.268,0.278,0.546,2022,11,30,0,100,Healthy,0,ACB,Montgomery,Earthworm
Roman Adam,GRA,OF,28,9,36,4,9,3,1,0,9,0,1,2,5,0,2,0,0.25,0.275,0.389,0.664,2022,11,27,0,100,Healthy,0,ACB,Grayslake,Whitefish
Tony Trivino,SIM,OF,29,12,36,2,7,3,0,0,4,4,0,2,16,0,1,0,0.194,0.231,0.278,0.509,2022,9,29,0,100,Healthy,0,ACB,Simi Valley,Dog
Drey Thompson,CAT,OF,25,13,35,6,13,0,1,2,9,1,1,4,8,0,1,0,0.371,0.425,0.6,1.025,2022,17,22,0,100,Healthy,0,NNL,Cathedral City,Vole
Joey Smith,JOL,C,31,12,35,3,5,1,0,1,4,0,0,4,9,1,0,0,0.143,0.231,0.257,0.488,2022,9,30,0,100,Healthy,0,NNL,Joliet,Ocelot
Sergio Kinley,PHO,2B,23,11,35,3,4,1,0,1,1,0,0,1,12,0,0,0,0.114,0.139,0.229,0.368,2022,5,31,0,100,Healthy,0,NNL,Phoenix,Water buffalo breeds
Yermin Sierra,POM,SS,26,22,35,3,4,0,0,0,3,0,2,2,12,0,1,0,0.114,0.158,0.114,0.272,2022,6,31,0,100,Healthy,0,ACB,Pompano Beach,Owl
Alek Velazquez,ANA,OF,33,15,35,7,9,2,0,1,2,1,0,1,12,0,0,1,0.257,0.297,0.4,0.697,2022,11,27,0,100,Healthy,0,NNL,Anaheim,American robin
Eli Sanchez,CAN,OF,29,16,34,3,9,1,0,0,3,0,1,0,10,0,0,0,0.265,0.265,0.294,0.559,2022,9,25,0,100,Healthy,0,NNL,Canton,Donkey
Nathaniel Wisdom,COL,SS,21,9,33,2,7,1,0,1,2,0,0,2,9,0,0,0,0.212,0.257,0.333,0.59,2022,9,26,0,100,Healthy,0,ACB,Columbus,Domestic dromedary camel
Dusten Voit,GRA,OF,23,10,33,5,11,3,0,0,6,3,0,2,6,0,0,2,0.333,0.405,0.424,0.829,2022,15,24,0,100,Healthy,0,ACB,Grayslake,Whitefish
Javier Toussaint,POM,2B,40,12,33,1,3,0,0,0,1,0,0,1,10,0,0,0,0.091,0.118,0.091,0.209,2022,4,30,0,100,Healthy,0,ACB,Pompano Beach,Owl
Alex Moustakas,TOR,OF,32,13,33,3,4,0,0,1,2,0,0,3,9,0,0,0,0.121,0.194,0.212,0.406,2022,7,29,0,100,Healthy,0,ACB,Torrance,Hare
Cal Drury,CAN,OF,28,14,33,4,6,2,0,0,3,0,0,1,15,0,1,0,0.182,0.2,0.242,0.442,2022,7,27,0,100,Healthy,0,NNL,Canton,Donkey
Ryan Graterol,HON,C,32,14,33,9,10,2,0,1,1,0,0,8,13,0,0,0,0.303,0.439,0.455,0.894,2022,18,23,0,100,Healthy,0,NNL,Honolulu,list
Tyler Andujar,COL,C,28,14,33,3,4,1,0,0,2,0,0,6,10,0,2,0,0.121,0.244,0.152,0.396,2022,10,29,0,100,Healthy,0,ACB,Columbus,Domestic dromedary camel
Phil Alcantara,GRA,C,31,11,31,2,4,1,0,0,2,0,0,3,9,0,0,1,0.129,0.229,0.161,0.39,2022,8,28,0,100,Healthy,0,ACB,Grayslake,Whitefish
Trevor Assad,LAF,OF,25,17,31,4,3,0,0,0,1,2,0,3,13,0,0,1,0.097,0.2,0.097,0.297,2022,7,29,0,100,Healthy,0,NNL,Lafayette,Sockeye salmon
Matt Junis,CAT,OF,28,10,30,1,8,0,0,0,0,0,0,2,12,0,0,0,0.267,0.313,0.267,0.58,2022,10,22,0,100,Healthy,0,NNL,Cathedral City,Vole
Joey Perdomo,LON,SS,28,13,30,4,5,0,2,0,3,3,1,3,10,0,0,0,0.167,0.242,0.3,0.542,2022,8,25,0,100,Healthy,0,NNL,Long Beach,Horse
Seth Naquin,HON,OF,32,16,30,3,5,1,0,1,2,0,0,3,14,0,0,1,0.167,0.265,0.3,0.565,2022,9,26,0,100,Healthy,0,NNL,Honolulu,list
Seranthony Brinson,MON,OF,26,14,29,4,4,1,0,2,6,0,0,1,12,0,0,1,0.138,0.194,0.379,0.573,2022,6,26,0,100,Healthy,0,ACB,Montgomery,Earthworm
JT Villar,HON,1B,30,16,29,1,5,1,0,0,3,0,0,8,12,0,0,1,0.172,0.368,0.207,0.575,2022,14,25,0,100,Healthy,0,NNL,Honolulu,list
Brendan Straw,LOU,DH,27,16,29,7,10,2,1,1,5,0,0,5,6,0,0,0,0.345,0.441,0.586,1.027,2022,15,19,0,100,Healthy,0,NNL,Louisville,Swallow
Luke Chang,HIA,C,25,15,28,2,4,0,0,0,4,0,0,5,8,0,0,2,0.143,0.314,0.143,0.457,2022,11,26,0,100,Healthy,0,ACB,Hialeah,list
Austin Dunning,LON,3B,28,12,28,2,4,1,0,0,3,1,0,4,8,0,0,0,0.143,0.25,0.179,0.429,2022,8,24,0,100,Healthy,0,NNL,Long Beach,Horse
Carlos Stubbs,LON,2B,24,9,28,2,5,0,0,1,4,0,0,1,9,0,0,0,0.179,0.207,0.286,0.493,2022,6,23,0,100,Healthy,0,NNL,Long Beach,Horse
Vaughn Franco,POM,OF,24,14,27,1,6,1,1,0,2,1,2,0,5,0,0,0,0.222,0.222,0.333,0.555,2022,6,21,0,100,Healthy,0,ACB,Pompano Beach,Owl
Bennett Kaprielian,KAN,OF,28,13,26,1,4,0,0,0,1,0,0,1,6,0,0,0,0.154,0.185,0.154,0.339,2022,5,22,0,100,Healthy,0,ACB,Kansas City,Goldfish
Brandon Strange-Gordon,VIC,C,34,11,26,2,4,1,0,0,0,0,0,2,7,0,0,0,0.154,0.214,0.192,0.406,2022,6,22,0,100,Healthy,0,ACB,Victorville,Mastodon
Danny Dunning,TOR,2B,40,9,26,1,4,1,0,0,0,0,0,1,4,0,0,0,0.154,0.185,0.192,0.377,2022,5,22,0,100,Healthy,0,ACB,Torrance,Hare
Brandon Eflin,MOR,C,24,17,26,2,4,0,0,0,1,0,0,2,10,1,0,0,0.154,0.214,0.154,0.368,2022,6,22,0,100,Healthy,0,NNL,Moreno Valley,Quail
Phil Pollock,LOU,C,24,12,25,1,4,2,0,0,4,0,0,1,9,0,0,0,0.16,0.192,0.24,0.432,2022,5,21,0,100,Healthy,0,NNL,Louisville,Swallow
Yoan Brujan,LAK,SS,33,12,25,1,2,0,0,0,1,0,0,0,9,0,0,0,0.08,0.08,0.08,0.16,2022,2,23,0,100,Healthy,0,NNL,Lakewood,Bug
Paolo Gonzalez,GRA,C,28,10,25,2,1,0,0,0,1,0,0,3,10,0,1,0,0.04,0.138,0.04,0.178,2022,4,24,0,100,Healthy,0,ACB,Grayslake,Whitefish
Phil Baez,MOR,OF,28,14,25,1,4,1,0,0,2,0,0,3,7,0,0,1,0.16,0.276,0.2,0.476,2022,8,22,0,100,Healthy,0,NNL,Moreno Valley,Quail
Ezequiel McClanahan,FAY,SS,25,10,25,2,2,0,0,0,2,1,0,1,9,2,0,0,0.08,0.115,0.08,0.195,2022,3,23,0,100,Healthy,0,ACB,Fayetteville,Fancy mouse
,GIL,2B,33,14,25,1,4,0,0,0,3,1,0,0,9,1,1,0,0.16,0.154,0.16,0.314,2022,4,21,0,100,Healthy,0,NNL,Gilbert,Sawfish
