Hashcode,Player,Team,Pos,Age,G,AB,R,H,2B,3B,HR,RBI,SB,CS,BB,SO,SH,SF,HBP,AVG,OBP,SLG,OPS,League,Teams,Leagues,Season,Total_OB,Total_Outs,Game_Fatigue_Factor,Condition,Status,Injured Days,City,Mascot
228208,Kyle Schmitt,JAC,2B,33,178,736,132,200,45,5,29,112,14,5,79,120,3,7,5,0.276,0.346,0.464,0.81,ACB,['JAC'],['ACB'],[2023],284,541,0,100,Active,0,Jacksonville,Barnacle
806593,Peyton Baty,THO,OF,22,170,718,113,195,41,2,34,110,42,12,53,190,0,5,11,0.275,0.331,0.476,0.806,ACB,['THO'],['ACB'],[2023],259,534,0,100,Active,0,Thousand Oaks,Sole
335290,David Noda,DEN,OF,25,176,710,163,238,41,5,42,114,78,16,87,91,0,3,9,0.337,0.414,0.584,0.998,SOL,['DEN'],['SOL'],[2023],334,481,0,100,Active,0,Denver,Land snail
675091,Korey Nelson,SAN,SS,23,176,704,105,190,31,11,32,105,56,15,46,130,3,9,4,0.276,0.318,0.481,0.798,ACB,['SAN'],['ACB'],[2023],240,518,0,100,Active,0,Santa Rosa,Panthera hybrid
703379,Ryan Gott,SAN,SS,30,168,702,114,188,37,5,28,83,32,0,49,169,2,3,6,0.266,0.321,0.454,0.775,SOL,['SAN'],['SOL'],[2023],243,520,0,100,Active,0,Santa Rosa,Panthera hybrid
694399,Jake Gray,RIC,OF,26,175,702,103,190,38,9,8,61,26,3,79,81,2,11,4,0.268,0.347,0.384,0.731,ACB,['RIC'],['ACB'],[2023],273,516,0,100,Active,0,Richmond County,Llama
451957,Oliver Rizzo,SUN,1B,34,173,696,141,233,63,3,30,112,27,1,76,134,0,6,18,0.331,0.413,0.563,0.976,ACB,['SUN'],['ACB'],[2023],327,481,0,100,Active,0,Sunnyvale,Lamprey
549320,Patrick Teheran,DEN,3B,26,175,697,129,198,32,4,40,107,6,1,62,190,1,14,9,0.281,0.35,0.513,0.863,SOL,['DEN'],['SOL'],[2023],269,508,0,100,Active,0,Denver,Land snail
45075,Bobby Kessinger,STE,OF,28,173,689,111,183,37,3,30,96,20,5,39,197,0,12,12,0.268,0.316,0.458,0.774,SOL,['STE'],['SOL'],[2023],234,518,0,100,Active,0,Sterling Heights,Bovid
1007116,Quinn Yoshida,SAN,OF,31,170,689,86,185,40,2,32,115,13,2,37,204,3,7,3,0.272,0.308,0.471,0.778,SOL,['SAN'],['SOL'],[2023],225,507,0,100,Active,0,Santa Rosa,Panthera hybrid
583985,Franmil Murphy,THO,OF,30,180,689,74,178,34,3,34,98,7,3,38,232,2,7,8,0.258,0.304,0.464,0.768,ACB,['THO'],['ACB'],[2023],224,519,0,100,Active,0,Thousand Oaks,Sole
954906,Joey Curtiss,JAC,1B,28,179,685,96,179,40,3,19,88,4,3,102,181,0,3,6,0.262,0.361,0.411,0.772,ACB,['JAC'],['ACB'],[2023],287,512,0,100,Active,0,Jacksonville,Barnacle
913428,Nick Yepez,MEL,3B,29,178,680,115,177,28,6,27,110,5,1,99,94,2,2,8,0.262,0.36,0.438,0.798,ACB,['MEL'],['ACB'],[2023],284,511,0,100,Active,0,Melbourne,Cattle
664852,Luis Williams,MCH,SS,26,163,681,108,192,29,5,9,75,46,8,51,91,1,5,16,0.283,0.346,0.378,0.724,SOL,['MCH'],['SOL'],[2023],259,505,0,100,Active,0,McHenry,Otter
36364,Spencer Young,ERI,OF,34,172,671,94,175,28,1,25,80,23,6,63,138,2,5,7,0.258,0.33,0.417,0.747,ACB,['ERI'],['ACB'],[2023],245,503,0,100,Active,0,Erie,Ox
842843,Jake Santos,RIC,3B,31,172,669,94,184,37,5,24,91,28,6,80,83,1,6,1,0.282,0.353,0.452,0.804,ACB,['RIC'],['ACB'],[2023],265,486,0,100,Active,0,Richmond County,Llama
789065,Tyler Carpenter,STE,1B,31,170,670,78,184,39,3,15,97,0,1,39,144,1,4,5,0.275,0.319,0.408,0.727,SOL,['STE'],['SOL'],[2023],228,491,0,100,Active,0,Sterling Heights,Bovid
166569,Michael Gilbert,DEN,1B,29,178,667,137,186,33,5,60,152,2,2,116,186,0,7,7,0.283,0.391,0.613,1.004,SOL,['DEN'],['SOL'],[2023],309,488,0,100,Active,0,Denver,Land snail
841640,Adam Brito,GRE,1B,24,175,667,98,154,38,3,32,105,5,0,76,189,2,7,6,0.233,0.315,0.44,0.755,ACB,['GRE'],['ACB'],[2023],236,519,0,100,Active,0,Greenville,Hamster
941779,Alex Funderburk,RAC,SS,29,178,661,118,165,33,2,31,106,36,4,76,150,2,7,14,0.254,0.339,0.446,0.785,SOL,['RAC'],['SOL'],[2023],255,510,0,100,Active,0,Racine,Hedgehog
231648,Calvin Silseth,ERI,1B,24,175,663,84,175,31,0,29,100,5,5,77,108,2,4,10,0.264,0.349,0.441,0.79,ACB,['ERI'],['ACB'],[2023],262,498,0,100,Active,0,Erie,Ox
1027083,Jack Sims,THO,3B,32,174,662,75,150,32,0,23,105,3,1,76,231,0,12,16,0.232,0.32,0.379,0.699,ACB,['THO'],['ACB'],[2023],242,528,0,100,Active,0,Thousand Oaks,Sole
544562,Charlie Hall,BIR,SS,31,170,658,91,191,34,2,19,66,19,5,61,123,1,7,7,0.285,0.356,0.434,0.79,SOL,['BIR'],['SOL'],[2023],259,474,0,100,Active,0,Birmingham,Hermit crab
862242,Josh Estes,DEN,2B,26,164,654,108,183,31,5,38,118,15,3,52,122,3,8,9,0.28,0.341,0.516,0.857,SOL,['DEN'],['SOL'],[2023],244,480,0,100,Active,0,Denver,Land snail
549138,Randal Holmes,NAS,2B,26,171,657,100,180,28,2,26,78,14,6,72,108,1,7,4,0.273,0.349,0.441,0.79,ACB,['NAS'],['ACB'],[2023],256,481,0,100,Active,0,Nashville,Shark
393418,Michael Kelley,BOI,1B,36,175,649,96,173,37,1,32,89,11,3,95,180,1,4,5,0.268,0.364,0.474,0.838,SOL,['BOI'],['SOL'],[2023],273,481,0,100,Active,0,Boise City,Swordtail
850275,Connor Blankenhorn,RAC,OF,30,166,653,100,175,33,6,25,72,3,3,83,159,3,5,13,0.274,0.361,0.451,0.812,SOL,['RAC'],['SOL'],[2023],271,491,0,100,Active,0,Racine,Hedgehog
926503,Kenny Bolton,VIS,OF,28,167,654,88,168,44,3,32,102,5,2,61,167,0,5,7,0.257,0.326,0.48,0.806,ACB,['VIS'],['ACB'],[2023],236,493,0,100,Active,0,Visalia,Tahr
583175,Zack Haniger,VIS,C,25,166,646,91,180,31,2,20,85,2,4,100,113,1,6,3,0.277,0.377,0.425,0.802,ACB,['VIS'],['ACB'],[2023],283,469,0,100,Active,0,Visalia,Tahr
742754,Jake Machado,THO,1B,29,173,645,83,164,37,1,12,64,1,3,45,131,0,4,37,0.25,0.338,0.37,0.708,ACB,['THO'],['ACB'],[2023],246,518,0,100,Active,0,Thousand Oaks,Sole
571350,Tyler Swanson,SAN,SS,26,167,644,85,180,37,3,15,69,36,3,45,109,3,9,10,0.28,0.336,0.416,0.752,SOL,['SAN'],['SOL'],[2023],235,474,0,100,Active,0,Santa Rosa,Panthera hybrid
557311,Alex Smith,RAC,2B,31,173,643,84,169,29,5,10,61,10,0,42,74,3,3,19,0.27,0.326,0.37,0.696,SOL,['RAC'],['SOL'],[2023],230,493,0,100,Active,0,Racine,Hedgehog
424997,Nick Urias,SAN,OF,30,179,643,118,124,20,2,50,115,1,2,137,234,0,5,6,0.197,0.339,0.463,0.802,SOL,['SAN'],['SOL'],[2023],267,525,0,100,Active,0,Santa Rosa,Panthera hybrid
785442,Matt McKenna,SUN,OF,31,165,641,137,198,43,3,41,114,14,3,108,116,1,6,8,0.307,0.414,0.577,0.99,ACB,['SUN'],['ACB'],[2023],314,451,0,100,Active,0,Sunnyvale,Lamprey
771883,Jarred Muller,HAV,1B,32,176,638,95,167,39,3,35,112,11,0,66,143,0,8,8,0.258,0.338,0.496,0.834,ACB,['HAV'],['ACB'],[2023],241,479,0,100,Active,0,Havre de Grace,Earthworm
855883,Jordyn Davies,NEW,3B,25,173,641,80,171,41,4,28,94,23,4,70,155,2,5,14,0.271,0.351,0.474,0.825,SOL,['NEW'],['SOL'],[2023],255,484,0,100,Active,0,Newport News,Cape buffalo
113391,Michael Kremer,SAN,SS,22,168,638,83,160,38,4,19,82,11,6,26,184,4,3,6,0.253,0.286,0.412,0.698,SOL,['SAN'],['SOL'],[2023],192,484,0,100,Active,0,Santa Rosa,Panthera hybrid
110540,Allan Hjelle,ROC,3B,26,165,640,97,174,35,2,38,110,6,1,71,141,2,4,11,0.271,0.354,0.51,0.864,ACB,['ROC'],['ACB'],[2023],256,477,0,100,Active,0,Rockford,Turtle
586967,Ryan Choi,MCH,OF,29,174,637,91,162,38,6,24,93,14,4,106,165,3,7,6,0.248,0.365,0.445,0.81,SOL,['MCH'],['SOL'],[2023],274,481,0,100,Active,0,McHenry,Otter
352371,Isaac Rom,GIL,OF,26,169,635,66,162,34,0,24,87,5,3,43,157,0,5,1,0.257,0.303,0.422,0.725,SOL,['GIL'],['SOL'],[2023],206,474,0,100,Active,0,Gilbert,Star-nosed mole
170725,Devin Adames,MEL,SS,26,163,633,86,164,38,4,11,58,17,10,45,140,2,2,12,0.263,0.32,0.383,0.703,ACB,['MEL'],['ACB'],[2023],221,481,0,100,Active,0,Melbourne,Cattle
784226,Brendan Brigham,BIR,OF,24,155,634,96,162,36,1,30,85,33,6,57,158,1,4,4,0.257,0.32,0.457,0.777,SOL,['BIR'],['SOL'],[2023],223,476,0,100,Active,0,Birmingham,Hermit crab
61662,Clint Suarez,GIL,2B,26,164,627,78,221,31,5,14,73,4,2,38,34,3,3,5,0.354,0.394,0.484,0.878,SOL,['GIL'],['SOL'],[2023],264,411,0,100,Active,0,Gilbert,Star-nosed mole
739949,Santiago Brito,PAS,OF,28,158,630,97,170,36,6,27,93,12,3,57,151,0,6,8,0.263,0.338,0.474,0.812,SOL,['PAS'],['SOL'],[2023],235,468,0,100,Active,0,Pasadena,Octopus
968189,Clarke Peralta,MEL,OF,26,172,633,106,179,40,5,29,126,32,5,90,101,0,10,3,0.284,0.374,0.499,0.873,ACB,['MEL'],['ACB'],[2023],272,457,0,100,Active,0,Melbourne,Cattle
780131,Jacob Peralta,ERI,SS,25,149,628,79,190,30,5,24,78,5,4,30,127,0,3,2,0.306,0.336,0.48,0.816,ACB,['ERI'],['ACB'],[2023],222,440,0,100,Active,0,Erie,Ox
623743,Eguy Contreras,HAV,2B,29,164,625,104,175,30,9,27,88,9,7,76,121,0,8,7,0.276,0.364,0.486,0.85,ACB,['HAV'],['ACB'],[2023],258,457,0,100,Active,0,Havre de Grace,Earthworm
278821,Carlos Kemp,BIR,OF,24,178,621,105,170,37,4,41,119,13,7,147,145,3,6,2,0.275,0.414,0.544,0.958,SOL,['BIR'],['SOL'],[2023],319,453,0,100,Active,0,Birmingham,Hermit crab
21434,Kenny Mercado,RAC,1B,28,166,623,103,132,24,2,50,126,4,1,69,167,1,6,23,0.217,0.313,0.497,0.81,SOL,['RAC'],['SOL'],[2023],224,514,0,100,Active,0,Racine,Hedgehog
319533,Kyle Edwards,NEI,1B,25,165,622,73,158,32,3,22,90,3,1,38,142,0,3,15,0.258,0.312,0.421,0.733,ACB,['NEI'],['ACB'],[2023],211,479,0,100,Active,0,Neilsville,Bat
919682,Joey Clemens,HAV,OF,23,171,621,123,177,33,11,27,84,57,9,60,139,8,5,13,0.285,0.36,0.504,0.864,ACB,['HAV'],['ACB'],[2023],250,457,0,100,Active,0,Havre de Grace,Earthworm
344105,David Andrus,MCH,SS,29,160,618,85,151,27,3,22,89,9,2,73,168,0,4,8,0.244,0.331,0.404,0.735,SOL,['MCH'],['SOL'],[2023],232,475,0,100,Active,0,McHenry,Otter
344999,Trevor Villar,STE,SS,23,163,620,90,153,28,9,19,73,48,5,33,127,4,7,13,0.245,0.298,0.412,0.71,SOL,['STE'],['SOL'],[2023],199,480,0,100,Active,0,Sterling Heights,Bovid
793994,Willson Kennedy,NEI,OF,29,161,617,77,159,34,2,6,46,13,3,60,97,2,4,4,0.262,0.327,0.348,0.675,ACB,['NEI'],['ACB'],[2023],223,462,0,100,Active,0,Neilsville,Bat
124485,Seby Jones,BOI,3B,32,154,614,78,166,27,2,28,103,3,4,46,113,3,12,6,0.266,0.327,0.457,0.784,SOL,['BOI'],['SOL'],[2023],218,454,0,100,Active,0,Boise City,Swordtail
894275,Wil Ford,VIS,3B,22,165,616,108,158,30,9,33,92,10,5,63,175,1,3,3,0.255,0.328,0.495,0.823,ACB,['VIS'],['ACB'],[2023],224,461,0,100,Active,0,Visalia,Tahr
505879,Jared Green,SAN,3B,27,161,613,80,167,34,0,20,106,6,1,45,101,3,11,6,0.274,0.328,0.425,0.753,SOL,['SAN'],['SOL'],[2023],218,452,0,100,Active,0,Santa Rosa,Panthera hybrid
723385,AJ Lopez,ROC,3B,38,160,611,94,173,34,0,23,103,5,2,54,121,3,7,11,0.276,0.352,0.451,0.802,ACB,['ROC'],['ACB'],[2023],238,449,0,100,Active,0,Rockford,Turtle
363230,Jordan Cabrera,RIC,2B,25,170,614,80,151,29,5,16,65,32,6,34,121,7,3,20,0.251,0.306,0.387,0.693,ACB,['RIC'],['ACB'],[2023],205,483,0,100,Active,0,Richmond County,Llama
126584,Andrew Seabold,SAN,3B,28,169,609,86,148,33,5,27,73,5,6,73,223,2,3,1,0.24,0.325,0.446,0.771,SOL,['SAN'],['SOL'],[2023],222,462,0,100,Active,0,Santa Rosa,Panthera hybrid
502598,Nick Belt,JAC,OF,30,162,611,120,150,32,3,42,117,12,1,74,192,1,8,8,0.245,0.334,0.513,0.847,ACB,['JAC'],['ACB'],[2023],232,469,0,100,Active,0,Jacksonville,Barnacle
952660,Zack Alberto,LEW,SS,28,162,609,79,130,32,2,30,92,9,3,79,181,2,6,14,0.217,0.317,0.42,0.737,SOL,['LEW'],['SOL'],[2023],223,493,0,100,Active,0,Lewisville,Bird
247285,Thairo Frazier,TAL,OF,28,167,605,107,151,21,4,24,91,27,10,87,170,0,5,20,0.254,0.362,0.416,0.778,ACB,['TAL'],['ACB'],[2023],258,474,0,100,Active,0,Tallahassee,Mandrill
1007341,Jarred Smith,HAV,OF,29,156,603,71,154,39,3,25,90,6,1,37,108,3,4,7,0.261,0.306,0.454,0.76,ACB,['HAV'],['ACB'],[2023],198,456,0,100,Active,0,Havre de Grace,Earthworm
65420,Jakob Bauers,LEW,OF,31,159,603,119,167,39,3,21,81,29,4,84,152,0,1,3,0.278,0.368,0.456,0.824,SOL,['LEW'],['SOL'],[2023],254,439,0,100,Active,0,Lewisville,Bird
1000496,Vinnie Walsh,ERI,2B,34,161,603,73,160,28,1,11,74,27,10,38,112,0,8,3,0.272,0.312,0.369,0.681,ACB,['ERI'],['ACB'],[2023],201,446,0,100,Active,0,Erie,Ox
93440,Tommy Contreras,NEI,OF,26,154,601,96,162,39,5,40,89,23,4,32,189,0,4,12,0.264,0.319,0.55,0.869,ACB,['NEI'],['ACB'],[2023],206,451,0,100,Active,0,Neilsville,Bat
248979,Raisel Naile,ROC,OF,27,155,602,88,157,41,5,16,61,7,6,48,103,0,7,8,0.264,0.323,0.425,0.748,ACB,['ROC'],['ACB'],[2023],213,453,0,100,Active,0,Rockford,Turtle
46751,Trevor Bellinger,BIR,3B,31,156,598,84,153,22,0,32,102,3,2,58,120,0,8,2,0.258,0.323,0.453,0.776,SOL,['BIR'],['SOL'],[2023],213,447,0,100,Active,0,Birmingham,Hermit crab
691973,Joey Torres,NAS,SS,22,175,601,70,123,24,4,22,65,24,8,56,189,2,3,7,0.209,0.28,0.367,0.647,ACB,['NAS'],['ACB'],[2023],186,485,0,100,Active,0,Nashville,Shark
303680,Seth Kennedy,LEW,C,25,154,595,95,172,42,1,17,84,7,2,71,138,2,4,5,0.289,0.369,0.448,0.817,SOL,['LEW'],['SOL'],[2023],248,428,0,100,Active,0,Lewisville,Bird
977770,Jordan McLain,MEL,1B,36,155,595,66,143,25,1,20,96,0,1,44,142,1,7,8,0.237,0.301,0.386,0.687,ACB,['MEL'],['ACB'],[2023],195,460,0,100,Active,0,Melbourne,Cattle
1005931,Jorge Paxton,SAN,C,33,152,595,63,149,22,0,24,84,1,1,19,148,1,9,13,0.255,0.288,0.408,0.696,ACB,['SAN'],['ACB'],[2023],181,459,0,100,Active,0,Santa Rosa,Panthera hybrid
48622,Jose Logue,BIR,SS,27,169,587,93,155,23,2,18,66,43,12,83,136,7,6,3,0.26,0.358,0.402,0.76,SOL,['BIR'],['SOL'],[2023],241,435,0,100,Active,0,Birmingham,Hermit crab
895171,Jackson Bradley,ROC,OF,30,152,593,78,171,35,5,16,79,11,1,37,89,0,3,10,0.289,0.34,0.445,0.785,ACB,['ROC'],['ACB'],[2023],218,432,0,100,Active,0,Rockford,Turtle
357530,Miguel Machado,THO,SS,28,157,585,101,159,44,2,25,73,2,0,104,135,3,2,11,0.266,0.391,0.482,0.873,ACB,['THO'],['ACB'],[2023],274,437,0,100,Active,0,Thousand Oaks,Sole
50025,Andruw Englert,SAN,C,24,163,583,74,139,32,9,16,60,8,4,69,183,2,6,4,0.235,0.323,0.406,0.729,ACB,['SAN'],['ACB'],[2023],212,448,0,100,Active,0,Santa Rosa,Panthera hybrid
754990,Carlos Garlick,DEN,OF,32,156,588,93,161,31,1,40,109,1,0,61,150,2,2,3,0.274,0.345,0.534,0.879,SOL,['DEN'],['SOL'],[2023],225,430,0,100,Active,0,Denver,Land snail
1019969,Jorge Dominguez,STE,1B,28,170,578,61,146,22,4,13,50,2,1,48,101,3,6,10,0.254,0.32,0.371,0.691,SOL,['STE'],['SOL'],[2023],204,442,0,100,Active,0,Sterling Heights,Bovid
417668,Yuli Kirilloff,ERI,C,27,172,580,73,128,24,4,20,66,17,9,49,145,2,3,4,0.22,0.285,0.379,0.663,ACB,['ERI'],['ACB'],[2023],181,456,0,100,Active,0,Erie,Ox
953987,Garrett Gorman,TAL,3B,32,151,579,99,189,42,0,22,86,3,1,73,106,2,2,9,0.33,0.409,0.512,0.921,ACB,['TAL'],['ACB'],[2023],271,399,0,100,Active,0,Tallahassee,Mandrill
1001767,Michael Hader,STE,C,25,150,571,60,149,25,1,18,74,2,1,32,62,0,4,7,0.26,0.308,0.402,0.71,SOL,['STE'],['SOL'],[2023],188,429,0,100,Active,0,Sterling Heights,Bovid
754821,Michael Martinez,VIS,OF,28,157,571,83,157,39,4,21,74,7,1,38,154,0,6,4,0.275,0.324,0.467,0.791,ACB,['VIS'],['ACB'],[2023],199,418,0,100,Active,0,Visalia,Tahr
919144,Cody Naile,MCH,OF,29,151,567,79,161,32,8,21,80,7,8,63,143,2,7,2,0.285,0.357,0.479,0.836,SOL,['MCH'],['SOL'],[2023],226,408,0,100,Active,0,McHenry,Otter
441389,Ryan Montero,RIC,SS,29,150,563,66,129,33,4,20,69,1,1,64,143,1,3,4,0.23,0.312,0.408,0.72,ACB,['RIC'],['ACB'],[2023],197,438,0,100,Active,0,Richmond County,Llama
521505,Daniel Abreu,THO,C,26,157,565,84,133,27,2,34,85,1,0,60,174,1,3,1,0.232,0.309,0.47,0.778,ACB,['THO'],['ACB'],[2023],194,433,0,100,Active,0,Thousand Oaks,Sole
896923,Jose Loaisiga,JAC,OF,25,159,562,71,148,34,5,19,74,18,4,39,132,4,6,3,0.266,0.314,0.443,0.757,ACB,['JAC'],['ACB'],[2023],190,417,0,100,Active,0,Jacksonville,Barnacle
156745,Domingo Winder,GRE,SS,30,148,561,67,123,24,4,9,67,12,2,26,138,1,5,10,0.222,0.266,0.324,0.59,ACB,['GRE'],['ACB'],[2023],159,448,0,100,Active,0,Greenville,Hamster
555864,Parker Casas,ERI,3B,30,156,558,74,136,41,2,19,59,5,2,65,180,0,2,10,0.24,0.333,0.426,0.759,ACB,['ERI'],['ACB'],[2023],211,432,0,100,Active,0,Erie,Ox
378945,Jonathan Latz,DEN,OF,22,151,554,84,160,35,5,21,63,20,4,29,110,1,5,5,0.293,0.329,0.483,0.812,SOL,['DEN'],['SOL'],[2023],194,399,0,100,Active,0,Denver,Land snail
913172,Alex Paris,GIL,OF,31,152,555,90,138,24,1,41,85,1,2,76,155,0,6,7,0.25,0.346,0.517,0.863,SOL,['GIL'],['SOL'],[2023],221,424,0,100,Active,0,Gilbert,Star-nosed mole
342558,David Lodolo,MCH,OF,28,141,553,104,167,31,2,29,105,24,6,47,102,2,13,7,0.307,0.364,0.522,0.886,SOL,['MCH'],['SOL'],[2023],221,393,0,100,Active,0,McHenry,Otter
246308,Jason Middleton,ESC,DH,29,145,547,107,165,28,9,48,102,20,6,98,156,1,4,4,0.304,0.411,0.648,1.059,ACB,['ESC'],['ACB'],[2023],267,386,0,100,Active,0,Escondido,Python
314165,Daniel Luciano,NAS,3B,35,150,547,62,133,24,6,17,50,2,3,65,134,1,6,3,0.243,0.326,0.402,0.728,ACB,['NAS'],['ACB'],[2023],201,417,0,100,Active,0,Nashville,Shark
266406,Wade Ramirez,FAY,2B,27,129,545,69,146,29,2,14,55,23,7,23,131,0,2,11,0.271,0.31,0.405,0.715,SOL,['FAY'],['SOL'],[2023],180,410,0,100,Active,0,Fayetteville,Viper
179091,Isiah Brennan,PAS,3B,26,137,542,68,151,31,7,16,66,11,6,30,116,0,3,2,0.271,0.318,0.45,0.768,SOL,['PAS'],['SOL'],[2023],183,393,0,100,Active,0,Pasadena,Octopus
877028,Phil Ashcraft,NEI,SS,30,140,540,58,133,19,2,1,28,16,2,30,131,3,4,4,0.245,0.29,0.294,0.584,ACB,['NEI'],['ACB'],[2023],167,411,0,100,Active,0,Neilsville,Bat
90507,Justin Woo,TAL,3B,24,157,540,80,134,28,1,31,107,3,0,63,115,1,4,20,0.25,0.348,0.475,0.823,ACB,['TAL'],['ACB'],[2023],217,426,0,100,Active,0,Tallahassee,Mandrill
771239,Nick McKinney,SAN,C,32,146,535,76,131,31,6,20,68,21,7,37,149,1,7,11,0.252,0.307,0.437,0.744,SOL,['SAN'],['SOL'],[2023],179,415,0,100,Active,0,Santa Rosa,Panthera hybrid
695603,Steven Canning,DEN,2B,29,158,538,72,143,29,0,17,72,2,0,41,109,1,6,5,0.264,0.323,0.414,0.737,SOL,['DEN'],['SOL'],[2023],189,400,0,100,Active,0,Denver,Land snail
528163,Jason Boyle,NEW,OF,28,152,537,82,148,23,10,19,71,28,8,50,98,8,4,12,0.279,0.35,0.461,0.811,SOL,['NEW'],['SOL'],[2023],210,401,0,100,Active,0,Newport News,Cape buffalo
355871,Brice Kowar,SAN,C,32,154,532,52,140,29,3,16,81,2,0,39,129,1,6,2,0.267,0.315,0.419,0.734,SOL,['SAN'],['SOL'],[2023],181,394,0,100,Active,0,Santa Rosa,Panthera hybrid
616531,Freddy Diaz,ESC,3B,31,139,533,66,140,30,3,27,88,0,2,27,150,1,6,11,0.262,0.311,0.482,0.792,ACB,['ESC'],['ACB'],[2023],178,404,0,100,Active,0,Escondido,Python
683494,Matt Sullivan,SUN,OF,26,166,530,91,133,18,3,26,73,17,4,74,197,2,9,13,0.248,0.356,0.443,0.798,ACB,['SUN'],['ACB'],[2023],220,410,0,100,Active,0,Sunnyvale,Lamprey
862282,Victor Priester,SUN,3B,33,152,530,107,115,18,3,37,114,2,2,94,171,3,8,6,0.212,0.341,0.471,0.812,ACB,['SUN'],['ACB'],[2023],215,421,0,100,Active,0,Sunnyvale,Lamprey
549503,Cristopher Snell,FAY,3B,30,157,525,64,128,26,2,18,76,4,1,55,166,1,7,6,0.248,0.322,0.403,0.725,SOL,['FAY'],['SOL'],[2023],189,403,0,100,Active,0,Fayetteville,Viper
744110,Tomas Ottavino,BOI,2B,28,151,522,74,132,27,4,16,50,27,7,36,91,3,5,7,0.248,0.309,0.411,0.72,SOL,['BOI'],['SOL'],[2023],175,397,0,100,Active,0,Boise City,Swordtail
1031549,Eury Greene,GRE,OF,27,150,526,66,136,25,5,12,50,6,8,45,122,1,2,8,0.261,0.326,0.393,0.719,ACB,['GRE'],['ACB'],[2023],189,398,0,100,Active,0,Greenville,Hamster
193953,Jake Giolito,JAC,3B,25,134,528,78,136,31,1,25,79,1,3,30,164,3,3,5,0.266,0.303,0.462,0.765,ACB,['JAC'],['ACB'],[2023],171,397,0,100,Active,0,Jacksonville,Barnacle
629940,Michael Andujar,DEN,OF,32,156,524,72,132,28,3,22,78,3,6,37,133,3,2,1,0.255,0.302,0.442,0.744,SOL,['DEN'],['SOL'],[2023],170,393,0,100,Active,0,Denver,Land snail
35118,Christopher Farmer,JAC,SS,29,131,526,98,163,46,0,36,104,3,2,57,94,0,10,5,0.327,0.382,0.602,0.984,ACB,['JAC'],['ACB'],[2023],225,368,0,100,Active,0,Jacksonville,Barnacle
372185,Jakob Florial,BIR,OF,26,171,516,76,104,34,4,13,55,17,3,84,169,5,1,5,0.198,0.319,0.358,0.677,SOL,['BIR'],['SOL'],[2023],193,417,0,100,Active,0,Birmingham,Hermit crab
276470,Xavier Nimmo,MEL,OF,29,145,512,87,141,28,5,10,52,8,2,21,76,3,4,4,0.278,0.309,0.408,0.717,ACB,['MEL'],['ACB'],[2023],166,375,0,100,Active,0,Melbourne,Cattle
661045,Mickey Bard,TAL,OF,25,147,511,77,153,39,5,20,88,33,6,31,137,1,3,3,0.292,0.343,0.512,0.855,ACB,['TAL'],['ACB'],[2023],187,361,0,100,Active,0,Tallahassee,Mandrill
328625,Logan Erceg,NEW,C,27,155,510,64,119,25,2,15,64,3,1,54,146,0,2,5,0.243,0.312,0.378,0.69,SOL,['NEW'],['SOL'],[2023],178,396,0,100,Active,0,Newport News,Cape buffalo
305005,Bryan Grandal,SUN,C,28,138,511,85,133,25,4,19,81,6,0,70,99,1,12,16,0.261,0.366,0.436,0.802,ACB,['SUN'],['ACB'],[2023],219,394,0,100,Active,0,Sunnyvale,Lamprey
715944,Riley Verlander,GRE,2B,28,163,508,66,121,22,6,11,36,19,6,50,121,3,4,7,0.231,0.315,0.37,0.685,ACB,['GRE'],['ACB'],[2023],178,394,0,100,Active,0,Greenville,Hamster
458296,Jordan Martinez,SAN,SS,23,138,507,65,139,21,5,8,56,24,7,41,125,1,14,2,0.272,0.33,0.382,0.712,ACB,['SAN'],['ACB'],[2023],182,370,0,100,Active,0,Santa Rosa,Panthera hybrid
196948,Victor Torres,DES,OF,28,154,508,65,123,21,2,30,80,8,2,55,189,1,4,13,0.246,0.331,0.468,0.799,ACB,['DES'],['ACB'],[2023],191,398,0,100,Active,0,Des Moines,Cattle
863313,LaMonte Priester,RIC,OF,28,163,510,55,121,19,5,1,30,23,6,47,107,6,6,5,0.238,0.307,0.3,0.607,ACB,['RIC'],['ACB'],[2023],173,394,0,100,Active,0,Richmond County,Llama
786034,Zach Lyles,BIR,2B,29,141,506,58,117,26,10,10,53,8,3,51,106,1,6,11,0.229,0.315,0.381,0.696,SOL,['BIR'],['SOL'],[2023],179,400,0,100,Active,0,Birmingham,Hermit crab
80734,Josh Ramos,JAC,C,28,145,502,69,129,35,2,20,104,5,0,45,107,0,4,4,0.258,0.323,0.454,0.777,ACB,['JAC'],['ACB'],[2023],178,377,0,100,Active,0,Jacksonville,Barnacle
55299,Brandon Nevin,SAN,DH,30,137,504,91,148,33,2,22,79,11,3,86,129,1,5,5,0.293,0.401,0.498,0.899,SOL,['SAN'],['SOL'],[2023],239,361,0,100,Active,0,Santa Rosa,Panthera hybrid
130033,Ryan Rortvedt,NEI,OF,26,132,505,58,138,24,0,20,70,2,2,35,105,1,3,2,0.272,0.322,0.439,0.761,ACB,['NEI'],['ACB'],[2023],175,369,0,100,Active,0,Neilsville,Bat
895463,Hoby Bellinger,NEW,2B,26,131,499,86,121,27,0,20,69,14,3,61,119,0,9,19,0.244,0.347,0.416,0.762,SOL,['NEW'],['SOL'],[2023],201,397,0,100,Active,0,Newport News,Cape buffalo
1040712,Randal Ginkel,RIC,1B,26,131,496,53,151,32,1,20,107,11,4,40,77,0,10,6,0.308,0.363,0.493,0.856,ACB,['RIC'],['ACB'],[2023],197,351,0,100,Active,0,Richmond County,Llama
584702,Alec Rafaela,DES,OF,24,145,495,48,121,25,2,6,51,74,13,20,112,4,2,17,0.254,0.296,0.339,0.635,ACB,['DES'],['ACB'],[2023],158,391,0,100,Active,0,Des Moines,Cattle
581700,Dustin Priester,DES,C,25,151,493,56,100,19,6,25,67,5,3,36,157,2,3,9,0.205,0.269,0.417,0.686,ACB,['DES'],['ACB'],[2023],145,402,0,100,Active,0,Des Moines,Cattle
742025,Ryan Patton,STE,2B,23,132,490,66,130,22,4,10,54,12,6,27,67,2,7,2,0.266,0.306,0.387,0.693,SOL,['STE'],['SOL'],[2023],159,362,0,100,Active,0,Sterling Heights,Bovid
839257,Lane Snider,PAS,OF,25,157,493,72,111,21,3,28,80,13,3,81,190,0,7,12,0.224,0.348,0.45,0.798,SOL,['PAS'],['SOL'],[2023],204,394,0,100,Active,0,Pasadena,Octopus
914024,Brad Snell,TAL,SS,22,125,485,73,135,26,8,19,64,30,13,44,77,1,6,4,0.281,0.343,0.482,0.825,ACB,['TAL'],['ACB'],[2023],183,354,0,100,Active,0,Tallahassee,Mandrill
1011813,Brandon Castillo,RIC,OF,30,144,482,82,125,24,2,27,74,5,3,49,117,2,4,7,0.26,0.336,0.485,0.821,ACB,['RIC'],['ACB'],[2023],181,364,0,100,Active,0,Richmond County,Llama
163165,Luis Falter,SUN,DH,36,124,474,67,128,28,5,36,111,2,0,39,164,1,12,7,0.271,0.334,0.578,0.911,ACB,['SUN'],['ACB'],[2023],174,353,0,100,Active,0,Sunnyvale,Lamprey
880933,Jason Abbott,RIC,OF,25,148,473,44,126,28,4,6,43,14,5,16,64,3,4,6,0.266,0.298,0.38,0.677,ACB,['RIC'],['ACB'],[2023],148,353,0,100,Active,0,Richmond County,Llama
843185,Trey Lee,FAY,OF,29,150,472,74,120,14,5,20,50,11,0,82,101,4,6,9,0.256,0.374,0.432,0.806,SOL,['FAY'],['SOL'],[2023],211,361,0,100,Active,0,Fayetteville,Viper
67331,Max Adams,ROC,1B,23,145,470,70,123,24,3,29,72,1,2,77,137,0,4,1,0.263,0.366,0.51,0.876,ACB,['ROC'],['ACB'],[2023],201,348,0,100,Active,0,Rockford,Turtle
523971,Eric Mlodzinski,BOI,C,31,136,473,63,124,28,1,20,72,8,4,55,122,3,2,13,0.264,0.354,0.452,0.806,SOL,['BOI'],['SOL'],[2023],192,362,0,100,Active,0,Boise City,Swordtail
550124,Kevin Burnes,SAN,2B,25,142,469,45,110,18,2,18,61,7,3,28,107,3,5,4,0.229,0.283,0.396,0.679,ACB,['SAN'],['ACB'],[2023],142,363,0,100,Active,0,Santa Rosa,Panthera hybrid
930742,Amed Miller,BOI,OF,26,129,470,81,122,24,5,16,51,12,2,77,109,1,5,1,0.261,0.364,0.434,0.798,SOL,['BOI'],['SOL'],[2023],200,349,0,100,Active,0,Boise City,Swordtail
904790,Mike Weber,VIS,1B,26,125,463,70,124,24,3,22,71,6,3,40,117,0,9,3,0.27,0.33,0.475,0.804,ACB,['VIS'],['ACB'],[2023],167,342,0,100,Active,0,Visalia,Tahr
361457,Franmil Arauz,BOI,OF,21,129,460,57,130,19,3,17,57,10,4,39,113,3,5,6,0.276,0.346,0.447,0.792,SOL,['BOI'],['SOL'],[2023],175,336,0,100,Active,0,Boise City,Swordtail
319546,Marcell Kelly,GRE,OF,26,127,461,60,128,21,3,20,70,8,0,32,125,0,2,9,0.278,0.336,0.466,0.802,ACB,['GRE'],['ACB'],[2023],169,342,0,100,Active,0,Greenville,Hamster
787315,Anthony Naile,PAS,OF,31,146,453,70,113,33,5,11,47,4,5,54,121,0,1,10,0.247,0.342,0.417,0.759,SOL,['PAS'],['SOL'],[2023],177,350,0,100,Active,0,Pasadena,Octopus
257618,Jose Morgan,VIS,2B,31,157,455,65,111,22,3,14,64,13,4,34,73,8,5,4,0.24,0.302,0.397,0.699,ACB,['VIS'],['ACB'],[2023],149,348,0,100,Active,0,Visalia,Tahr
663062,Dallas Kelly,MEL,OF,26,123,451,83,135,28,2,35,104,1,4,74,104,0,4,15,0.293,0.414,0.603,1.016,ACB,['MEL'],['ACB'],[2023],224,331,0,100,Active,0,Melbourne,Cattle
386312,Jameson Brazoban,HAV,SS,23,157,450,79,111,20,4,7,53,20,7,72,92,20,5,7,0.246,0.359,0.355,0.714,ACB,['HAV'],['ACB'],[2023],190,346,0,100,Active,0,Havre de Grace,Earthworm
393139,Danny Verlander,BOI,2B,23,130,447,65,107,18,1,29,83,7,4,57,164,1,3,6,0.236,0.333,0.478,0.811,SOL,['BOI'],['SOL'],[2023],170,346,0,100,Active,0,Boise City,Swordtail
286050,Josh Keller,DES,1B,27,137,447,64,106,28,1,19,64,4,4,83,185,1,3,10,0.229,0.368,0.431,0.798,ACB,['DES'],['ACB'],[2023],199,351,0,100,Active,0,Des Moines,Cattle
411796,Kyle Martinez,FAY,OF,30,136,449,63,106,16,3,16,65,5,0,58,117,1,5,8,0.239,0.333,0.391,0.724,SOL,['FAY'],['SOL'],[2023],172,351,0,100,Active,0,Fayetteville,Viper
958353,Jared Funderburk,JAC,SS,24,133,447,61,122,22,3,15,49,9,4,25,133,3,2,9,0.276,0.324,0.436,0.76,ACB,['JAC'],['ACB'],[2023],156,334,0,100,Active,0,Jacksonville,Barnacle
808172,Andres Marte,FAY,3B,32,138,445,55,124,26,1,23,64,1,1,41,67,0,6,6,0.284,0.347,0.496,0.843,SOL,['FAY'],['SOL'],[2023],171,327,0,100,Active,0,Fayetteville,Viper
717415,Blake Myers,LEW,2B,23,149,444,51,95,9,4,8,35,26,6,42,102,6,2,3,0.218,0.286,0.306,0.592,SOL,['LEW'],['SOL'],[2023],140,352,0,100,Active,0,Lewisville,Bird
860180,Carlos Stanek,SAN,OF,25,148,447,63,123,31,6,16,61,11,2,67,156,3,4,4,0.277,0.374,0.478,0.852,SOL,['SAN'],['SOL'],[2023],194,328,0,100,Active,0,Santa Rosa,Panthera hybrid
937791,Logan Meyers,VIS,OF,29,127,443,56,101,28,3,15,81,20,4,46,110,3,6,3,0.233,0.304,0.406,0.71,ACB,['VIS'],['ACB'],[2023],150,345,0,100,Active,0,Visalia,Tahr
311610,Aaron Ruiz,MEL,OF,28,126,443,64,119,18,4,22,76,20,8,40,127,2,3,14,0.273,0.348,0.476,0.824,ACB,['MEL'],['ACB'],[2023],173,338,0,100,Active,0,Melbourne,Cattle
882652,Gunnar Alzolay,TAL,OF,29,136,441,63,135,21,2,12,78,5,6,24,86,2,6,9,0.313,0.354,0.444,0.798,ACB,['TAL'],['ACB'],[2023],168,315,0,100,Active,0,Tallahassee,Mandrill
389396,Grant Duran,SAN,OF,25,141,439,51,85,17,7,12,49,26,10,25,167,3,3,7,0.203,0.248,0.346,0.594,SOL,['SAN'],['SOL'],[2023],117,361,0,100,Active,0,Santa Rosa,Panthera hybrid
202420,Daniel Weissert,SUN,OF,36,150,431,53,111,30,3,11,62,4,4,24,77,2,11,2,0.259,0.299,0.417,0.716,ACB,['SUN'],['ACB'],[2023],137,322,0,100,Active,0,Sunnyvale,Lamprey
213369,Oswald Caratini,RIC,2B,35,147,432,48,123,30,1,5,40,0,1,45,108,1,3,15,0.282,0.371,0.393,0.764,ACB,['RIC'],['ACB'],[2023],183,324,0,100,Active,0,Richmond County,Llama
376520,Darius Bradley,ESC,2B,26,138,433,60,116,18,8,17,57,8,4,41,92,0,4,6,0.264,0.339,0.464,0.803,ACB,['ESC'],['ACB'],[2023],163,323,0,100,Active,0,Escondido,Python
748044,Pedro Chapman,PAS,OF,37,127,428,65,112,21,1,15,48,11,4,83,110,2,4,5,0.256,0.387,0.42,0.806,SOL,['PAS'],['SOL'],[2023],200,321,0,100,Active,0,Pasadena,Octopus
800237,Eduardo Syndergaard,NEW,SS,21,109,426,71,100,15,8,14,44,38,8,37,157,1,1,2,0.235,0.298,0.406,0.704,SOL,['NEW'],['SOL'],[2023],139,328,0,100,Active,0,Newport News,Cape buffalo
459625,Hayden Gonzalez,MCH,OF,24,118,430,67,107,20,3,28,74,7,2,40,148,2,4,6,0.247,0.321,0.504,0.825,SOL,['MCH'],['SOL'],[2023],153,329,0,100,Active,0,McHenry,Otter
593342,Bobby Diaz,GIL,2B,33,144,428,55,126,16,3,8,37,16,6,29,83,7,4,3,0.294,0.343,0.401,0.744,SOL,['GIL'],['SOL'],[2023],158,305,0,100,Active,0,Gilbert,Star-nosed mole
417937,Jonathan Verlander,SUN,SS,34,139,423,54,100,18,1,6,36,8,5,30,56,4,7,7,0.236,0.297,0.326,0.623,ACB,['SUN'],['ACB'],[2023],137,330,0,100,Active,0,Sunnyvale,Lamprey
815231,Tomas Baker,MCH,C,36,131,420,46,113,24,2,10,68,4,0,22,91,0,7,9,0.267,0.319,0.407,0.726,SOL,['MCH'],['SOL'],[2023],144,316,0,100,Active,0,McHenry,Otter
461716,Johan Julien,RAC,C,21,136,419,54,92,14,0,27,67,3,1,38,120,2,2,7,0.209,0.295,0.446,0.741,SOL,['RAC'],['SOL'],[2023],137,334,0,100,Active,0,Racine,Hedgehog
285679,Steven Lorenzen,GRE,OF,23,109,412,53,119,24,4,11,40,7,2,36,128,2,3,1,0.288,0.347,0.446,0.792,ACB,['GRE'],['ACB'],[2023],156,294,0,100,Active,0,Greenville,Hamster
1046782,Adam Peterson,TAL,2B,29,116,413,65,94,16,2,25,76,8,2,54,128,1,6,10,0.231,0.331,0.457,0.788,ACB,['TAL'],['ACB'],[2023],158,329,0,100,Active,0,Tallahassee,Mandrill
109545,Jordan Bieber,STE,OF,29,139,410,49,84,16,1,8,42,9,9,58,86,3,4,8,0.2,0.315,0.307,0.622,SOL,['STE'],['SOL'],[2023],150,334,0,100,Active,0,Sterling Heights,Bovid
315141,Brusdar Baez,HAV,OF,23,136,414,54,96,18,7,10,41,12,4,24,95,6,9,4,0.23,0.28,0.381,0.661,ACB,['HAV'],['ACB'],[2023],124,322,0,100,Active,0,Havre de Grace,Earthworm
187190,Billy Miller,NEI,SS,35,122,410,42,104,21,2,9,48,13,5,28,77,1,2,6,0.251,0.31,0.38,0.69,ACB,['NEI'],['ACB'],[2023],138,312,0,100,Active,0,Neilsville,Bat
711311,Emmet Peguero,NAS,1B,34,107,411,49,103,14,0,13,42,1,4,36,107,1,1,12,0.244,0.328,0.379,0.707,ACB,['NAS'],['ACB'],[2023],151,320,0,100,Active,0,Nashville,Shark
640638,Tyler Flores,THO,OF,24,115,409,46,101,29,3,11,53,13,7,43,142,1,4,2,0.253,0.321,0.413,0.734,ACB,['THO'],['ACB'],[2023],146,310,0,100,Active,0,Thousand Oaks,Sole
422176,Jordan Greinke,ERI,C,24,135,412,38,102,19,1,9,47,0,2,44,47,0,5,6,0.25,0.329,0.364,0.693,ACB,['ERI'],['ACB'],[2023],152,316,0,100,Active,0,Erie,Ox
353896,Scott Spiers,ROC,C,27,140,405,56,97,25,2,9,43,10,2,24,148,3,1,6,0.235,0.291,0.377,0.667,ACB,['ROC'],['ACB'],[2023],127,314,0,100,Active,0,Rockford,Turtle
761232,Joely Kemp,NAS,OF,33,109,408,44,75,19,1,25,64,0,0,43,133,1,3,2,0.191,0.264,0.419,0.683,ACB,['NAS'],['ACB'],[2023],120,335,0,100,Active,0,Nashville,Shark
535270,Drew Suzuki,DEN,C,29,115,405,71,104,27,2,23,72,0,0,54,106,2,3,22,0.251,0.374,0.503,0.877,SOL,['DEN'],['SOL'],[2023],180,323,0,100,Active,0,Denver,Land snail
536667,Luis Neal,ERI,OF,33,147,406,65,105,22,6,11,41,15,2,29,94,2,7,4,0.265,0.314,0.423,0.737,ACB,['ERI'],['ACB'],[2023],138,305,0,100,Active,0,Erie,Ox
355742,Spencer Hall,NAS,OF,31,113,403,87,109,20,1,43,77,5,2,98,143,2,3,1,0.267,0.414,0.645,1.059,ACB,['NAS'],['ACB'],[2023],208,295,0,100,Active,0,Nashville,Shark
1040836,Taylor Barnes,SAN,OF,25,115,400,64,120,24,5,26,70,22,4,59,142,1,1,3,0.297,0.393,0.58,0.973,SOL,['SAN'],['SOL'],[2023],182,283,0,100,Active,0,Santa Rosa,Panthera hybrid
928123,Alec Armstrong,LEW,OF,24,145,404,53,83,19,0,13,43,11,4,41,126,3,3,5,0.204,0.286,0.349,0.635,SOL,['LEW'],['SOL'],[2023],129,326,0,100,Active,0,Lewisville,Bird
826232,Yency Mathias,NEW,SS,24,99,404,70,118,25,6,18,58,15,5,32,126,0,2,7,0.29,0.354,0.517,0.871,SOL,['NEW'],['SOL'],[2023],157,293,0,100,Active,0,Newport News,Cape buffalo
654233,Keegan Grandal,NEI,C,34,128,403,35,93,18,1,8,34,1,2,38,93,3,4,4,0.234,0.303,0.339,0.642,ACB,['NEI'],['ACB'],[2023],135,314,0,100,Active,0,Neilsville,Bat
393261,Tommy Frias,MEL,C,37,129,396,35,75,14,1,16,38,2,0,35,149,14,0,3,0.191,0.26,0.351,0.611,ACB,['MEL'],['ACB'],[2023],113,324,0,100,Active,0,Melbourne,Cattle
681370,Jason Perez,MEL,2B,33,98,397,83,124,22,2,17,57,15,7,46,75,0,2,6,0.311,0.391,0.506,0.897,ACB,['MEL'],['ACB'],[2023],176,279,0,100,Active,0,Melbourne,Cattle
379320,Bailey Burger,GIL,OF,26,137,393,45,100,24,3,14,57,3,3,38,116,1,1,2,0.253,0.323,0.437,0.76,SOL,['GIL'],['SOL'],[2023],140,295,0,100,Active,0,Gilbert,Star-nosed mole
794348,Jake Harvey,VIS,3B,29,123,398,50,103,27,5,6,42,3,3,28,112,1,1,8,0.264,0.32,0.396,0.716,ACB,['VIS'],['ACB'],[2023],139,303,0,100,Active,0,Visalia,Tahr
497075,Trevor Choi,DES,2B,31,138,395,46,82,14,3,7,28,15,7,47,47,10,6,7,0.209,0.302,0.311,0.613,ACB,['DES'],['ACB'],[2023],136,320,0,100,Active,0,Des Moines,Cattle
127544,Nolan Soriano,SAN,OF,37,106,396,60,108,28,6,8,44,5,1,47,60,1,7,11,0.279,0.365,0.434,0.798,SOL,['SAN'],['SOL'],[2023],166,299,0,100,Active,0,Santa Rosa,Panthera hybrid
251669,Bubba Hentges,FAY,OF,31,133,393,63,93,16,6,17,55,1,2,65,99,0,6,7,0.235,0.354,0.437,0.79,SOL,['FAY'],['SOL'],[2023],165,307,0,100,Active,0,Fayetteville,Viper
1001943,Rob Wells,RIC,2B,26,135,394,67,100,19,5,11,39,33,7,38,107,3,4,12,0.257,0.337,0.411,0.748,ACB,['RIC'],['ACB'],[2023],150,306,0,100,Active,0,Richmond County,Llama
421950,Kyle Stephenson,TAL,OF,29,128,394,57,99,23,3,22,54,16,4,29,141,1,5,20,0.249,0.334,0.492,0.826,ACB,['TAL'],['ACB'],[2023],148,315,0,100,Active,0,Tallahassee,Mandrill
1035815,Daniel Cron,GRE,2B,30,123,392,45,107,27,2,12,48,5,0,27,74,2,1,3,0.264,0.324,0.443,0.767,ACB,['GRE'],['ACB'],[2023],137,288,0,100,Active,0,Greenville,Hamster
640964,Chasen Glasnow,ESC,OF,29,104,391,69,99,21,0,15,51,4,4,43,90,0,7,10,0.253,0.342,0.421,0.763,ACB,['ESC'],['ACB'],[2023],152,302,0,100,Active,0,Escondido,Python
879046,Ryne Hill,RIC,OF,32,142,391,49,86,15,1,21,57,13,3,26,140,4,1,5,0.22,0.277,0.424,0.701,ACB,['RIC'],['ACB'],[2023],117,310,0,100,Active,0,Richmond County,Llama
330886,Eric Kuhl,MEL,DH,25,112,388,58,110,23,1,27,65,1,0,11,80,3,7,9,0.282,0.318,0.556,0.874,ACB,['MEL'],['ACB'],[2023],130,287,0,100,Active,0,Melbourne,Cattle
975293,Sam Velazquez,SAN,OF,27,115,388,48,101,27,9,14,38,12,5,28,72,1,2,8,0.263,0.323,0.484,0.806,ACB,['SAN'],['ACB'],[2023],137,295,0,100,Active,0,Santa Rosa,Panthera hybrid
210105,Quinn Bazardo,RAC,3B,23,118,387,47,84,14,0,9,35,2,1,34,117,5,1,2,0.212,0.283,0.322,0.605,SOL,['RAC'],['SOL'],[2023],120,305,0,100,Active,0,Racine,Hedgehog
470127,Chris Baddoo,JAC,OF,34,128,385,60,95,23,1,12,56,5,0,64,107,0,10,2,0.238,0.356,0.405,0.761,ACB,['JAC'],['ACB'],[2023],161,292,0,100,Active,0,Jacksonville,Barnacle
442242,Franchy Phillips,GIL,2B,25,107,383,54,94,12,2,20,57,22,4,26,128,4,3,2,0.25,0.296,0.443,0.739,SOL,['GIL'],['SOL'],[2023],122,291,0,100,Active,0,Gilbert,Star-nosed mole
913781,Mickey Fulmer,VIS,1B,30,124,380,51,108,26,1,18,65,6,2,16,90,3,4,4,0.289,0.32,0.5,0.82,ACB,['VIS'],['ACB'],[2023],128,276,0,100,Active,0,Visalia,Tahr
92068,Riley Maeda,DES,OF,31,125,375,36,79,19,1,16,58,3,5,31,108,2,4,3,0.222,0.276,0.394,0.67,ACB,['DES'],['ACB'],[2023],113,299,0,100,Active,0,Des Moines,Cattle
622208,Michael Romero,HAV,C,23,122,374,37,105,20,3,9,54,6,4,33,79,1,8,3,0.284,0.343,0.422,0.765,ACB,['HAV'],['ACB'],[2023],141,272,0,100,Active,0,Havre de Grace,Earthworm
865894,Luis Cronenworth,ERI,1B,35,112,371,59,94,27,1,20,45,3,0,66,155,3,5,3,0.254,0.37,0.493,0.863,ACB,['ERI'],['ACB'],[2023],163,280,0,100,Active,0,Erie,Ox
417321,Jordan Sanchez,SUN,OF,33,130,373,53,88,15,2,16,62,21,3,43,133,0,2,8,0.237,0.327,0.415,0.742,ACB,['SUN'],['ACB'],[2023],139,293,0,100,Active,0,Sunnyvale,Lamprey
32012,Alika Doyle,TAL,OF,28,110,373,64,84,14,2,27,63,13,3,23,147,3,4,2,0.222,0.273,0.49,0.763,ACB,['TAL'],['ACB'],[2023],109,291,0,100,Active,0,Tallahassee,Mandrill
714592,Ben Eovaldi,RIC,2B,24,120,371,64,99,17,4,18,40,3,4,70,141,2,4,4,0.263,0.388,0.479,0.867,ACB,['RIC'],['ACB'],[2023],173,276,0,100,Active,0,Richmond County,Llama
212007,Maikel Jimenez,MCH,OF,32,116,369,71,92,18,1,11,54,11,1,63,95,1,4,4,0.252,0.364,0.392,0.756,SOL,['MCH'],['SOL'],[2023],159,281,0,100,Active,0,McHenry,Otter
541170,Adrian Espinal,NEW,OF,28,122,368,47,97,18,3,16,73,24,5,41,78,1,2,6,0.256,0.346,0.459,0.804,SOL,['NEW'],['SOL'],[2023],144,277,0,100,Active,0,Newport News,Cape buffalo
1029683,David Garcia,RIC,SS,33,132,373,55,97,15,4,13,52,5,4,24,92,0,3,8,0.256,0.318,0.426,0.744,ACB,['RIC'],['ACB'],[2023],129,284,0,100,Active,0,Richmond County,Llama
923041,Colin Nootbaar,PAS,OF,24,123,367,60,86,17,4,3,33,26,11,36,101,4,2,2,0.231,0.306,0.326,0.632,SOL,['PAS'],['SOL'],[2023],124,283,0,100,Active,0,Pasadena,Octopus
621114,Stone Reynolds,NEI,3B,28,100,369,43,94,22,7,14,43,3,0,22,117,0,2,3,0.26,0.302,0.466,0.768,ACB,['NEI'],['ACB'],[2023],119,278,0,100,Active,0,Neilsville,Bat
893647,Christian Saalfrank,GRE,DH,40,110,363,21,95,23,1,5,35,3,0,37,82,1,3,3,0.257,0.334,0.371,0.705,ACB,['GRE'],['ACB'],[2023],135,271,0,100,Active,0,Greenville,Hamster
1032132,Matt Bido,SUN,OF,34,137,366,61,96,28,2,17,41,2,4,38,68,2,3,6,0.269,0.341,0.489,0.83,ACB,['SUN'],['ACB'],[2023],140,276,0,100,Active,0,Sunnyvale,Lamprey
984032,Orlando Hamilton,ROC,OF,27,112,363,51,106,40,3,8,44,28,2,27,97,0,3,3,0.295,0.346,0.484,0.83,ACB,['ROC'],['ACB'],[2023],136,260,0,100,Active,0,Rockford,Turtle
751826,Jaime Taillon,GRE,C,28,115,362,50,82,13,2,22,54,2,1,30,129,1,3,6,0.221,0.296,0.455,0.751,ACB,['GRE'],['ACB'],[2023],118,286,0,100,Active,0,Greenville,Hamster
542404,Tarik Baumann,FAY,OF,33,115,362,62,88,25,1,16,49,5,3,49,111,6,5,5,0.233,0.341,0.45,0.791,SOL,['FAY'],['SOL'],[2023],142,279,0,100,Active,0,Fayetteville,Viper
887937,Kris Larnach,RIC,C,33,117,356,35,79,13,2,8,33,1,0,26,90,3,2,2,0.223,0.278,0.337,0.615,ACB,['RIC'],['ACB'],[2023],107,279,0,100,Active,0,Richmond County,Llama
214853,Janson De Leon,BOI,2B,26,103,355,56,103,11,3,12,39,6,1,34,58,2,2,10,0.284,0.368,0.439,0.806,SOL,['BOI'],['SOL'],[2023],147,262,0,100,Active,0,Boise City,Swordtail
880527,Logan Tellez,FAY,C,24,105,360,34,85,18,1,8,56,1,1,24,109,2,1,6,0.233,0.294,0.358,0.651,SOL,['FAY'],['SOL'],[2023],115,281,0,100,Active,0,Fayetteville,Viper
150703,Drew Berti,NAS,SS,28,128,360,44,86,14,1,11,41,14,5,31,78,1,3,4,0.242,0.306,0.375,0.681,ACB,['NAS'],['ACB'],[2023],121,278,0,100,Active,0,Nashville,Shark
404886,Paul Eflin,ROC,OF,35,99,352,47,88,25,3,22,65,6,1,24,122,0,6,9,0.247,0.314,0.525,0.839,ACB,['ROC'],['ACB'],[2023],121,273,0,100,Active,0,Rockford,Turtle
478213,Whit Villar,LEW,3B,30,102,348,43,79,15,3,10,47,1,7,36,120,2,6,6,0.226,0.31,0.373,0.683,SOL,['LEW'],['SOL'],[2023],121,275,0,100,Active,0,Lewisville,Bird
578839,Brenton Loaisiga,VIS,SS,28,126,352,62,76,14,5,7,38,34,5,23,89,5,6,3,0.217,0.269,0.343,0.612,ACB,['VIS'],['ACB'],[2023],102,279,0,100,Active,0,Visalia,Tahr
998362,Kyle Iglesias,DES,2B,33,121,344,28,79,20,1,7,25,3,0,17,75,2,4,8,0.229,0.281,0.354,0.635,ACB,['DES'],['ACB'],[2023],104,273,0,100,Active,0,Des Moines,Cattle
698122,Nate Chavis,RAC,OF,35,98,343,43,82,7,1,5,29,26,4,17,78,2,1,8,0.248,0.29,0.309,0.599,SOL,['RAC'],['SOL'],[2023],107,269,0,100,Active,0,Racine,Hedgehog
572023,Tyler Donaldson,TAL,C,32,114,345,54,76,21,1,15,34,3,1,19,101,1,4,2,0.225,0.265,0.417,0.681,ACB,['TAL'],['ACB'],[2023],97,271,0,100,Active,0,Tallahassee,Mandrill
116824,Carmen Albies,RIC,3B,23,132,345,39,76,16,1,12,29,5,4,32,122,1,1,1,0.21,0.288,0.376,0.663,ACB,['RIC'],['ACB'],[2023],109,270,0,100,Active,0,Richmond County,Llama
354478,Garrett Woodruff,BOI,OF,24,117,347,40,82,21,1,8,41,3,1,26,48,2,4,5,0.244,0.298,0.371,0.669,SOL,['BOI'],['SOL'],[2023],113,270,0,100,Active,0,Boise City,Swordtail
1015381,Jacob Stephenson,GRE,OF,25,123,341,42,71,14,2,11,37,15,5,46,96,2,2,2,0.218,0.305,0.357,0.661,ACB,['GRE'],['ACB'],[2023],119,272,0,100,Active,0,Greenville,Hamster
704424,Denyi Stratton,ESC,OF,25,91,341,39,94,22,3,17,48,10,3,9,127,0,0,3,0.28,0.3,0.507,0.806,ACB,['ESC'],['ACB'],[2023],106,250,0,100,Active,0,Escondido,Python
137301,Kenny Rea,NEI,OF,27,133,342,29,70,12,3,12,45,1,2,30,73,2,6,3,0.203,0.274,0.362,0.636,ACB,['NEI'],['ACB'],[2023],103,275,0,100,Active,0,Neilsville,Bat
844182,J.P. Mancini,LEW,1B,28,114,341,30,74,10,2,17,48,1,0,38,95,1,6,0,0.215,0.295,0.407,0.702,SOL,['LEW'],['SOL'],[2023],112,267,0,100,Active,0,Lewisville,Bird
54384,Thairo Hwan Bae,TAL,OF,29,108,340,41,89,24,2,4,39,9,8,18,58,3,6,7,0.264,0.312,0.379,0.691,ACB,['TAL'],['ACB'],[2023],114,258,0,100,Active,0,Tallahassee,Mandrill
514323,Yerry Diaz,FAY,C,25,123,343,43,78,12,0,13,46,4,3,27,130,4,3,6,0.235,0.295,0.376,0.671,SOL,['FAY'],['SOL'],[2023],111,271,0,100,Active,0,Fayetteville,Viper
569735,Brett Carrasco,MEL,OF,27,123,342,42,75,17,1,10,36,6,2,26,104,0,5,5,0.227,0.284,0.362,0.645,ACB,['MEL'],['ACB'],[2023],106,272,0,100,Active,0,Melbourne,Cattle
659263,Scott Mlodzinski,ESC,OF,32,90,339,61,87,16,2,19,47,5,0,50,113,2,3,8,0.263,0.365,0.483,0.848,ACB,['ESC'],['ACB'],[2023],145,260,0,100,Active,0,Escondido,Python
327421,Robert Perez,SAN,1B,25,106,334,39,75,19,2,9,40,3,1,33,150,1,4,6,0.232,0.305,0.374,0.679,ACB,['SAN'],['ACB'],[2023],114,265,0,100,Active,0,Santa Rosa,Panthera hybrid
354649,Josh Singleton,RIC,OF,29,92,334,51,69,21,2,24,47,9,1,35,114,0,4,7,0.207,0.295,0.497,0.792,ACB,['RIC'],['ACB'],[2023],111,272,0,100,Active,0,Richmond County,Llama
674160,Johan Cosgrove,DES,SS,25,115,333,31,74,5,2,4,20,5,2,20,59,7,3,2,0.221,0.27,0.285,0.554,ACB,['DES'],['ACB'],[2023],96,261,0,100,Active,0,Des Moines,Cattle
100711,Trayce Jansen,TAL,SS,27,108,333,56,65,13,6,12,40,26,4,48,100,1,0,2,0.201,0.3,0.378,0.677,ACB,['TAL'],['ACB'],[2023],115,270,0,100,Active,0,Tallahassee,Mandrill
346825,Mike Olivares,SAN,OF,24,108,330,45,77,14,6,12,34,18,5,27,116,1,3,9,0.228,0.308,0.421,0.729,ACB,['SAN'],['ACB'],[2023],113,262,0,100,Active,0,Santa Rosa,Panthera hybrid
212358,Tom Nola,RIC,2B,30,88,330,42,84,18,3,15,53,4,1,39,94,1,4,2,0.255,0.336,0.463,0.799,ACB,['RIC'],['ACB'],[2023],125,248,0,100,Active,0,Richmond County,Llama
883929,Xzavion Tena,GIL,2B,33,92,330,31,75,5,2,6,23,8,2,24,51,3,0,2,0.219,0.283,0.309,0.592,SOL,['GIL'],['SOL'],[2023],101,257,0,100,Active,0,Gilbert,Star-nosed mole
682394,Bowden Coleman,NEW,OF,28,114,328,53,78,12,2,15,43,8,3,28,80,0,3,1,0.236,0.299,0.423,0.722,SOL,['NEW'],['SOL'],[2023],107,251,0,100,Active,0,Newport News,Cape buffalo
129388,Kevin Robertson,SAN,OF,31,90,330,40,78,10,1,13,33,0,1,33,75,2,5,6,0.233,0.317,0.39,0.707,SOL,['SAN'],['SOL'],[2023],117,258,0,100,Active,0,Santa Rosa,Panthera hybrid
49025,Jared Feltner,GIL,1B,39,120,326,32,80,19,6,5,27,5,2,29,48,4,5,1,0.245,0.308,0.386,0.694,SOL,['GIL'],['SOL'],[2023],110,247,0,100,Active,0,Gilbert,Star-nosed mole
289835,David Torkelson,MEL,OF,27,103,324,41,83,14,1,7,35,18,7,26,81,1,2,2,0.245,0.315,0.37,0.685,ACB,['MEL'],['ACB'],[2023],111,243,0,100,Active,0,Melbourne,Cattle
271706,Jhony Moran,NAS,OF,24,125,324,41,69,15,1,6,33,11,0,29,81,3,2,2,0.211,0.281,0.32,0.601,ACB,['NAS'],['ACB'],[2023],100,257,0,100,Active,0,Nashville,Shark
907693,Eduard Baker,GIL,3B,33,124,327,40,68,19,3,2,23,9,1,14,77,3,7,2,0.212,0.244,0.302,0.546,SOL,['GIL'],['SOL'],[2023],84,261,0,100,Active,0,Gilbert,Star-nosed mole
514065,Zach Heaney,JAC,DH,32,94,327,50,84,11,0,23,55,2,0,49,90,0,1,6,0.27,0.363,0.501,0.864,ACB,['JAC'],['ACB'],[2023],139,249,0,100,Active,0,Jacksonville,Barnacle
712184,Avisail Velasquez,GIL,C,26,118,320,33,65,11,1,9,27,4,4,17,63,4,2,9,0.204,0.263,0.328,0.591,SOL,['GIL'],['SOL'],[2023],91,264,0,100,Active,0,Gilbert,Star-nosed mole
563121,Allan Nogosek,SAN,OF,26,105,320,48,74,24,3,6,36,11,4,19,64,2,2,2,0.24,0.278,0.381,0.659,ACB,['SAN'],['ACB'],[2023],95,248,0,100,Active,0,Santa Rosa,Panthera hybrid
124786,Jake Grisham,LEW,2B,26,98,321,30,84,18,2,6,32,13,3,17,65,1,4,2,0.261,0.302,0.386,0.688,SOL,['LEW'],['SOL'],[2023],103,239,0,100,Active,0,Lewisville,Bird
499729,Zach Bellatti,ERI,2B,28,123,318,58,77,12,2,10,44,6,3,41,90,2,2,7,0.235,0.341,0.386,0.727,ACB,['ERI'],['ACB'],[2023],125,248,0,100,Active,0,Erie,Ox
641813,Christian Woo,ESC,SS,22,90,315,39,72,19,2,13,35,5,1,24,86,3,3,18,0.225,0.319,0.425,0.744,ACB,['ESC'],['ACB'],[2023],114,261,0,100,Active,0,Escondido,Python
626804,Hunter Long,NEW,OF,25,120,312,56,85,17,8,14,32,19,5,46,111,0,3,2,0.275,0.369,0.512,0.881,SOL,['NEW'],['SOL'],[2023],133,229,0,100,Active,0,Newport News,Cape buffalo
338911,Tayler Rucker,RIC,C,26,105,314,49,87,18,3,14,45,3,4,36,101,6,3,11,0.276,0.371,0.487,0.858,ACB,['RIC'],['ACB'],[2023],134,238,0,100,Active,0,Richmond County,Llama
724267,Tucker Bush,SAN,3B,25,94,315,45,74,18,3,11,42,2,0,15,121,0,6,8,0.243,0.286,0.415,0.701,SOL,['SAN'],['SOL'],[2023],97,249,0,100,Active,0,Santa Rosa,Panthera hybrid
523477,Josh Suarez,FAY,SS,36,104,312,31,59,12,1,7,40,5,2,31,89,2,5,4,0.194,0.27,0.301,0.571,SOL,['FAY'],['SOL'],[2023],94,257,0,100,Active,0,Fayetteville,Viper
279151,Henry Irvin,RIC,OF,29,119,307,43,53,10,4,23,47,6,1,53,152,4,3,2,0.177,0.298,0.456,0.754,ACB,['RIC'],['ACB'],[2023],108,256,0,100,Active,0,Richmond County,Llama
217913,Albert Verdugo,LEW,2B,26,99,304,42,78,14,2,5,29,9,2,31,72,3,3,4,0.259,0.333,0.365,0.698,SOL,['LEW'],['SOL'],[2023],113,230,0,100,Active,0,Lewisville,Bird
897735,Noelvi Bradley,RIC,OF,25,92,304,37,79,14,3,16,43,4,0,29,90,0,4,7,0.27,0.338,0.483,0.821,ACB,['RIC'],['ACB'],[2023],115,232,0,100,Active,0,Richmond County,Llama
859137,Miles Shreve,SAN,SS,27,112,308,36,78,15,6,10,35,5,3,8,77,5,1,10,0.251,0.294,0.438,0.732,SOL,['SAN'],['SOL'],[2023],96,240,0,100,Active,0,Santa Rosa,Panthera hybrid
826134,Brandon Bouchard,HAV,OF,26,105,303,44,76,8,8,2,19,28,4,29,68,5,2,6,0.243,0.328,0.349,0.677,ACB,['HAV'],['ACB'],[2023],111,233,0,100,Active,0,Havre de Grace,Earthworm
321350,J.D. Priester,RAC,DH,30,113,304,38,72,10,4,13,53,1,1,46,89,0,1,3,0.233,0.342,0.424,0.766,SOL,['RAC'],['SOL'],[2023],121,235,0,100,Active,0,Racine,Hedgehog
931858,Kevin Moran,DES,2B,23,99,300,21,67,10,2,12,30,1,1,18,76,0,3,3,0.221,0.274,0.39,0.664,ACB,['DES'],['ACB'],[2023],88,236,0,100,Active,0,Des Moines,Cattle
251732,Brandon Arenado,MCH,2B,26,100,297,37,81,18,2,2,34,11,3,13,24,6,2,10,0.263,0.325,0.367,0.692,SOL,['MCH'],['SOL'],[2023],104,226,0,100,Active,0,McHenry,Otter
620146,Canaan Burdick,DES,2B,23,77,300,43,77,25,1,14,37,17,2,26,86,2,1,3,0.267,0.322,0.486,0.808,ACB,['DES'],['ACB'],[2023],106,226,0,100,Active,0,Des Moines,Cattle
729690,Brandon Walter,ERI,C,28,94,293,40,67,16,4,18,58,1,0,24,66,0,1,11,0.228,0.31,0.494,0.804,ACB,['ERI'],['ACB'],[2023],102,237,0,100,Active,0,Erie,Ox
343501,Jovani Slater,MCH,3B,32,108,293,46,62,9,1,23,48,5,3,32,121,2,3,2,0.205,0.293,0.484,0.776,SOL,['MCH'],['SOL'],[2023],96,233,0,100,Active,0,McHenry,Otter
691255,Andruw Rucker,DEN,C,34,81,293,32,66,15,2,11,45,2,2,24,69,3,7,4,0.225,0.292,0.402,0.694,SOL,['DEN'],['SOL'],[2023],94,231,0,100,Active,0,Denver,Land snail
627555,Ray Rendon,STE,3B,32,95,286,36,74,14,3,4,32,1,1,21,26,3,1,1,0.252,0.311,0.37,0.681,SOL,['STE'],['SOL'],[2023],96,213,0,100,Active,0,Sterling Heights,Bovid
387097,Raisel Adams,ESC,C,28,109,289,39,58,7,3,10,33,3,1,37,87,1,5,8,0.214,0.308,0.349,0.657,ACB,['ESC'],['ACB'],[2023],103,239,0,100,Active,0,Escondido,Python
1027789,Josiah Rea,SAN,2B,29,105,283,24,74,15,1,2,34,1,1,11,70,1,4,0,0.252,0.289,0.342,0.631,SOL,['SAN'],['SOL'],[2023],85,209,0,100,Active,0,Santa Rosa,Panthera hybrid
136653,Marco Snider,HAV,3B,27,94,282,34,74,13,1,5,34,1,1,24,62,2,5,4,0.261,0.329,0.368,0.697,ACB,['HAV'],['ACB'],[2023],102,212,0,100,Active,0,Havre de Grace,Earthworm
10095,Tim McNeil,SUN,2B,23,86,282,43,53,16,9,8,32,4,3,43,63,2,4,7,0.195,0.31,0.393,0.703,ACB,['SUN'],['ACB'],[2023],103,236,0,100,Active,0,Sunnyvale,Lamprey
699058,Trevor Steer,DES,OF,25,86,279,39,55,12,1,10,28,6,3,46,80,0,5,4,0.195,0.319,0.354,0.673,ACB,['DES'],['ACB'],[2023],105,228,0,100,Active,0,Des Moines,Cattle
529507,Declan Moreno,FAY,3B,24,100,278,31,59,17,3,5,31,2,3,16,66,4,4,6,0.206,0.27,0.348,0.618,SOL,['FAY'],['SOL'],[2023],81,225,0,100,Active,0,Fayetteville,Viper
628653,Jurickson Steele,GRE,OF,26,106,273,30,45,9,3,10,34,1,3,39,79,4,5,4,0.173,0.278,0.329,0.607,ACB,['GRE'],['ACB'],[2023],88,232,0,100,Active,0,Greenville,Hamster
692369,Mitch Mead,PAS,OF,28,97,269,32,68,9,2,13,45,7,3,13,60,2,4,4,0.239,0.297,0.446,0.743,SOL,['PAS'],['SOL'],[2023],85,205,0,100,Active,0,Pasadena,Octopus
95680,Tyler Westburg,JAC,OF,32,118,270,34,71,12,3,2,32,23,1,37,46,1,5,2,0.263,0.355,0.351,0.706,ACB,['JAC'],['ACB'],[2023],110,201,0,100,Active,0,Jacksonville,Barnacle
418894,Ke'Bryan Kahnle,NEI,OF,25,79,270,32,59,11,0,5,22,5,4,12,75,2,2,2,0.216,0.257,0.314,0.571,ACB,['NEI'],['ACB'],[2023],73,213,0,100,Active,0,Neilsville,Bat
441487,Ryan Speier,NAS,1B,28,93,265,31,53,17,1,12,37,5,3,29,100,2,6,5,0.202,0.29,0.407,0.697,ACB,['NAS'],['ACB'],[2023],87,217,0,100,Active,0,Nashville,Shark
77734,Nick Freeland,NAS,C,33,98,262,28,59,13,3,12,38,3,1,15,84,1,7,0,0.236,0.267,0.435,0.702,ACB,['NAS'],['ACB'],[2023],74,203,0,100,Active,0,Nashville,Shark
383455,Ben Chafin,GIL,C,33,101,260,24,46,19,3,3,22,0,1,32,74,3,2,4,0.191,0.277,0.307,0.584,SOL,['GIL'],['SOL'],[2023],82,218,0,100,Active,0,Gilbert,Star-nosed mole
242155,Wilmer Martinez,BOI,OF,28,79,261,29,59,16,0,11,25,5,3,29,75,1,1,1,0.231,0.305,0.413,0.718,SOL,['BOI'],['SOL'],[2023],89,203,0,100,Active,0,Boise City,Swordtail
162375,Kyle Wantz,MCH,1B,31,85,257,37,60,13,1,8,33,1,1,22,84,0,4,6,0.234,0.308,0.385,0.693,SOL,['MCH'],['SOL'],[2023],88,203,0,100,Active,0,McHenry,Otter
1002027,Oswaldo Bethancourt,STE,OF,27,97,257,42,70,18,5,12,42,5,5,29,90,0,5,3,0.269,0.352,0.521,0.873,SOL,['STE'],['SOL'],[2023],102,190,0,100,Active,0,Sterling Heights,Bovid
236282,Pierce Jimenez,THO,2B,27,114,253,43,55,10,2,4,27,27,6,29,72,0,5,19,0.221,0.342,0.32,0.662,ACB,['THO'],['ACB'],[2023],103,217,0,100,Active,0,Thousand Oaks,Sole
246957,Ernie Bassitt,LEW,OF,29,89,255,37,60,17,1,12,35,9,0,8,60,0,2,4,0.234,0.269,0.45,0.719,SOL,['LEW'],['SOL'],[2023],72,199,0,100,Active,0,Lewisville,Bird
773831,Kyle Heasley,SAN,1B,26,66,251,28,62,20,3,10,27,4,3,27,33,0,1,3,0.247,0.327,0.47,0.796,ACB,['SAN'],['ACB'],[2023],92,192,0,100,Active,0,Santa Rosa,Panthera hybrid
453481,Will McCarthy,ERI,2B,28,101,252,35,63,14,0,2,27,4,1,18,40,3,1,5,0.248,0.312,0.329,0.641,ACB,['ERI'],['ACB'],[2023],86,194,0,100,Active,0,Erie,Ox
698753,Kyle Cleavinger,FAY,OF,21,81,244,29,65,14,2,3,17,4,1,24,35,4,0,6,0.25,0.346,0.377,0.723,SOL,['FAY'],['SOL'],[2023],95,185,0,100,Active,0,Fayetteville,Viper
45574,Jeremiah Moreno,NEW,SS,30,80,250,29,63,17,1,4,30,11,2,18,39,2,5,4,0.253,0.312,0.376,0.688,SOL,['NEW'],['SOL'],[2023],85,191,0,100,Active,0,Newport News,Cape buffalo
414646,Osleivis Nevin,PAS,C,24,66,246,31,53,10,1,8,27,3,6,28,77,2,4,5,0.213,0.308,0.361,0.669,SOL,['PAS'],['SOL'],[2023],86,198,0,100,Active,0,Pasadena,Octopus
334309,Adley Chang,BOI,C,28,73,245,31,61,12,0,11,31,2,2,16,72,3,1,3,0.241,0.303,0.432,0.735,SOL,['BOI'],['SOL'],[2023],80,187,0,100,Active,0,Boise City,Swordtail
431069,Ceddanne Tapia,NEW,3B,23,68,245,30,65,9,4,14,39,2,0,15,75,0,3,11,0.27,0.335,0.506,0.841,SOL,['NEW'],['SOL'],[2023],91,191,0,100,Active,0,Newport News,Cape buffalo
592742,Tanner Knizner,GRE,SS,28,124,241,20,50,10,0,9,34,5,0,31,74,4,1,1,0.204,0.3,0.36,0.659,ACB,['GRE'],['ACB'],[2023],82,192,0,100,Active,0,Greenville,Hamster
703525,Josh Wisdom,GIL,2B,29,107,243,30,67,13,3,5,25,5,1,23,75,3,3,4,0.276,0.348,0.415,0.762,SOL,['GIL'],['SOL'],[2023],94,180,0,100,Active,0,Gilbert,Star-nosed mole
692516,JT Caminero,BOI,OF,24,81,243,27,52,10,2,7,33,4,1,30,55,1,3,7,0.219,0.317,0.358,0.675,SOL,['BOI'],['SOL'],[2023],89,198,0,100,Active,0,Boise City,Swordtail
861107,J.P. Neris,NEW,OF,27,103,242,36,53,18,3,5,31,10,3,28,77,4,3,7,0.228,0.317,0.38,0.697,SOL,['NEW'],['SOL'],[2023],88,196,0,100,Active,0,Newport News,Cape buffalo
558465,Bryan Then,THO,1B,31,90,237,34,56,10,1,17,36,2,0,27,89,1,3,7,0.228,0.332,0.502,0.834,ACB,['THO'],['ACB'],[2023],90,188,0,100,Active,0,Thousand Oaks,Sole
481713,Gary Means,RAC,DH,23,71,238,20,52,11,3,13,25,1,1,12,80,0,5,3,0.211,0.264,0.453,0.717,SOL,['RAC'],['SOL'],[2023],67,189,0,100,Active,0,Racine,Hedgehog
914814,Zack Knizner,RIC,SS,24,64,240,39,72,7,2,17,58,6,1,22,59,2,1,2,0.309,0.363,0.558,0.921,ACB,['RIC'],['ACB'],[2023],96,170,0,100,Active,0,Richmond County,Llama
934631,Ryan Azocar,SAN,C,28,77,236,28,64,12,2,10,40,0,0,15,52,3,5,1,0.281,0.317,0.466,0.783,ACB,['SAN'],['ACB'],[2023],80,173,0,100,Active,0,Santa Rosa,Panthera hybrid
168088,Austin Lawrence,ESC,3B,32,70,232,24,73,10,2,4,26,3,4,12,41,1,3,3,0.299,0.356,0.426,0.782,ACB,['ESC'],['ACB'],[2023],88,162,0,100,Active,0,Escondido,Python
592936,Martin Lewis,RIC,OF,25,84,234,44,56,11,3,14,41,2,2,28,87,4,0,13,0.249,0.352,0.491,0.843,ACB,['RIC'],['ACB'],[2023],97,191,0,100,Active,0,Richmond County,Llama
806856,Spencer Bibee,HAV,3B,38,83,230,31,50,9,3,12,32,3,0,25,79,0,4,0,0.223,0.294,0.439,0.733,ACB,['HAV'],['ACB'],[2023],75,180,0,100,Active,0,Havre de Grace,Earthworm
100984,Mike Hwan Bae,FAY,OF,32,64,234,28,50,14,1,7,31,2,0,18,71,0,2,3,0.209,0.278,0.371,0.649,SOL,['FAY'],['SOL'],[2023],71,187,0,100,Active,0,Fayetteville,Viper
340158,George Gibaut,NEW,1B,40,71,227,28,49,10,1,17,43,0,1,30,72,0,0,7,0.202,0.325,0.493,0.818,SOL,['NEW'],['SOL'],[2023],86,185,0,100,Active,0,Newport News,Cape buffalo
844570,Eduardo Muller,VIS,SS,24,76,229,29,57,19,2,4,24,4,2,16,61,2,3,1,0.26,0.3,0.401,0.701,ACB,['VIS'],['ACB'],[2023],74,173,0,100,Active,0,Visalia,Tahr
332998,Bryan Witt,VIS,C,33,78,228,27,52,15,1,6,30,3,2,9,64,7,4,5,0.222,0.272,0.381,0.653,ACB,['VIS'],['ACB'],[2023],66,181,0,100,Active,0,Visalia,Tahr
407797,Alejandro Duran,SAN,SS,27,92,226,26,54,12,1,4,29,5,1,17,57,4,3,1,0.232,0.295,0.353,0.647,SOL,['SAN'],['SOL'],[2023],72,173,0,100,Active,0,Santa Rosa,Panthera hybrid
951876,Spencer Kennedy,LEW,1B,37,160,602,85,149,33,2,26,93,8,1,71,116,4,5,1,0.249,0.327,0.438,0.765,SOL,['LEW'],['SOL'],[2023],221,454,0,100,Active,0,Lewisville,Bird
182162,Luke Lindor,PAS,OF,24,85,218,18,52,14,4,4,19,6,4,10,40,4,2,3,0.233,0.281,0.394,0.675,SOL,['PAS'],['SOL'],[2023],65,169,0,100,Active,0,Pasadena,Octopus
904055,Michael Mitchell,ROC,OF,32,94,226,33,56,9,1,4,28,11,5,37,52,3,2,5,0.248,0.365,0.349,0.714,ACB,['ROC'],['ACB'],[2023],98,175,0,100,Active,0,Rockford,Turtle
61532,Matt Winans,LEW,C,30,69,219,23,57,8,2,7,26,1,5,23,46,0,4,5,0.259,0.344,0.41,0.754,SOL,['LEW'],['SOL'],[2023],85,167,0,100,Active,0,Lewisville,Bird
180080,Rico Morton,GIL,1B,31,167,602,56,147,30,2,23,81,0,2,68,149,0,4,3,0.27,0.323,0.415,0.738,SOL,['GIL'],['SOL'],[2023],218,458,0,100,Active,0,Gilbert,Star-nosed mole
525248,Lyon Ortega,HAV,SS,33,79,216,15,47,11,3,3,17,7,2,13,57,1,2,0,0.212,0.262,0.337,0.599,ACB,['HAV'],['ACB'],[2023],60,169,0,100,Active,0,Havre de Grace,Earthworm
365672,Brock Hopkins,RIC,C,23,73,213,34,47,16,2,13,34,5,0,33,60,2,1,2,0.237,0.33,0.497,0.827,ACB,['RIC'],['ACB'],[2023],82,168,0,100,Active,0,Richmond County,Llama
576338,Tyler Frazier,GIL,3B,27,157,539,76,135,33,2,37,86,1,1,39,166,0,5,14,0.303,0.317,0.525,0.842,SOL,['GIL'],['SOL'],[2023],188,418,0,100,Active,0,Gilbert,Star-nosed mole
237149,Seth Springs,PAS,SS,22,68,219,21,48,5,2,8,29,8,3,15,71,3,1,2,0.237,0.275,0.369,0.644,SOL,['PAS'],['SOL'],[2023],65,173,0,100,Active,0,Pasadena,Octopus
694678,Jordan Rodon,DEN,OF,34,87,215,31,51,11,3,9,38,4,1,7,53,1,4,0,0.228,0.261,0.441,0.702,SOL,['DEN'],['SOL'],[2023],58,164,0,100,Active,0,Denver,Land snail
836619,Matt Leclerc,HAV,OF,35,141,466,61,121,29,4,17,74,22,3,56,115,1,6,4,0.241,0.344,0.448,0.792,ACB,['HAV'],['ACB'],[2023],181,349,0,100,Active,0,Havre de Grace,Earthworm
356426,Brian Erceg,ROC,2B,28,71,212,27,50,18,2,6,28,2,5,8,47,6,2,3,0.241,0.273,0.424,0.697,ACB,['ROC'],['ACB'],[2023],61,165,0,100,Active,0,Rockford,Turtle
188217,Joe Strzelecki,JAC,OF,26,97,214,34,38,9,1,7,16,1,1,26,58,2,1,10,0.185,0.296,0.327,0.623,ACB,['JAC'],['ACB'],[2023],74,186,0,100,Active,0,Jacksonville,Barnacle
144951,Ronny Mancini,ESC,OF,32,129,478,73,126,39,4,19,47,5,6,30,108,1,4,7,0.216,0.316,0.481,0.796,ACB,['ESC'],['ACB'],[2023],163,359,0,100,Active,0,Escondido,Python
621443,Brandon Vines,SAN,3B,32,86,209,18,50,10,2,2,20,4,2,12,48,4,2,5,0.251,0.296,0.334,0.63,ACB,['SAN'],['ACB'],[2023],67,164,0,100,Active,0,Santa Rosa,Panthera hybrid
175948,Mickey Francis,HAV,OF,27,77,210,29,39,6,2,7,32,1,6,37,47,2,1,4,0.188,0.318,0.333,0.651,ACB,['HAV'],['ACB'],[2023],80,175,0,100,Active,0,Havre de Grace,Earthworm
620278,Nick Uribe,LEW,OF,23,63,208,29,50,10,2,3,29,7,0,33,39,0,6,3,0.246,0.352,0.35,0.702,SOL,['LEW'],['SOL'],[2023],86,161,0,100,Active,0,Lewisville,Bird
474311,Luis Thielbar,BIR,DH,37,86,208,18,36,12,0,6,33,2,0,45,75,3,6,4,0.176,0.33,0.317,0.647,SOL,['BIR'],['SOL'],[2023],85,176,0,100,Active,0,Birmingham,Hermit crab
385350,Jackson Bernardino,ROC,C,28,74,208,15,56,13,1,1,17,2,1,12,56,3,1,2,0.267,0.315,0.355,0.669,ACB,['ROC'],['ACB'],[2023],70,154,0,100,Active,0,Rockford,Turtle
608763,Tom Kieboom,PAS,C,23,64,203,27,45,7,4,4,13,0,0,19,52,2,1,3,0.22,0.297,0.354,0.651,SOL,['PAS'],['SOL'],[2023],67,161,0,100,Active,0,Pasadena,Octopus
726662,Javy Mlodzinski,FAY,OF,30,95,204,27,58,10,4,6,25,3,5,20,64,0,1,5,0.27,0.362,0.46,0.822,SOL,['FAY'],['SOL'],[2023],83,151,0,100,Active,0,Fayetteville,Viper
631965,Francisco Llovera,SAN,OF,30,69,204,22,43,8,2,6,23,3,0,21,57,2,3,3,0.212,0.293,0.357,0.649,SOL,['SAN'],['SOL'],[2023],67,164,0,100,Active,0,Santa Rosa,Panthera hybrid
494814,Chase Snead,RIC,OF,26,64,197,29,42,7,5,9,44,1,3,34,77,4,3,2,0.213,0.334,0.436,0.77,ACB,['RIC'],['ACB'],[2023],78,157,0,100,Active,0,Richmond County,Llama
717421,Ian Winans,ESC,C,23,58,203,23,46,8,2,20,29,1,2,15,53,1,4,2,0.236,0.286,0.581,0.867,ACB,['ESC'],['ACB'],[2023],63,159,0,100,Active,0,Escondido,Python
586845,Carlos Fulmer,PAS,3B,25,61,198,36,57,11,2,4,21,6,2,26,72,2,5,4,0.298,0.381,0.424,0.804,SOL,['PAS'],['SOL'],[2023],87,145,0,100,Active,0,Pasadena,Octopus
762908,Edwin Vines,NEW,C,32,84,196,19,45,12,1,7,28,8,2,16,56,1,3,7,0.235,0.31,0.408,0.718,SOL,['NEW'],['SOL'],[2023],68,158,0,100,Active,0,Newport News,Cape buffalo
260425,Jared Sborz,SUN,C,33,65,199,19,33,5,0,5,11,2,6,17,49,5,3,4,0.18,0.245,0.266,0.511,ACB,['SUN'],['ACB'],[2023],54,170,0,100,Active,0,Sunnyvale,Lamprey
97035,Matt Kay,SAN,2B,27,53,200,23,52,9,2,4,22,0,1,14,46,5,0,5,0.258,0.324,0.385,0.709,SOL,['SAN'],['SOL'],[2023],71,153,0,100,Active,0,Santa Rosa,Panthera hybrid
374735,Anthony Logue,LEW,OF,34,151,476,55,126,29,5,13,67,11,5,51,87,3,6,19,0.287,0.358,0.428,0.786,SOL,['LEW'],['SOL'],[2023],196,369,0,100,Active,0,Lewisville,Bird
448946,Tucker Batten,NAS,SS,23,57,189,18,38,9,2,4,15,5,5,15,56,1,0,6,0.191,0.28,0.333,0.613,ACB,['NAS'],['ACB'],[2023],59,157,0,100,Active,0,Nashville,Shark
565403,Alex Gilbert,RIC,OF,25,59,190,16,40,7,2,4,13,1,0,6,50,3,1,1,0.214,0.238,0.331,0.569,ACB,['RIC'],['ACB'],[2023],47,151,0,100,Active,0,Richmond County,Llama
855626,Adam Suzuki,SUN,OF,32,153,513,63,118,25,1,15,70,7,1,39,110,3,9,4,0.262,0.289,0.37,0.659,ACB,['SUN'],['ACB'],[2023],161,399,0,100,Active,0,Sunnyvale,Lamprey
396152,Alex Cueto,PAS,C,28,76,186,21,45,11,3,4,23,0,0,19,47,4,6,6,0.251,0.331,0.397,0.728,SOL,['PAS'],['SOL'],[2023],70,147,0,100,Active,0,Pasadena,Octopus
189335,Spencer Miller,ROC,3B,30,73,186,27,56,10,0,5,21,7,4,17,24,4,2,3,0.287,0.368,0.435,0.802,ACB,['ROC'],['ACB'],[2023],76,133,0,100,Active,0,Rockford,Turtle
817705,Jose Loup,LEW,OF,30,64,182,17,39,9,0,2,24,0,1,28,58,0,1,5,0.199,0.334,0.296,0.63,SOL,['LEW'],['SOL'],[2023],72,148,0,100,Active,0,Lewisville,Bird
721553,Miguel Morton,NEI,2B,23,53,177,13,35,7,1,6,18,0,2,6,45,4,2,1,0.201,0.228,0.35,0.578,ACB,['NEI'],['ACB'],[2023],42,143,0,100,Active,0,Neilsville,Bat
74176,Zack Schmitt,BIR,C,25,50,178,28,54,7,2,9,33,1,0,9,23,1,1,6,0.319,0.357,0.516,0.873,SOL,['BIR'],['SOL'],[2023],69,130,0,100,Active,0,Birmingham,Hermit crab
998681,Joey Vesia,RAC,OF,29,63,176,24,43,9,1,13,27,1,1,17,63,3,3,8,0.244,0.338,0.528,0.866,SOL,['RAC'],['SOL'],[2023],68,141,0,100,Active,0,Racine,Hedgehog
182742,Elias Winn,STE,3B,26,56,176,16,41,3,1,5,18,5,2,13,42,3,4,4,0.226,0.3,0.346,0.645,SOL,['STE'],['SOL'],[2023],58,139,0,100,Active,0,Sterling Heights,Bovid
679292,Franchy Marsh,ROC,2B,30,47,174,12,36,9,3,4,15,10,3,10,60,0,2,1,0.203,0.254,0.362,0.616,ACB,['ROC'],['ACB'],[2023],47,139,0,100,Active,0,Rockford,Turtle
961897,John Barlow,RIC,OF,35,46,172,21,39,7,0,9,27,4,3,13,39,0,4,4,0.217,0.296,0.424,0.72,ACB,['RIC'],['ACB'],[2023],56,137,0,100,Active,0,Richmond County,Llama
478071,Jeimer King,NAS,C,30,62,174,20,37,4,1,4,15,1,0,8,22,2,2,2,0.21,0.255,0.316,0.571,ACB,['NAS'],['ACB'],[2023],47,139,0,100,Active,0,Nashville,Shark
577251,Kody Bellinger,ESC,C,31,71,172,18,33,5,1,8,17,0,3,14,63,2,1,0,0.197,0.252,0.372,0.624,ACB,['ESC'],['ACB'],[2023],47,139,0,100,Active,0,Escondido,Python
923335,Eric Weaver,RIC,3B,24,68,168,20,41,8,0,7,22,9,1,10,30,3,4,2,0.242,0.294,0.416,0.71,ACB,['RIC'],['ACB'],[2023],53,129,0,100,Active,0,Richmond County,Llama
481509,Ken Suarez,TAL,C,27,57,164,25,37,14,2,7,21,1,2,6,38,2,3,2,0.227,0.261,0.463,0.724,ACB,['TAL'],['ACB'],[2023],45,129,0,100,Active,0,Tallahassee,Mandrill
119935,MacKenzie Wells,SAN,OF,23,68,165,28,46,9,3,3,25,16,5,8,44,7,1,6,0.302,0.335,0.424,0.759,SOL,['SAN'],['SOL'],[2023],60,125,0,100,Active,0,Santa Rosa,Panthera hybrid
268845,Lyon Okert,ESC,3B,33,44,164,27,38,7,1,4,25,4,2,32,31,0,5,7,0.236,0.379,0.359,0.738,ACB,['ESC'],['ACB'],[2023],77,133,0,100,Active,0,Escondido,Python
722168,Trevor McClanahan,NEI,3B,29,57,162,20,40,8,0,2,23,5,5,9,50,5,1,2,0.252,0.294,0.333,0.627,ACB,['NEI'],['ACB'],[2023],51,124,0,100,Active,0,Neilsville,Bat
304210,Jonah Phillips,THO,C,32,50,165,20,46,14,1,8,19,0,4,10,49,3,3,1,0.29,0.323,0.521,0.844,ACB,['THO'],['ACB'],[2023],57,120,0,100,Active,0,Thousand Oaks,Sole
1009658,Giancarlo Smeltzer,THO,OF,31,68,162,19,33,10,2,7,19,8,3,19,63,0,1,5,0.207,0.306,0.419,0.725,ACB,['THO'],['ACB'],[2023],57,134,0,100,Active,0,Thousand Oaks,Sole
909766,Eduardo Liberatore,STE,OF,34,53,160,14,40,8,3,3,19,3,1,7,28,1,1,1,0.25,0.285,0.393,0.677,SOL,['STE'],['SOL'],[2023],48,121,0,100,Active,0,Sterling Heights,Bovid
799310,James German,RIC,C,30,62,157,7,21,9,2,0,9,0,0,4,53,0,1,1,0.126,0.16,0.216,0.376,ACB,['RIC'],['ACB'],[2023],26,137,0,100,Active,0,Richmond County,Llama
958703,Hyun Kemp,LEW,OF,27,71,153,29,32,8,1,5,20,5,3,27,51,3,5,3,0.217,0.338,0.372,0.71,SOL,['LEW'],['SOL'],[2023],62,124,0,100,Active,0,Lewisville,Bird
407513,Trey Tellez,STE,C,27,48,156,8,47,18,2,4,21,4,3,11,49,1,2,2,0.273,0.355,0.519,0.874,SOL,['STE'],['SOL'],[2023],60,111,0,100,Active,0,Sterling Heights,Bovid
581865,Trevor Saucedo,BIR,DH,43,55,158,12,35,8,4,5,25,1,0,8,48,1,3,4,0.245,0.276,0.417,0.693,SOL,['BIR'],['SOL'],[2023],47,127,0,100,Active,0,Birmingham,Hermit crab
1015244,Chad Martin,RIC,3B,25,42,154,13,30,4,2,5,13,0,0,12,26,0,4,2,0.211,0.261,0.344,0.605,ACB,['RIC'],['ACB'],[2023],44,126,0,100,Active,0,Richmond County,Llama
325556,Shawn Heller,SAN,OF,25,49,159,21,26,9,3,4,13,1,1,12,57,3,0,1,0.163,0.226,0.333,0.559,SOL,['SAN'],['SOL'],[2023],39,134,0,100,Active,0,Santa Rosa,Panthera hybrid
529247,Javier Acuna,SAN,3B,27,51,149,17,36,7,2,4,14,1,0,9,42,0,2,1,0.23,0.289,0.395,0.683,SOL,['SAN'],['SOL'],[2023],46,114,0,100,Active,0,Santa Rosa,Panthera hybrid
749998,Ryan Flaherty,ROC,2B,24,51,155,20,41,12,0,6,22,5,2,10,40,2,3,1,0.266,0.313,0.458,0.771,ACB,['ROC'],['ACB'],[2023],52,115,0,100,Active,0,Rockford,Turtle
559764,Brusdar Kremer,BIR,2B,29,63,150,23,29,11,1,7,19,2,4,19,41,0,1,6,0.203,0.308,0.42,0.728,SOL,['BIR'],['SOL'],[2023],54,127,0,100,Active,0,Birmingham,Hermit crab
1023925,Seby Neto,MCH,3B,29,155,553,84,143,44,4,23,79,8,3,59,141,0,4,14,0.234,0.345,0.477,0.822,SOL,['MCH'],['SOL'],[2023],216,424,0,100,Active,0,McHenry,Otter
682688,Kevin Adcock,GRE,2B,31,60,149,16,34,13,2,4,7,1,1,14,40,1,5,3,0.213,0.307,0.422,0.729,ACB,['GRE'],['ACB'],[2023],51,118,0,100,Active,0,Greenville,Hamster
487330,Wil Kelly,RIC,OF,29,115,395,51,95,21,5,10,40,14,1,33,129,2,2,11,0.243,0.316,0.394,0.71,ACB,['RIC'],['ACB'],[2023],139,311,0,100,Active,0,Richmond County,Llama
817350,Chas Pham,DES,3B,27,53,148,19,25,5,3,5,14,4,0,5,57,7,1,1,0.185,0.201,0.344,0.544,ACB,['DES'],['ACB'],[2023],31,124,0,100,Active,0,Des Moines,Cattle
936952,Brusdar Ruiz,NAS,OF,28,47,148,16,35,8,4,5,18,0,0,14,21,1,4,2,0.239,0.31,0.445,0.755,ACB,['NAS'],['ACB'],[2023],51,115,0,100,Active,0,Nashville,Shark
394377,Joel Choi,NEW,SS,25,50,144,15,32,8,1,3,20,3,2,17,49,2,2,0,0.218,0.304,0.354,0.657,SOL,['NEW'],['SOL'],[2023],49,112,0,100,Active,0,Newport News,Cape buffalo
305508,Bryan Mathias,MCH,2B,27,68,146,25,35,9,0,2,5,14,1,13,34,3,0,3,0.241,0.314,0.342,0.656,SOL,['MCH'],['SOL'],[2023],51,114,0,100,Active,0,McHenry,Otter
1004281,Jackson Milone,MCH,C,24,59,147,19,33,4,1,6,19,2,0,12,42,1,1,11,0.214,0.329,0.387,0.716,SOL,['MCH'],['SOL'],[2023],56,125,0,100,Active,0,McHenry,Otter
108752,Alex Adames,BIR,C,33,54,140,12,22,3,2,2,8,1,2,21,36,6,0,4,0.146,0.284,0.25,0.534,SOL,['BIR'],['SOL'],[2023],47,122,0,100,Active,0,Birmingham,Hermit crab
428095,Emmanuel Rutschman,RAC,C,31,50,141,13,33,5,1,3,10,4,3,16,28,1,3,0,0.211,0.312,0.347,0.659,SOL,['RAC'],['SOL'],[2023],49,108,0,100,Active,0,Racine,Hedgehog
937543,Vladimir Haseley,NAS,OF,29,51,143,22,33,5,3,10,14,1,2,19,44,2,1,4,0.227,0.337,0.517,0.854,ACB,['NAS'],['ACB'],[2023],56,114,0,100,Active,0,Nashville,Shark
415140,Grayson Kemp,NEW,OF,32,38,138,12,24,3,3,6,13,3,3,12,51,1,3,2,0.189,0.25,0.369,0.619,SOL,['NEW'],['SOL'],[2023],38,116,0,100,Active,0,Newport News,Cape buffalo
769835,Francisco Hearn,SUN,SS,27,157,563,75,147,26,8,8,62,16,2,32,104,0,8,3,0.256,0.304,0.378,0.681,ACB,['SUN'],['ACB'],[2023],182,419,0,100,Active,0,Sunnyvale,Lamprey
899961,Isan Mauricio,GRE,OF,23,41,137,21,32,7,3,3,14,10,1,22,40,0,2,4,0.232,0.355,0.394,0.749,ACB,['GRE'],['ACB'],[2023],58,109,0,100,Active,0,Greenville,Hamster
405423,Zack Haase,THO,2B,29,115,349,48,84,20,0,4,45,16,0,28,87,3,8,1,0.272,0.298,0.332,0.63,ACB,['THO'],['ACB'],[2023],113,266,0,100,Active,0,Thousand Oaks,Sole
873643,Trevor Solano,DES,C,21,49,134,10,21,1,3,3,7,0,0,12,50,1,4,5,0.16,0.251,0.276,0.527,ACB,['DES'],['ACB'],[2023],38,118,0,100,Active,0,Des Moines,Cattle
480300,Nick Waldron,FAY,3B,26,47,139,20,18,6,2,6,14,2,1,11,47,2,3,4,0.145,0.214,0.33,0.544,SOL,['FAY'],['SOL'],[2023],33,125,0,100,Active,0,Fayetteville,Viper
1014157,J.C. Hernandez,SAN,OF,30,78,137,24,33,8,4,4,18,25,5,10,33,4,0,4,0.258,0.311,0.445,0.756,ACB,['SAN'],['ACB'],[2023],47,108,0,100,Active,0,Santa Rosa,Panthera hybrid
1007675,Luis Herrin,RIC,C,32,46,135,13,27,7,2,3,13,3,3,16,68,1,1,2,0.177,0.294,0.348,0.641,ACB,['RIC'],['ACB'],[2023],45,110,0,100,Active,0,Richmond County,Llama
1006426,Alika Cisnero,DES,OF,23,45,132,13,26,4,4,4,11,0,0,6,40,0,4,1,0.211,0.237,0.378,0.615,ACB,['DES'],['ACB'],[2023],33,107,0,100,Active,0,Des Moines,Cattle
607385,Aaron Martini,BOI,SS,21,41,132,10,22,3,1,3,16,4,2,11,30,2,3,0,0.172,0.23,0.272,0.502,SOL,['BOI'],['SOL'],[2023],33,110,0,100,Active,0,Boise City,Swordtail
915894,Kerry Sale,VIS,OF,26,103,131,25,33,8,2,4,19,6,0,9,41,8,4,3,0.254,0.314,0.435,0.749,ACB,['VIS'],['ACB'],[2023],45,101,0,100,Active,0,Visalia,Tahr
427088,Masyn Vogelbach,BIR,3B,28,46,129,22,33,7,0,2,13,2,2,20,31,3,1,2,0.258,0.364,0.356,0.72,SOL,['BIR'],['SOL'],[2023],55,98,0,100,Active,0,Birmingham,Hermit crab
167012,Tanner Kirby,FAY,2B,24,57,131,10,24,7,1,2,8,5,3,9,43,1,2,0,0.175,0.235,0.297,0.532,SOL,['FAY'],['SOL'],[2023],33,107,0,100,Active,0,Fayetteville,Viper
81638,German Dickerson,BIR,1B,32,138,464,45,119,18,1,17,66,1,1,34,143,0,4,3,0.239,0.311,0.409,0.72,SOL,['BIR'],['SOL'],[2023],156,348,0,100,Active,0,Birmingham,Hermit crab
872871,Heston Caminero,ERI,2B,24,42,126,29,34,12,1,11,24,1,0,28,45,1,2,5,0.276,0.421,0.642,1.063,ACB,['ERI'],['ACB'],[2023],67,97,0,100,Active,0,Erie,Ox
91195,Jose Montes,PAS,2B,24,38,129,14,28,9,1,3,13,1,2,6,38,1,2,5,0.209,0.278,0.372,0.65,SOL,['PAS'],['SOL'],[2023],39,106,0,100,Active,0,Pasadena,Octopus
7899,Jake Leclerc,SAN,3B,35,121,386,46,97,18,3,13,51,6,1,23,105,4,8,4,0.27,0.3,0.414,0.714,SOL,['SAN'],['SOL'],[2023],124,293,0,100,Active,0,Santa Rosa,Panthera hybrid
662849,Estevan Profar,RAC,OF,32,53,124,16,26,4,1,1,9,6,3,24,39,1,3,3,0.219,0.35,0.282,0.631,SOL,['RAC'],['SOL'],[2023],53,101,0,100,Active,0,Racine,Hedgehog
298539,Joe Turang,NEW,3B,21,39,127,15,40,10,0,5,17,7,5,10,29,1,0,1,0.316,0.369,0.511,0.88,SOL,['NEW'],['SOL'],[2023],51,88,0,100,Active,0,Newport News,Cape buffalo
276170,Miguel Bird,SAN,C,30,44,125,15,25,4,1,1,13,3,1,9,33,1,5,3,0.204,0.27,0.272,0.542,SOL,['SAN'],['SOL'],[2023],37,103,0,100,Active,0,Santa Rosa,Panthera hybrid
574535,Josh Beck,RAC,3B,34,112,314,33,68,8,7,9,35,2,1,18,84,1,2,0,0.236,0.259,0.372,0.631,SOL,['RAC'],['SOL'],[2023],86,246,0,100,Active,0,Racine,Hedgehog
803249,Nick Lynch,MCH,C,32,53,119,6,22,4,1,2,10,2,1,15,43,2,2,1,0.202,0.281,0.285,0.566,SOL,['MCH'],['SOL'],[2023],38,98,0,100,Active,0,McHenry,Otter
1011685,Karl Suarez,ESC,1B,21,33,119,20,33,7,3,3,7,0,1,24,20,1,1,3,0.275,0.41,0.462,0.872,ACB,['ESC'],['ACB'],[2023],60,89,0,100,Active,0,Escondido,Python
972170,George Bradley,GIL,OF,32,38,119,10,23,3,1,3,13,3,1,10,40,4,1,3,0.185,0.272,0.31,0.582,SOL,['GIL'],['SOL'],[2023],36,99,0,100,Active,0,Gilbert,Star-nosed mole
915722,Denyi Harrison,STE,OF,26,37,119,16,32,6,1,1,9,8,1,11,21,5,0,4,0.299,0.35,0.361,0.711,SOL,['STE'],['SOL'],[2023],47,91,0,100,Active,0,Sterling Heights,Bovid
604855,David Lamb,RAC,2B,29,60,118,13,25,8,4,5,12,1,0,11,30,3,1,4,0.224,0.3,0.474,0.774,SOL,['RAC'],['SOL'],[2023],40,97,0,100,Active,0,Racine,Hedgehog
989453,Jeff Greene,STE,OF,24,34,117,9,29,9,5,0,12,13,3,10,23,3,4,2,0.252,0.317,0.41,0.727,SOL,['STE'],['SOL'],[2023],41,90,0,100,Active,0,Sterling Heights,Bovid
182300,Cal Kuhnel,ROC,3B,28,42,115,16,19,3,1,7,19,4,3,4,37,3,2,3,0.162,0.213,0.391,0.604,ACB,['ROC'],['ACB'],[2023],26,99,0,100,Active,0,Rockford,Turtle
955231,Trey India,SAN,OF,33,47,118,11,15,6,0,2,7,1,2,6,29,4,1,2,0.133,0.182,0.228,0.41,ACB,['SAN'],['ACB'],[2023],23,105,0,100,Active,0,Santa Rosa,Panthera hybrid
799935,Tyler France,DES,1B,33,41,118,11,23,2,4,5,10,0,0,10,34,1,1,2,0.221,0.269,0.406,0.675,ACB,['DES'],['ACB'],[2023],35,97,0,100,Active,0,Des Moines,Cattle
19331,Michael Grichuk,ESC,1B,30,43,112,10,13,4,3,4,12,2,0,12,50,1,0,2,0.125,0.214,0.312,0.526,ACB,['ESC'],['ACB'],[2023],27,101,0,100,Active,0,Escondido,Python
119694,Kole Zastryzny,SAN,2B,36,42,114,9,24,5,0,3,10,0,0,6,20,2,2,7,0.204,0.291,0.333,0.624,SOL,['SAN'],['SOL'],[2023],37,97,0,100,Active,0,Santa Rosa,Panthera hybrid
623804,Aledmys Winker,TAL,C,26,42,112,10,28,4,0,8,20,0,0,4,35,0,1,0,0.252,0.275,0.5,0.775,ACB,['TAL'],['ACB'],[2023],32,84,0,100,Active,0,Tallahassee,Mandrill
21677,Jake Bautista,RIC,C,27,66,108,12,24,7,0,6,21,2,6,8,31,1,4,6,0.238,0.311,0.453,0.764,ACB,['RIC'],['ACB'],[2023],38,90,0,100,Active,0,Richmond County,Llama
644505,Nick Polanco,PAS,SS,24,47,111,8,23,6,0,0,8,3,0,11,38,1,2,3,0.198,0.296,0.261,0.556,SOL,['PAS'],['SOL'],[2023],37,91,0,100,Active,0,Pasadena,Octopus
488611,Jesus Waters,RAC,SS,22,26,110,11,27,5,0,2,9,7,3,7,33,0,0,0,0.248,0.29,0.345,0.635,SOL,['RAC'],['SOL'],[2023],34,83,0,100,Active,0,Racine,Hedgehog
56877,Carlos Jackson,HAV,C,26,46,111,16,22,6,0,4,9,2,0,13,36,8,4,3,0.208,0.299,0.36,0.659,ACB,['HAV'],['ACB'],[2023],38,92,0,100,Active,0,Havre de Grace,Earthworm
800236,Alec Brito,GRE,3B,26,44,104,12,20,3,4,6,10,0,2,15,25,1,1,5,0.2,0.322,0.471,0.792,ACB,['GRE'],['ACB'],[2023],40,89,0,100,Active,0,Greenville,Hamster
210240,Sammy Oller,MCH,1B,33,33,103,10,23,3,0,3,14,2,0,8,26,1,1,0,0.234,0.279,0.339,0.618,SOL,['MCH'],['SOL'],[2023],31,80,0,100,Active,0,McHenry,Otter
994429,Shintaro Marte,BOI,OF,26,34,99,10,24,6,3,6,17,2,2,6,12,1,3,1,0.258,0.292,0.545,0.837,SOL,['BOI'],['SOL'],[2023],31,76,0,100,Active,0,Boise City,Swordtail
934756,Josh Diaz,NEI,2B,27,46,103,12,19,5,2,3,15,7,1,3,37,5,1,2,0.194,0.222,0.359,0.581,ACB,['NEI'],['ACB'],[2023],24,86,0,100,Active,0,Neilsville,Bat
850400,Greg Sandoval,NAS,OF,22,31,102,8,14,6,2,3,13,6,0,10,42,1,1,3,0.151,0.234,0.323,0.557,ACB,['NAS'],['ACB'],[2023],27,91,0,100,Active,0,Nashville,Shark
949709,Corey Morris,HAV,3B,33,149,411,42,83,11,5,7,42,16,4,51,106,4,4,4,0.183,0.296,0.304,0.6,ACB,['HAV'],['ACB'],[2023],138,332,0,100,Active,0,Havre de Grace,Earthworm
57147,Gavin Sims,HAV,OF,25,29,104,10,29,6,1,2,15,0,3,7,23,2,0,1,0.301,0.33,0.413,0.743,ACB,['HAV'],['ACB'],[2023],37,76,0,100,Active,0,Havre de Grace,Earthworm
869993,Rico Stevenson,RIC,OF,27,39,101,13,18,7,1,2,8,0,2,2,11,1,2,2,0.176,0.209,0.326,0.535,ACB,['RIC'],['ACB'],[2023],22,85,0,100,Active,0,Richmond County,Llama
41797,Manny Burdick,STE,2B,28,55,99,17,22,4,1,4,6,3,0,7,36,0,3,0,0.242,0.273,0.404,0.677,SOL,['STE'],['SOL'],[2023],29,77,0,100,Active,0,Sterling Heights,Bovid
893779,Connor Ramirez,THO,OF,29,56,102,14,25,4,2,5,6,11,2,16,19,3,2,3,0.253,0.363,0.47,0.833,ACB,['THO'],['ACB'],[2023],44,80,0,100,Active,0,Thousand Oaks,Sole
465282,Seby Young,BIR,OF,27,60,98,16,21,7,0,4,12,8,3,4,26,5,3,3,0.231,0.266,0.408,0.673,SOL,['BIR'],['SOL'],[2023],28,80,0,100,Active,0,Birmingham,Hermit crab
699119,Trent Taylor,GIL,OF,31,42,100,23,23,6,2,3,12,2,2,10,30,2,4,2,0.244,0.312,0.42,0.732,SOL,['GIL'],['SOL'],[2023],35,79,0,100,Active,0,Gilbert,Star-nosed mole
696521,Austin Betts,MCH,1B,25,30,97,8,17,3,1,3,13,0,4,9,32,2,0,1,0.167,0.252,0.319,0.571,SOL,['MCH'],['SOL'],[2023],27,81,0,100,Active,0,McHenry,Otter
250400,Santiago Rojas,ESC,2B,29,36,97,9,25,2,0,2,13,1,1,10,11,4,0,0,0.247,0.327,0.34,0.667,ACB,['ESC'],['ACB'],[2023],35,72,0,100,Active,0,Escondido,Python
643664,Jackson Moreno,DES,2B,27,44,97,10,16,5,3,1,12,1,1,11,24,3,3,4,0.17,0.276,0.309,0.585,ACB,['DES'],['ACB'],[2023],31,85,0,100,Active,0,Des Moines,Cattle
604586,Brandon Zimmermann,THO,OF,26,39,97,19,23,5,3,3,12,4,2,12,39,1,3,1,0.239,0.327,0.443,0.77,ACB,['THO'],['ACB'],[2023],36,75,0,100,Active,0,Thousand Oaks,Sole
391903,Paul Marquez,TAL,2B,25,37,99,13,22,5,2,6,15,0,1,13,32,0,2,2,0.23,0.324,0.494,0.818,ACB,['TAL'],['ACB'],[2023],37,79,0,100,Active,0,Tallahassee,Mandrill
727085,Erik Davis,STE,3B,26,31,98,14,18,4,5,5,14,1,1,7,31,2,2,3,0.207,0.259,0.479,0.738,SOL,['STE'],['SOL'],[2023],28,83,0,100,Active,0,Sterling Heights,Bovid
42317,DL Perkins,TAL,SS,23,34,94,15,19,6,3,1,14,2,2,7,26,2,2,2,0.218,0.271,0.361,0.632,ACB,['TAL'],['ACB'],[2023],28,77,0,100,Active,0,Tallahassee,Mandrill
746015,Sam Miller,FAY,C,26,31,94,12,18,6,2,1,6,0,2,5,28,1,3,4,0.207,0.262,0.329,0.591,SOL,['FAY'],['SOL'],[2023],27,80,0,100,Active,0,Fayetteville,Viper
30975,Sean Campbell,BOI,1B,26,35,92,9,19,3,3,3,10,0,0,14,32,1,1,1,0.209,0.317,0.402,0.719,SOL,['BOI'],['SOL'],[2023],34,74,0,100,Active,0,Boise City,Swordtail
855110,Francisco Velasquez,SAN,OF,24,51,92,14,21,8,3,5,12,2,6,10,28,4,1,1,0.238,0.31,0.543,0.853,SOL,['SAN'],['SOL'],[2023],32,72,0,100,Active,0,Santa Rosa,Panthera hybrid
301120,Zach Reyes,PAS,OF,28,34,92,10,23,11,0,6,18,4,1,6,16,1,0,0,0.25,0.295,0.565,0.859,SOL,['PAS'],['SOL'],[2023],29,69,0,100,Active,0,Pasadena,Octopus
233642,Adolis Dixon,MEL,DH,27,33,94,12,10,4,1,1,3,2,2,13,36,0,0,2,0.119,0.229,0.202,0.431,ACB,['MEL'],['ACB'],[2023],25,86,0,100,Active,0,Melbourne,Cattle
101587,Brent Hays,TAL,3B,22,27,93,14,23,3,1,1,6,1,0,7,21,0,4,2,0.253,0.313,0.333,0.646,ACB,['TAL'],['ACB'],[2023],32,72,0,100,Active,0,Tallahassee,Mandrill
1027547,Kyle De Los Santos,ROC,OF,23,30,92,13,23,8,3,5,6,3,2,5,28,2,2,1,0.241,0.295,0.565,0.859,ACB,['ROC'],['ACB'],[2023],29,70,0,100,Active,0,Rockford,Turtle
467618,Byron Schneider,SAN,3B,32,29,91,8,19,3,2,2,9,2,0,8,31,1,4,1,0.183,0.28,0.351,0.631,ACB,['SAN'],['ACB'],[2023],28,73,0,100,Active,0,Santa Rosa,Panthera hybrid
376386,Connor Cruz,NEI,2B,30,37,91,13,19,5,3,4,19,0,2,4,15,3,4,3,0.22,0.265,0.461,0.726,ACB,['NEI'],['ACB'],[2023],26,75,0,100,Active,0,Neilsville,Bat
968998,Zach Miller,ESC,SS,29,58,90,15,18,3,1,2,5,13,4,10,31,3,0,0,0.173,0.28,0.322,0.602,ACB,['ESC'],['ACB'],[2023],28,72,0,100,Active,0,Escondido,Python
167187,Adrian Delay,RIC,SS,22,24,89,11,20,6,0,1,12,0,1,6,32,0,2,1,0.247,0.281,0.325,0.606,ACB,['RIC'],['ACB'],[2023],27,70,0,100,Active,0,Richmond County,Llama
727403,Gavin Carter,BIR,C,29,37,87,7,19,3,2,2,6,0,1,5,21,0,3,2,0.21,0.276,0.367,0.643,SOL,['BIR'],['SOL'],[2023],26,70,0,100,Active,0,Birmingham,Hermit crab
1036112,Gleyber Harper,NEW,C,34,45,87,9,17,4,1,2,11,0,2,14,26,3,1,4,0.175,0.333,0.333,0.666,SOL,['NEW'],['SOL'],[2023],35,74,0,100,Active,0,Newport News,Cape buffalo
389346,Nick Tarnok,BIR,3B,31,37,85,13,16,11,1,5,9,3,0,4,38,1,3,4,0.203,0.258,0.517,0.775,SOL,['BIR'],['SOL'],[2023],24,73,0,100,Active,0,Birmingham,Hermit crab
235361,AJ Perdomo,GIL,2B,24,36,81,15,24,4,3,2,4,5,2,4,16,3,1,2,0.295,0.344,0.493,0.837,SOL,['GIL'],['SOL'],[2023],30,59,0,100,Active,0,Gilbert,Star-nosed mole
163964,Dean Melendez,TAL,2B,25,43,82,15,14,3,1,0,10,3,4,8,23,1,1,4,0.171,0.276,0.231,0.507,ACB,['TAL'],['ACB'],[2023],26,72,0,100,Active,0,Tallahassee,Mandrill
749571,Bryse Staumont,BOI,SS,34,31,84,4,18,3,1,1,2,2,2,5,34,0,3,2,0.171,0.274,0.309,0.583,SOL,['BOI'],['SOL'],[2023],25,68,0,100,Active,0,Boise City,Swordtail
604271,Andre Wingenter,ROC,OF,24,30,83,12,25,7,1,2,15,4,2,9,25,1,1,0,0.316,0.369,0.481,0.85,ACB,['ROC'],['ACB'],[2023],34,58,0,100,Active,0,Rockford,Turtle
882434,Jeff Smith,DEN,2B,22,24,80,8,24,3,3,2,9,0,1,5,15,0,2,3,0.28,0.363,0.487,0.85,SOL,['DEN'],['SOL'],[2023],32,59,0,100,Active,0,Denver,Land snail
926179,Keegan Turnbull,SAN,OF,29,24,81,12,24,8,2,4,7,3,1,4,18,2,3,2,0.27,0.344,0.592,0.936,SOL,['SAN'],['SOL'],[2023],30,59,0,100,Active,0,Santa Rosa,Panthera hybrid
689034,Brandon Ford,NEW,OF,31,25,79,9,18,3,2,2,9,6,5,13,22,4,1,1,0.243,0.344,0.392,0.736,SOL,['NEW'],['SOL'],[2023],32,62,0,100,Active,0,Newport News,Cape buffalo
193396,John Sabol,LEW,3B,29,33,80,8,16,2,0,5,10,0,3,6,23,2,1,2,0.205,0.272,0.412,0.683,SOL,['LEW'],['SOL'],[2023],24,66,0,100,Active,0,Lewisville,Bird
661115,Matt Vosler,DES,OF,26,32,82,6,21,5,0,0,4,5,7,14,30,0,0,3,0.26,0.383,0.317,0.7,ACB,['DES'],['ACB'],[2023],38,64,0,100,Active,0,Des Moines,Cattle
795195,Tyler Lange,DEN,OF,29,44,77,17,17,7,0,3,8,6,0,11,39,0,0,3,0.236,0.34,0.428,0.768,SOL,['DEN'],['SOL'],[2023],31,63,0,100,Active,0,Denver,Land snail
773552,Dallas Herget,SUN,2B,25,27,72,9,15,4,0,2,9,3,0,11,28,1,1,0,0.167,0.313,0.347,0.659,ACB,['SUN'],['ACB'],[2023],26,57,0,100,Active,0,Sunnyvale,Lamprey
897238,Luis Thompson,NEW,OF,33,32,81,14,21,4,4,6,17,1,1,8,17,0,1,2,0.264,0.34,0.629,0.969,SOL,['NEW'],['SOL'],[2023],31,62,0,100,Active,0,Newport News,Cape buffalo
207025,Justin Englert,SUN,OF,32,80,170,17,28,3,1,9,17,2,2,27,85,0,1,3,0.155,0.29,0.352,0.641,ACB,['SUN'],['ACB'],[2023],58,145,0,100,Active,0,Sunnyvale,Lamprey
728730,Bryan Soriano,NAS,C,24,22,75,8,18,8,2,5,14,0,0,8,16,3,2,1,0.229,0.321,0.6,0.921,ACB,['NAS'],['ACB'],[2023],27,58,0,100,Active,0,Nashville,Shark
306476,Tommy Kennedy,SAN,OF,24,25,76,8,18,5,5,1,21,1,2,5,30,1,2,0,0.2,0.283,0.473,0.756,SOL,['SAN'],['SOL'],[2023],23,58,0,100,Active,0,Santa Rosa,Panthera hybrid
870465,Bruce Benintendi,NAS,OF,34,101,295,50,74,9,4,8,40,7,0,46,74,0,1,0,0.188,0.351,0.389,0.74,ACB,['NAS'],['ACB'],[2023],120,221,0,100,Active,0,Nashville,Shark
698163,Wandy Thielbar,NAS,OF,29,24,74,9,13,5,0,6,17,1,1,2,25,1,0,1,0.188,0.207,0.486,0.693,ACB,['NAS'],['ACB'],[2023],16,62,0,100,Active,0,Nashville,Shark
73350,Taylor Baker,LEW,1B,32,23,76,6,17,3,0,1,6,5,4,4,29,1,0,3,0.221,0.289,0.302,0.591,SOL,['LEW'],['SOL'],[2023],24,62,0,100,Active,0,Lewisville,Bird
944115,Charlie Flexen,NAS,C,26,36,72,7,8,1,0,2,6,1,0,11,20,3,1,1,0.118,0.238,0.208,0.445,ACB,['NAS'],['ACB'],[2023],20,65,0,100,Active,0,Nashville,Shark
692232,Connor Toglia,GIL,OF,27,24,72,10,19,5,1,2,10,2,2,2,22,0,2,1,0.269,0.293,0.444,0.737,SOL,['GIL'],['SOL'],[2023],22,54,0,100,Active,0,Gilbert,Star-nosed mole
1035678,Willi Frazier,NEI,OF,29,33,69,12,13,4,1,2,3,4,4,12,26,3,0,2,0.197,0.325,0.362,0.687,ACB,['NEI'],['ACB'],[2023],27,58,0,100,Active,0,Neilsville,Bat
186991,Jake Gore,DEN,SS,28,102,242,34,56,11,3,2,27,6,2,31,47,4,1,6,0.277,0.333,0.326,0.659,SOL,['DEN'],['SOL'],[2023],93,192,0,100,Active,0,Denver,Land snail
525796,Endy Burger,LEW,OF,25,21,71,12,16,2,2,4,9,1,1,9,27,1,1,0,0.246,0.312,0.478,0.79,SOL,['LEW'],['SOL'],[2023],25,55,0,100,Active,0,Lewisville,Bird
387520,Everson Graveman,RAC,SS,30,35,76,5,12,4,3,4,7,1,1,5,17,3,1,0,0.185,0.209,0.447,0.656,SOL,['RAC'],['SOL'],[2023],17,64,0,100,Active,0,Racine,Hedgehog
60730,Tyler Ward,NEI,C,25,26,73,7,6,2,1,2,6,1,3,6,21,0,2,1,0.077,0.162,0.219,0.381,ACB,['NEI'],['ACB'],[2023],13,68,0,100,Active,0,Neilsville,Bat
990635,Alex Happ,ESC,OF,29,44,72,11,12,1,1,3,6,3,3,9,41,0,2,0,0.175,0.259,0.333,0.592,ACB,['ESC'],['ACB'],[2023],21,60,0,100,Active,0,Escondido,Python
471809,Mike Jackson,NEW,3B,30,20,68,6,10,3,3,3,11,1,4,6,27,0,1,1,0.161,0.226,0.411,0.637,SOL,['NEW'],['SOL'],[2023],17,59,0,100,Active,0,Newport News,Cape buffalo
553653,Johnny Holmes,SAN,3B,25,19,68,10,21,8,2,3,10,5,1,5,12,0,1,2,0.323,0.373,0.617,0.99,ACB,['SAN'],['ACB'],[2023],28,49,0,100,Active,0,Santa Rosa,Panthera hybrid
630166,Tommy Pagan,JAC,OF,21,24,65,18,21,6,1,5,16,5,3,14,24,1,2,0,0.306,0.443,0.676,1.119,ACB,['JAC'],['ACB'],[2023],35,44,0,100,Active,0,Jacksonville,Barnacle
907159,Ryan McCormick,ESC,2B,27,30,70,6,19,2,1,0,6,1,2,9,8,2,0,4,0.29,0.385,0.328,0.713,ACB,['ESC'],['ACB'],[2023],32,55,0,100,Active,0,Escondido,Python
393470,Lawrence Correa,VIS,OF,23,28,64,15,7,2,2,0,5,1,0,13,26,0,1,3,0.115,0.287,0.203,0.49,ACB,['VIS'],['ACB'],[2023],23,60,0,100,Active,0,Visalia,Tahr
848650,Trevor Assad,NAS,OF,25,21,68,5,16,3,2,0,9,3,1,7,22,4,2,4,0.23,0.341,0.338,0.679,ACB,['NAS'],['ACB'],[2023],27,56,0,100,Active,0,Nashville,Shark
346253,Justin Sanmartin,BOI,OF,25,29,64,6,12,2,0,6,2,0,1,4,24,1,0,3,0.183,0.267,0.5,0.767,SOL,['BOI'],['SOL'],[2023],19,55,0,100,Active,0,Boise City,Swordtail
767157,Scott Brogdon,SAN,2B,25,31,65,11,13,2,3,0,6,12,1,7,23,1,2,2,0.2,0.297,0.323,0.62,ACB,['SAN'],['ACB'],[2023],22,54,0,100,Active,0,Santa Rosa,Panthera hybrid
746874,Connor Wade,RAC,2B,25,29,68,3,10,1,1,5,10,0,2,9,22,5,1,0,0.136,0.246,0.411,0.657,SOL,['RAC'],['SOL'],[2023],19,58,0,100,Active,0,Racine,Hedgehog
1039664,Emmanuel Calhoun,SAN,DH,28,19,66,6,12,3,1,3,9,1,3,5,26,2,3,1,0.186,0.25,0.393,0.643,ACB,['SAN'],['ACB'],[2023],18,55,0,100,Active,0,Santa Rosa,Panthera hybrid
611392,Sean Langeliers,LEW,3B,37,54,181,19,25,6,0,14,27,1,3,24,54,0,2,0,0.169,0.239,0.403,0.642,SOL,['LEW'],['SOL'],[2023],49,156,0,100,Active,0,Lewisville,Bird
696738,Kyle Singleton,ESC,OF,24,21,66,7,13,3,2,3,6,3,1,4,26,0,3,0,0.207,0.242,0.439,0.681,ACB,['ESC'],['ACB'],[2023],17,53,0,100,Active,0,Escondido,Python
508805,Chase Francis,RAC,C,29,24,57,9,10,0,0,0,3,1,0,5,19,3,2,0,0.125,0.241,0.175,0.416,SOL,['RAC'],['SOL'],[2023],15,47,0,100,Active,0,Racine,Hedgehog
1035913,A.J. Ramirez,FAY,OF,24,28,64,7,11,4,1,1,3,0,3,5,23,0,4,0,0.179,0.231,0.312,0.543,SOL,['FAY'],['SOL'],[2023],16,53,0,100,Active,0,Fayetteville,Viper
38217,Peyton Wade,RAC,OF,31,44,59,16,14,3,1,3,4,6,0,4,23,2,5,7,0.232,0.357,0.474,0.831,SOL,['RAC'],['SOL'],[2023],25,52,0,100,Active,0,Racine,Hedgehog
203706,Carlos Smith-Njigba,JAC,OF,33,28,60,9,12,6,2,2,7,0,0,12,11,2,4,0,0.214,0.333,0.466,0.799,ACB,['JAC'],['ACB'],[2023],24,48,0,100,Active,0,Jacksonville,Barnacle
826376,Brendan Eaton,FAY,OF,23,21,62,6,14,1,3,0,7,1,1,7,31,1,0,2,0.232,0.323,0.338,0.661,SOL,['FAY'],['SOL'],[2023],23,50,0,100,Active,0,Fayetteville,Viper
267551,Nathan Straw,LEW,2B,26,55,160,19,28,6,0,3,21,1,0,21,46,0,5,12,0.145,0.316,0.268,0.584,SOL,['LEW'],['SOL'],[2023],61,144,0,100,Active,0,Lewisville,Bird
367320,Sandy Nelson,SAN,DH,28,20,60,3,9,3,1,1,4,0,1,3,20,0,0,2,0.167,0.215,0.283,0.498,SOL,['SAN'],['SOL'],[2023],14,53,0,100,Active,0,Santa Rosa,Panthera hybrid
382677,Oscar Rojas,MEL,OF,36,18,61,9,21,4,1,3,9,2,3,2,3,1,2,0,0.278,0.365,0.59,0.955,ACB,['MEL'],['ACB'],[2023],23,40,0,100,Active,0,Melbourne,Cattle
965185,Gus Kahnle,SAN,OF,26,28,57,2,7,3,1,0,6,6,2,2,23,0,1,2,0.075,0.18,0.21,0.39,ACB,['SAN'],['ACB'],[2023],11,52,0,100,Active,0,Santa Rosa,Panthera hybrid
8379,Enrique Cessa,JAC,OF,25,41,57,10,13,4,4,2,5,4,5,5,19,1,1,3,0.17,0.323,0.543,0.866,ACB,['JAC'],['ACB'],[2023],21,47,0,100,Active,0,Jacksonville,Barnacle
1004961,Tommy Criswell,ESC,OF,26,27,54,7,11,5,0,2,10,4,2,2,31,2,1,1,0.208,0.245,0.407,0.651,ACB,['ESC'],['ACB'],[2023],14,44,0,100,Active,0,Escondido,Python
458527,Anthony De Leon,GRE,C,29,59,149,14,28,6,2,2,15,3,0,14,44,2,1,0,0.173,0.257,0.295,0.552,ACB,['GRE'],['ACB'],[2023],42,121,0,100,Active,0,Greenville,Hamster
312333,Yonny Soto,ESC,OF,33,20,57,11,13,2,0,4,6,0,3,5,16,3,1,0,0.216,0.29,0.473,0.762,ACB,['ESC'],['ACB'],[2023],18,44,0,100,Active,0,Escondido,Python
420856,Jon Pratto,BOI,2B,24,23,52,6,15,3,1,2,4,0,2,7,11,2,2,2,0.235,0.393,0.5,0.893,SOL,['BOI'],['SOL'],[2023],24,39,0,100,Active,0,Boise City,Swordtail
453172,Ryan Haseley,DES,3B,28,30,52,8,14,1,1,0,5,6,2,6,15,1,4,4,0.255,0.387,0.326,0.713,ACB,['DES'],['ACB'],[2023],24,42,0,100,Active,0,Des Moines,Cattle
57493,Bryse Clemens,HAV,DH,28,19,56,4,9,2,0,2,2,2,3,4,24,1,1,3,0.157,0.253,0.303,0.556,ACB,['HAV'],['ACB'],[2023],16,50,0,100,Active,0,Havre de Grace,Earthworm
687974,Emmanuel Kikuchi,ERI,2B,27,33,54,10,21,1,2,2,11,3,1,3,6,1,2,0,0.38,0.421,0.592,1.012,ACB,['ERI'],['ACB'],[2023],24,33,0,100,Active,0,Erie,Ox
246569,Keaton Murfee,ESC,1B,33,77,282,43,71,14,0,12,38,2,2,17,72,0,3,2,0.2,0.299,0.429,0.728,ACB,['ESC'],['ACB'],[2023],90,213,0,100,Active,0,Escondido,Python
955464,Reynaldo Scherzer,ROC,1B,28,25,51,7,12,2,1,3,3,2,3,6,28,4,0,2,0.204,0.338,0.49,0.828,ACB,['ROC'],['ACB'],[2023],20,41,0,100,Active,0,Rockford,Turtle
798306,James Kirk,VIS,2B,26,32,55,10,15,0,1,1,6,4,0,5,14,5,2,1,0.245,0.344,0.363,0.707,ACB,['VIS'],['ACB'],[2023],21,41,0,100,Active,0,Visalia,Tahr
78866,Ketel Cronin,NEI,C,27,103,234,22,52,10,0,7,27,1,0,17,59,3,3,5,0.204,0.289,0.354,0.643,ACB,['NEI'],['ACB'],[2023],74,187,0,100,Active,0,Neilsville,Bat
116955,Brennan Helsley,STE,OF,27,13,50,5,8,4,1,2,2,4,1,5,11,1,1,2,0.17,0.263,0.4,0.663,SOL,['STE'],['SOL'],[2023],15,44,0,100,Active,0,Sterling Heights,Bovid
100607,Luke Bello,THO,OF,26,27,48,9,7,0,0,3,12,1,2,9,22,0,2,1,0.13,0.293,0.333,0.626,ACB,['THO'],['ACB'],[2023],17,42,0,100,Active,0,Thousand Oaks,Sole
223440,Nick German,ERI,SS,30,124,409,45,81,16,3,15,40,4,4,23,132,1,5,7,0.068,0.252,0.361,0.613,ACB,['ERI'],['ACB'],[2023],111,335,0,100,Active,0,Erie,Ox
689614,Willi Ryan,BIR,OF,30,135,506,61,120,27,2,9,48,4,2,57,99,0,5,6,0.295,0.321,0.351,0.671,SOL,['BIR'],['SOL'],[2023],183,392,0,100,Active,0,Birmingham,Hermit crab
61536,Aledmys Abrams,FAY,OF,27,31,46,8,8,4,1,1,4,3,0,5,15,2,1,0,0.163,0.254,0.369,0.623,SOL,['FAY'],['SOL'],[2023],13,38,0,100,Active,0,Fayetteville,Viper
826850,Isaac Sale,MCH,1B,28,16,45,8,9,3,5,3,9,4,2,3,15,0,3,2,0.186,0.28,0.688,0.968,SOL,['MCH'],['SOL'],[2023],14,38,0,100,Active,0,McHenry,Otter
770116,Michael Bradley,JAC,C,25,24,45,5,14,5,0,5,7,2,3,3,17,0,1,2,0.256,0.38,0.755,1.135,ACB,['JAC'],['ACB'],[2023],19,33,0,100,Active,0,Jacksonville,Barnacle
449880,Jared Liberatore,DES,OF,29,21,46,3,11,3,2,1,4,0,2,6,20,3,2,0,0.238,0.326,0.456,0.782,ACB,['DES'],['ACB'],[2023],17,35,0,100,Active,0,Des Moines,Cattle
346413,Enmanuel Contreras,SUN,OF,25,27,44,7,11,3,1,4,8,1,0,6,8,5,2,3,0.262,0.377,0.636,1.012,ACB,['SUN'],['ACB'],[2023],20,36,0,100,Active,0,Sunnyvale,Lamprey
218914,Akil Hentges,NEW,OF,26,30,44,8,9,0,3,2,5,2,1,4,20,0,0,2,0.171,0.3,0.477,0.776,SOL,['NEW'],['SOL'],[2023],15,37,0,100,Active,0,Newport News,Cape buffalo
794226,Conner Zimmermann,JAC,C,34,24,45,6,6,5,1,2,6,6,2,3,20,2,2,1,0.146,0.204,0.422,0.626,ACB,['JAC'],['ACB'],[2023],10,40,0,100,Active,0,Jacksonville,Barnacle
46348,Jon Miller,JAC,OF,27,18,47,8,9,3,1,4,6,1,0,5,16,1,2,1,0.225,0.283,0.553,0.836,ACB,['JAC'],['ACB'],[2023],15,39,0,100,Active,0,Jacksonville,Barnacle
899413,Josh Hentges,ESC,SS,21,18,42,7,4,0,0,0,2,3,0,5,17,1,2,4,0.1,0.254,0.095,0.349,ACB,['ESC'],['ACB'],[2023],13,42,0,100,Active,0,Escondido,Python
896668,Jake Scholtens,MEL,SS,26,28,48,3,9,3,1,2,3,3,1,6,13,1,1,1,0.2,0.29,0.416,0.706,ACB,['MEL'],['ACB'],[2023],16,40,0,100,Active,0,Melbourne,Cattle
533139,Bo Smith,ERI,1B,25,18,42,5,11,4,0,3,8,0,2,4,13,3,0,1,0.256,0.34,0.571,0.911,ACB,['ERI'],['ACB'],[2023],16,32,0,100,Active,0,Erie,Ox
625704,Spencer Stanton,ESC,OF,23,18,46,2,8,1,0,1,1,4,5,1,17,1,4,3,0.128,0.24,0.26,0.5,ACB,['ESC'],['ACB'],[2023],12,41,0,100,Active,0,Escondido,Python
614280,Jo Weathers,FAY,SS,22,15,42,5,9,5,0,0,1,1,2,8,19,2,2,1,0.231,0.352,0.333,0.685,SOL,['FAY'],['SOL'],[2023],18,34,0,100,Active,0,Fayetteville,Viper
240448,Mickey Murphy,NEW,OF,31,151,546,61,126,32,2,22,71,1,1,46,138,0,6,4,0.128,0.295,0.417,0.712,SOL,['NEW'],['SOL'],[2023],176,424,0,100,Active,0,Newport News,Cape buffalo
399643,Freddy Canha,SAN,OF,27,24,43,13,14,4,2,4,10,2,2,6,15,2,1,1,0.316,0.42,0.79,1.21,SOL,['SAN'],['SOL'],[2023],21,30,0,100,Active,0,Santa Rosa,Panthera hybrid
890548,Tayler Gray,SAN,2B,27,18,41,5,7,2,0,3,4,0,0,4,12,0,2,2,0.184,0.276,0.439,0.715,SOL,['SAN'],['SOL'],[2023],13,36,0,100,Active,0,Santa Rosa,Panthera hybrid
559440,Patrick Perez,HAV,OF,26,62,191,25,42,15,0,7,26,1,0,8,33,1,0,2,0.237,0.258,0.408,0.665,ACB,['HAV'],['ACB'],[2023],52,151,0,100,Active,0,Havre de Grace,Earthworm
916361,Tomas Cessa,BOI,C,23,16,40,6,12,5,1,0,4,2,1,7,14,1,0,3,0.297,0.44,0.475,0.915,SOL,['BOI'],['SOL'],[2023],22,31,0,100,Active,0,Boise City,Swordtail
514629,Shelby Robertson,RIC,OF,29,27,39,5,8,3,0,0,2,5,1,3,8,3,1,1,0.189,0.279,0.282,0.561,ACB,['RIC'],['ACB'],[2023],12,32,0,100,Active,0,Richmond County,Llama
940018,Tyler Barrero,BIR,3B,24,12,37,7,11,1,1,5,9,0,2,3,16,0,0,0,0.25,0.35,0.783,1.133,SOL,['BIR'],['SOL'],[2023],14,26,0,100,Active,0,Birmingham,Hermit crab
99121,Trey Willingham,NEI,OF,27,31,44,7,9,2,0,2,2,2,0,3,8,3,1,1,0.222,0.27,0.386,0.656,ACB,['NEI'],['ACB'],[2023],13,36,0,100,Active,0,Neilsville,Bat
535221,Jhony Freeland,STE,OF,26,16,40,4,6,1,0,2,3,0,0,4,10,2,3,0,0.171,0.227,0.325,0.552,SOL,['STE'],['SOL'],[2023],10,34,0,100,Active,0,Sterling Heights,Bovid
193291,Ben Baez,GRE,3B,25,13,37,3,10,1,2,3,4,1,3,4,8,0,2,0,0.286,0.341,0.648,0.989,ACB,['GRE'],['ACB'],[2023],14,27,0,100,Active,0,Greenville,Hamster
377779,Garrett Mullins,TAL,3B,20,7,37,6,9,1,2,5,7,2,1,2,11,2,0,2,0.235,0.317,0.783,1.1,ACB,['TAL'],['ACB'],[2023],13,30,0,100,Active,0,Tallahassee,Mandrill
921100,Matthew Freeman,VIS,SS,25,16,36,4,7,2,0,2,4,2,0,2,11,1,4,0,0.212,0.236,0.416,0.651,ACB,['VIS'],['ACB'],[2023],9,29,0,100,Active,0,Visalia,Tahr
883202,Zach Palacios,GIL,OF,26,14,38,7,8,2,2,3,3,2,1,3,18,0,0,4,0.182,0.333,0.605,0.938,SOL,['GIL'],['SOL'],[2023],15,34,0,100,Active,0,Gilbert,Star-nosed mole
229761,Brett Almonte,ROC,SS,26,17,34,3,7,3,0,2,0,2,1,8,10,0,1,2,0.121,0.386,0.47,0.856,ACB,['ROC'],['ACB'],[2023],17,29,0,100,Active,0,Rockford,Turtle
606944,Ronel Haseley,FAY,SS,26,10,34,3,9,2,0,2,5,2,0,4,10,2,0,1,0.219,0.358,0.5,0.858,SOL,['FAY'],['SOL'],[2023],14,26,0,100,Active,0,Fayetteville,Viper
641844,Matt Cruz,PAS,SS,25,9,34,7,9,3,1,4,6,4,0,7,11,2,1,0,0.25,0.39,0.764,1.154,SOL,['PAS'],['SOL'],[2023],16,25,0,100,Active,0,Pasadena,Octopus
841403,James Villar,PAS,OF,24,17,35,3,4,1,2,2,5,1,0,5,18,2,1,0,0.125,0.225,0.428,0.653,SOL,['PAS'],['SOL'],[2023],9,31,0,100,Active,0,Pasadena,Octopus
735553,Cole Meyers,NEW,OF,29,108,346,55,80,12,3,7,43,20,6,19,63,1,4,3,0.161,0.277,0.343,0.62,SOL,['NEW'],['SOL'],[2023],102,269,0,100,Active,0,Newport News,Cape buffalo
388894,Blake Latz,STE,3B,27,12,34,2,7,0,2,2,2,0,0,6,9,1,1,0,0.161,0.325,0.5,0.825,SOL,['STE'],['SOL'],[2023],13,27,0,100,Active,0,Sterling Heights,Bovid
179509,Richie LeMahieu,BOI,OF,28,21,34,3,10,6,1,2,5,4,1,4,4,1,0,2,0.29,0.4,0.705,1.105,SOL,['BOI'],['SOL'],[2023],16,26,0,100,Active,0,Boise City,Swordtail
824792,Louie Hensley,BIR,1B,32,42,112,13,18,7,3,7,13,1,2,12,38,0,3,1,0.065,0.248,0.464,0.712,SOL,['BIR'],['SOL'],[2023],31,95,0,100,Active,0,Birmingham,Hermit crab
929707,Isan May,NAS,OF,20,9,37,7,10,3,1,5,9,1,1,4,12,0,0,4,0.258,0.4,0.81,1.21,ACB,['NAS'],['ACB'],[2023],18,31,0,100,Active,0,Nashville,Shark
477695,Joey Dominguez,RIC,SS,22,19,35,2,9,2,2,4,3,1,0,5,18,1,2,0,0.226,0.35,0.771,1.121,ACB,['RIC'],['ACB'],[2023],14,26,0,100,Active,0,Richmond County,Llama
933498,Drew Harris,HAV,SS,21,18,35,2,4,1,2,0,0,4,2,2,11,0,2,1,0.129,0.184,0.257,0.441,ACB,['HAV'],['ACB'],[2023],7,32,0,100,Active,0,Havre de Grace,Earthworm
278040,Travis Whitlock,SAN,C,28,12,34,5,6,1,1,2,3,0,1,6,12,1,0,1,0.194,0.317,0.441,0.758,ACB,['SAN'],['ACB'],[2023],13,29,0,100,Active,0,Santa Rosa,Panthera hybrid
888094,Paul Nelson,VIS,1B,24,17,33,4,8,1,1,5,5,3,0,3,10,1,1,1,0.233,0.324,0.787,1.111,ACB,['VIS'],['ACB'],[2023],12,26,0,100,Active,0,Visalia,Tahr
752276,Jake Morejon,SUN,2B,33,94,246,29,44,6,0,6,27,4,2,19,61,0,4,5,0.3,0.251,0.276,0.527,ACB,['SUN'],['ACB'],[2023],68,207,0,100,Active,0,Sunnyvale,Lamprey
1045751,Bo Cole,VIS,OF,25,14,31,1,4,0,0,1,1,1,6,6,14,0,2,1,0.067,0.289,0.225,0.514,ACB,['VIS'],['ACB'],[2023],11,28,0,100,Active,0,Visalia,Tahr
443065,Michael Raley,SAN,2B,24,101,249,23,53,7,2,6,28,2,5,27,83,1,1,7,0.1,0.307,0.329,0.636,SOL,['SAN'],['SOL'],[2023],87,203,0,100,Active,0,Santa Rosa,Panthera hybrid
902027,Chase Castro,MCH,OF,24,55,181,39,45,7,1,18,35,1,2,18,57,1,3,3,0.241,0.326,0.596,0.921,SOL,['MCH'],['SOL'],[2023],66,139,0,100,Active,0,McHenry,Otter
239147,Keynan Herrin,LEW,1B,32,42,101,17,15,3,0,2,13,0,0,15,24,0,1,2,0.103,0.271,0.237,0.508,SOL,['LEW'],['SOL'],[2023],32,88,0,100,Active,0,Lewisville,Bird
171286,Reese Monasterio,RIC,OF,31,16,28,3,6,2,0,2,9,2,1,2,13,0,2,3,0.179,0.333,0.5,0.833,ACB,['RIC'],['ACB'],[2023],11,25,0,100,Active,0,Richmond County,Llama
29134,Tyler Maldonado,MCH,1B,29,21,31,7,3,3,5,1,2,0,2,5,16,3,0,1,0.071,0.243,0.612,0.855,SOL,['MCH'],['SOL'],[2023],9,29,0,100,Active,0,McHenry,Otter
283927,Deivi Maeda,STE,C,25,12,28,2,8,2,2,2,6,0,1,4,7,1,1,0,0.286,0.375,0.714,1.089,SOL,['STE'],['SOL'],[2023],12,20,0,100,Active,0,Sterling Heights,Bovid
765278,Alex Carlson,ERI,OF,29,35,28,4,7,1,3,2,2,2,3,4,11,1,1,0,0.192,0.343,0.714,1.057,ACB,['ERI'],['ACB'],[2023],11,21,0,100,Active,0,Erie,Ox
222778,Kolby Kremer,MEL,OF,27,15,26,4,4,1,0,0,2,1,2,6,10,1,1,1,0.154,0.333,0.192,0.525,ACB,['MEL'],['ACB'],[2023],11,23,0,100,Active,0,Melbourne,Cattle
547651,Stuart Mateo,PAS,2B,32,15,25,1,5,0,1,1,2,1,0,0,14,0,4,2,0.16,0.259,0.4,0.659,SOL,['PAS'],['SOL'],[2023],7,22,0,100,Active,0,Pasadena,Octopus
579758,Estevan Kuhnel,JAC,C,31,88,203,15,38,10,0,2,16,4,0,13,52,10,5,2,0.208,0.243,0.266,0.509,ACB,['JAC'],['ACB'],[2023],53,167,0,100,Active,0,Jacksonville,Barnacle
538630,Kevin Straw,SAN,OF,27,28,27,5,5,3,2,0,0,0,0,7,8,2,3,1,0.167,0.371,0.444,0.815,SOL,['SAN'],['SOL'],[2023],13,23,0,100,Active,0,Santa Rosa,Panthera hybrid
130316,Quinn Silseth,HAV,3B,25,10,26,6,4,1,2,0,3,2,2,6,11,0,1,1,0.167,0.333,0.346,0.679,ACB,['HAV'],['ACB'],[2023],11,23,0,100,Active,0,Havre de Grace,Earthworm
469877,Devin Greene,SAN,3B,27,12,26,6,8,0,1,3,6,0,4,8,9,0,0,0,0.217,0.47,0.73,1.2,SOL,['SAN'],['SOL'],[2023],16,18,0,100,Active,0,Santa Rosa,Panthera hybrid
332639,Evan Bauers,FAY,OF,37,22,51,3,12,4,0,1,3,1,3,11,16,2,2,2,0.261,0.39,0.372,0.762,SOL,['FAY'],['SOL'],[2023],25,41,0,100,Active,0,Fayetteville,Viper
7352,Brian Alonso,THO,OF,28,10,25,5,2,1,1,0,3,3,1,4,12,0,1,1,0.087,0.233,0.2,0.433,ACB,['THO'],['ACB'],[2023],7,24,0,100,Active,0,Thousand Oaks,Sole
594956,Ian Morel,VIS,1B,29,13,27,0,5,1,0,2,5,1,4,1,10,1,3,1,0.182,0.241,0.444,0.685,ACB,['VIS'],['ACB'],[2023],7,23,0,100,Active,0,Visalia,Tahr
565983,Sean Maile,SUN,3B,25,16,25,9,4,1,0,1,4,1,0,4,10,2,3,2,0.136,0.322,0.32,0.642,ACB,['SUN'],['ACB'],[2023],10,23,0,100,Active,0,Sunnyvale,Lamprey
350221,Cam Baez,ROC,C,30,22,51,3,8,5,2,3,7,3,2,2,16,1,1,3,0.118,0.232,0.509,0.741,ACB,['ROC'],['ACB'],[2023],13,46,0,100,Active,0,Rockford,Turtle
344712,Tylor Pratto,BIR,1B,27,54,121,9,29,10,1,4,15,4,3,10,38,1,4,6,0.2,0.328,0.438,0.766,SOL,['BIR'],['SOL'],[2023],45,98,0,100,Active,0,Birmingham,Hermit crab
535383,Justin Busch,ERI,OF,30,42,85,12,16,7,1,2,10,3,1,15,32,0,0,2,0.214,0.323,0.364,0.687,ACB,['ERI'],['ACB'],[2023],33,71,0,100,Active,0,Erie,Ox
329351,Ramon Lawlar,HAV,C,30,83,194,17,37,4,2,10,20,1,1,15,76,3,6,2,0.357,0.255,0.386,0.641,ACB,['HAV'],['ACB'],[2023],54,159,0,100,Active,0,Havre de Grace,Earthworm
241015,Jo Karinchak,RIC,C,30,97,298,23,58,9,3,5,27,4,1,17,89,3,6,0,0.2,0.238,0.295,0.532,ACB,['RIC'],['ACB'],[2023],75,240,0,100,Active,0,Richmond County,Llama
293675,Jordan Hartwig,FAY,DH,29,31,68,7,14,5,1,0,7,7,1,11,16,0,1,3,0.2,0.341,0.308,0.649,SOL,['FAY'],['SOL'],[2023],28,57,0,100,Active,0,Fayetteville,Viper
566801,Tucker Mendick,PAS,C,32,23,41,5,9,3,2,1,3,5,3,9,9,0,1,3,0.111,0.396,0.463,0.859,SOL,['PAS'],['SOL'],[2023],21,35,0,100,Active,0,Pasadena,Octopus
513281,Patrick Zerpa,TAL,OF,29,73,161,30,36,4,2,3,13,11,2,19,40,2,3,1,0.333,0.309,0.329,0.638,ACB,['TAL'],['ACB'],[2023],56,126,0,100,Active,0,Tallahassee,Mandrill
438729,Jake Garcia,THO,C,27,20,31,1,10,5,0,2,6,2,2,4,10,0,0,4,0.25,0.461,0.677,1.138,ACB,['THO'],['ACB'],[2023],18,25,0,100,Active,0,Thousand Oaks,Sole
544644,Jordan Suter,FAY,OF,35,57,147,15,23,4,2,9,16,0,3,11,33,3,2,0,0.0,0.215,0.394,0.609,SOL,['FAY'],['SOL'],[2023],34,124,0,100,Active,0,Fayetteville,Viper
688615,Ryan Greene,RAC,C,30,81,265,38,56,9,0,19,53,0,2,22,72,0,2,5,0.167,0.284,0.46,0.744,SOL,['RAC'],['SOL'],[2023],83,214,0,100,Active,0,Racine,Hedgehog
933031,Luis deGrom,GRE,2B,27,8,28,4,1,1,0,1,2,0,5,2,11,1,6,0,0.0,0.1,0.178,0.278,ACB,['GRE'],['ACB'],[2023],3,27,0,100,Active,0,Greenville,Hamster
733112,Sam Sheehan,FAY,1B,30,36,65,9,15,5,3,0,4,0,2,10,15,2,2,6,0.2,0.382,0.4,0.782,SOL,['FAY'],['SOL'],[2023],31,56,0,100,Active,0,Fayetteville,Viper
713599,Giancarlo Yates,FAY,C,32,55,143,12,28,7,5,2,10,2,0,10,43,4,1,6,0.0,0.276,0.356,0.632,SOL,['FAY'],['SOL'],[2023],44,121,0,100,Active,0,Fayetteville,Viper
381421,Mitch Mauricio,NEI,OF,32,46,85,10,20,3,5,3,10,3,5,4,21,1,1,4,0.0,0.301,0.494,0.794,ACB,['NEI'],['ACB'],[2023],28,69,0,100,Active,0,Neilsville,Bat
