Player,Team,Age,G,GS,CG,SHO,IP,H,ER,K,BB,HR,W,L,SV,BS,HLD,ERA,WHIP
Seth Lugo,KC,34,9,9,0,0,59.2,45,11,48,12,5,6,1,0,0,0,1.66,0.96
Tyler Glasnow,LAD,30,9,9,0,0,57.0,34,16,73,15,5,6,1,0,0,0,2.53,0.86
Mitch Keller,PIT,28,9,9,1,0,55.0,57,24,51,16,6,4,3,0,0,0,3.93,1.33
Luis Castillo,SEA,31,9,9,0,0,54.1,50,20,64,11,7,4,5,0,0,0,3.31,1.12
Jose Berrios,TOR,29,9,9,1,0,54.1,41,17,42,16,8,4,3,0,0,0,2.82,1.05
Ranger Suarez,PHI,28,8,8,1,1,54.0,31,9,55,8,4,7,0,0,0,0,1.50,0.72
Nestor Cortes,NYY,29,9,9,0,0,53.2,47,24,51,11,7,1,4,0,0,0,4.02,1.08
Corbin Burnes,BAL,29,9,9,0,0,53.2,40,16,49,14,6,3,2,0,0,0,2.68,1.01
Logan Webb,SF,27,9,9,0,0,53.1,60,20,42,14,2,3,4,0,0,0,3.38,1.39
Zack Wheeler,PHI,33,9,9,0,0,53.1,37,15,65,16,4,4,3,0,0,0,2.53,0.99
Zach Eflin,TB,30,9,9,0,0,53.0,56,23,41,4,8,3,4,0,0,0,3.91,1.13
Tanner Houck,BOS,27,8,8,1,1,52.1,43,13,50,8,1,3,4,0,0,0,2.24,0.97
Kutter Crawford,BOS,28,9,9,0,0,52.1,42,13,52,16,2,2,2,0,0,0,2.24,1.11
Logan Gilbert,SEA,27,8,8,0,0,52.0,34,17,54,15,6,3,1,0,0,0,2.94,0.94
Brady Singer,KC,27,9,9,0,0,50.2,40,16,52,16,5,3,2,0,0,0,2.84,1.11
George Kirby,SEA,26,9,9,0,0,50.1,43,20,51,5,5,4,3,0,0,0,3.58,0.95
Kyle Harrison,SF,22,9,9,0,0,50.0,46,19,45,17,5,3,1,0,0,0,3.42,1.26
Dylan Cease,SD,28,8,8,0,0,49.1,21,12,60,16,2,5,2,0,0,0,2.19,0.75
Tyler Anderson,LAA,34,8,8,0,0,49.1,37,16,36,19,6,3,4,0,0,0,2.92,1.14
Aaron Nola,PHI,30,8,8,0,0,49.0,44,20,47,15,7,4,2,0,0,0,3.67,1.20
Kyle Gibson,STL,36,8,8,0,0,49.0,39,20,40,20,6,2,2,0,0,0,3.67,1.20
Tarik Skubal,DET,27,8,8,0,0,49.0,34,11,60,8,3,5,0,0,0,0,2.02,0.86
Cole Ragans,KC,26,9,9,1,0,49.0,47,23,57,16,3,2,3,0,0,0,4.22,1.29
Michael King,SD,28,9,8,0,0,49.0,40,20,54,24,10,3,3,0,0,0,3.67,1.31
Jack Flaherty,DET,28,8,8,0,0,48.2,45,21,63,6,7,0,3,0,0,0,3.88,1.05
Miles Mikolas,STL,35,9,9,0,0,48.0,61,33,35,10,8,3,5,0,0,0,6.19,1.48
Jordan Hicks,SF,27,9,9,0,0,48.0,39,13,39,16,2,3,1,0,0,0,2.44,1.15
Yoshinobu Yamamoto,LAD,25,9,9,0,0,47.2,39,17,53,10,6,4,1,0,0,0,3.21,1.03
Yusei Kikuchi,TOR,32,8,8,0,0,47.2,41,14,46,9,3,2,3,0,0,0,2.64,1.05
Joe Ryan,MIN,27,8,8,0,0,47.2,41,17,53,6,6,2,2,0,0,0,3.21,0.99
Bryce Miller,SEA,25,8,8,0,0,47.1,30,14,51,15,7,3,3,0,0,0,2.66,0.95
Jared Jones,PIT,22,8,8,0,0,47.0,34,14,56,7,8,2,4,0,0,0,2.68,0.87
Brandon Pfaadt,ARI,25,8,8,0,0,47.0,48,24,42,8,5,1,3,0,0,0,4.60,1.19
Ross Stripling,OAK,34,9,9,0,0,47.0,60,26,30,12,5,1,7,0,0,0,4.98,1.53
Garrett Crochet,CWS,24,9,9,0,0,46.2,37,24,64,9,8,3,4,0,0,0,4.63,0.99
Shota Imanaga,CHC,30,8,8,0,0,46.2,36,5,51,8,3,5,0,0,0,0,0.96,0.94
Dean Kremer,BAL,28,8,8,0,0,46.0,32,19,47,15,9,3,3,0,0,0,3.72,1.02
Paul Blackburn,OAK,30,8,8,0,0,46.0,40,21,36,13,6,3,2,0,0,0,4.11,1.15
Cal Quantrill,COL,29,8,8,0,0,45.2,42,20,31,17,7,2,3,0,0,0,3.94,1.29
Jon Gray,TEX,32,9,8,0,0,45.2,43,12,49,12,2,1,1,0,0,0,2.36,1.20
Jake Irvin,WSH,27,8,8,0,0,45.2,42,18,36,8,4,2,3,0,0,0,3.55,1.09
Tanner Bibee,CLE,25,9,9,0,0,45.2,45,22,48,15,6,2,1,0,0,0,4.34,1.31
Reid Detmers,LAA,24,8,8,0,0,45.1,42,25,49,16,7,3,4,0,0,0,4.96,1.28
Logan Allen,CLE,25,9,9,0,0,45.1,53,28,36,15,9,4,2,0,0,0,5.56,1.50
Hunter Greene,CIN,24,8,8,0,0,45.1,35,17,53,21,3,1,2,0,0,0,3.38,1.24
Max Fried,ATL,30,8,8,1,1,45.1,30,18,37,17,4,3,1,0,0,0,3.57,1.04
Luis Severino,NYM,30,8,8,0,0,45.0,34,15,41,20,3,2,2,0,0,0,3.00,1.20
Erick Fedde,CWS,31,8,8,0,0,45.0,38,15,44,14,7,3,0,0,0,0,3.00,1.16
Martin Perez,PIT,33,8,8,0,0,45.0,50,18,36,13,3,1,2,0,0,0,3.60,1.40
Ryan Feltner,COL,27,8,8,0,0,45.0,52,26,40,12,5,1,3,0,0,0,5.20,1.42
Patrick Sandoval,LAA,27,9,9,0,0,45.0,52,25,48,17,2,2,6,0,0,0,5.00,1.53
JP Sears,OAK,28,8,8,0,0,45.0,38,21,33,13,7,3,2,0,0,0,4.20,1.13
Freddy Peralta,MIL,27,8,8,0,0,44.2,31,18,58,16,4,3,1,0,0,0,3.63,1.05
Zack Littell,TB,28,8,8,0,0,44.2,50,15,45,7,3,2,2,0,0,0,3.02,1.28
Austin Gomber,COL,30,8,8,0,0,44.2,41,17,30,15,8,0,2,0,0,0,3.43,1.25
Colin Rea,MIL,33,8,8,0,0,44.1,43,17,30,13,6,3,1,0,0,0,3.45,1.26
Ronel Blanco,HOU,30,7,7,1,1,44.1,25,11,41,20,5,4,0,0,0,0,2.23,1.02
Zac Gallen,ARI,28,8,8,0,0,44.0,35,14,45,14,5,5,2,0,0,0,2.86,1.11
Pablo Lopez,MIN,28,8,8,0,0,44.0,35,19,55,8,6,4,2,0,0,0,3.89,0.98
Michael Wacha,KC,32,8,8,0,0,43.2,48,25,37,15,4,2,4,0,0,0,5.15,1.44
Graham Ashcraft,CIN,26,8,8,0,0,43.2,48,20,35,15,7,3,2,0,0,0,4.12,1.44
Michael Soroka,CWS,26,9,9,0,0,43.2,42,31,24,24,10,0,5,0,0,0,6.39,1.51
Bailey Falter,PIT,27,8,8,0,0,43.1,34,20,27,11,8,2,2,0,0,0,4.15,1.04
Luis Gil,NYY,25,8,8,0,0,43.0,21,12,48,26,3,4,1,0,0,0,2.51,1.09
Bailey Ober,MIN,28,8,8,0,0,43.0,30,18,45,8,5,4,1,0,0,0,3.77,0.88
Andrew Abbott,CIN,24,8,8,0,0,43.0,39,16,37,12,8,2,4,0,0,0,3.35,1.19
Carlos Rodon,NYY,31,8,8,0,0,43.0,40,17,43,14,7,3,2,0,0,0,3.56,1.26
Charlie Morton,ATL,40,7,7,0,0,43.0,31,15,40,14,4,3,0,0,0,0,3.14,1.05
Chris Sale,ATL,35,7,7,0,0,42.2,34,14,52,8,4,5,1,0,0,0,2.95,0.98
Patrick Corbin,WSH,34,8,8,0,0,42.2,60,28,29,16,4,1,3,0,0,0,5.91,1.78
Marcus Stroman,NYY,33,8,8,0,0,42.2,42,18,40,22,7,2,2,0,0,0,3.80,1.50
Chris Bassitt,TOR,35,8,8,0,0,42.2,46,24,40,20,6,3,5,0,0,0,5.06,1.55
Clarke Schmidt,NYY,28,8,8,0,0,42.2,39,14,47,15,5,4,1,0,0,0,2.95,1.27
Javier Assad,CHC,26,8,8,0,0,42.1,31,8,35,14,2,3,0,0,0,0,1.70,1.06
Cristopher Sanchez,PHI,27,8,8,0,0,42.0,45,16,39,18,1,2,3,0,0,0,3.43,1.50
Ryan Weathers,MIA,24,8,8,0,0,41.2,39,21,34,16,6,2,4,0,0,0,4.54,1.32
Aaron Civale,TB,28,8,8,0,0,41.1,44,27,43,12,8,2,3,0,0,0,5.88,1.35
Sean Manaea,NYM,32,8,8,0,0,41.1,34,14,37,20,1,2,1,0,0,0,3.05,1.31
Jose Quintana,NYM,35,8,8,0,0,41.1,46,25,28,18,6,1,4,0,0,0,5.44,1.55
Nathan Eovaldi,TEX,34,7,7,0,0,41.1,29,12,44,19,3,2,2,0,0,0,2.61,1.16
Andrew Heaney,TEX,32,8,8,0,0,41.0,39,20,39,9,6,0,4,0,0,0,4.39,1.17
Joe Musgrove,SD,31,8,8,0,0,41.0,49,29,36,13,10,3,3,0,0,0,6.37,1.51
Yu Darvish,SD,37,8,8,0,0,40.2,28,11,37,12,2,3,1,0,0,0,2.43,0.98
Griffin Canning,LAA,28,8,8,0,0,40.2,40,26,29,15,6,1,4,0,0,0,5.75,1.35
Triston McKenzie,CLE,26,8,8,0,0,40.2,32,16,35,24,5,2,3,0,0,0,3.54,1.38
Reynaldo Lopez,ATL,30,7,7,0,0,40.1,28,6,40,16,2,2,1,0,0,0,1.34,1.09
Cole Irvin,BAL,30,7,7,0,0,40.1,35,13,28,8,3,4,1,0,0,0,2.90,1.07
Carlos Carrasco,CLE,37,8,8,0,0,40.1,43,24,31,17,7,2,3,0,0,0,5.36,1.49
Lance Lynn,STL,37,8,8,0,0,40.1,39,17,38,18,5,1,1,0,0,0,3.79,1.41
MacKenzie Gore,WSH,25,8,8,0,0,40.0,45,15,51,13,3,2,4,0,0,0,3.38,1.45
Tyler Alexander,TB,29,8,5,0,0,39.2,42,24,33,12,9,1,2,0,0,0,5.45,1.36
Dakota Hudson,COL,29,8,8,0,0,39.2,42,27,23,25,5,1,6,0,0,0,6.13,1.69
Alex Wood,OAK,33,9,9,0,0,39.1,51,23,33,19,6,1,3,0,0,0,5.26,1.78
Reese Olson,DET,24,7,7,0,0,39.1,29,11,35,15,0,0,4,0,0,0,2.52,1.12
Matt Waldron,SD,27,8,8,0,0,39.1,42,24,35,15,6,1,5,0,0,0,5.49,1.45
Jose Soriano,LAA,25,9,7,0,0,38.2,30,16,38,20,3,1,4,0,0,1,3.72,1.29
Keaton Winn,SF,26,8,8,0,0,38.1,35,24,29,12,4,3,5,0,0,0,5.63,1.23
James Paxton,LAD,35,7,7,0,0,38.1,30,11,22,24,3,5,0,0,0,0,2.58,1.41
Gavin Stone,LAD,25,7,7,0,0,38.0,35,15,27,13,3,3,1,0,0,0,3.55,1.26
Casey Mize,DET,27,7,7,0,0,37.2,40,15,26,9,3,1,1,0,0,0,3.58,1.30
Chris Paddack,MIN,28,7,7,0,0,37.1,48,18,37,8,6,4,1,0,0,0,4.34,1.50
Dane Dunning,TEX,29,7,7,0,0,37.1,26,17,43,17,7,3,2,0,0,0,4.10,1.15
Trevor Rogers,MIA,26,8,8,0,0,37.0,52,27,31,17,5,0,6,0,0,0,6.57,1.86
Ryan Pepiot,TB,26,7,7,0,0,36.2,23,15,41,11,5,3,2,0,0,0,3.68,0.93
Trevor Williams,WSH,32,7,7,0,0,36.2,27,8,30,12,0,4,0,0,0,0,1.96,1.06
Kevin Gausman,TOR,33,8,8,0,0,36.1,45,20,37,10,5,2,3,0,0,0,4.95,1.51
Michael Lorenzen,TEX,32,6,6,0,0,36.0,26,15,27,18,5,2,2,0,0,0,3.75,1.22
Joe Ross,MIL,30,7,7,0,0,36.0,39,19,29,14,3,1,4,0,0,0,4.75,1.47
Chris Flexen,CWS,29,8,6,0,0,35.2,30,17,25,13,5,2,3,0,0,0,4.29,1.21
Spencer Turnbull,PHI,31,8,6,0,0,35.1,18,6,38,11,3,2,0,0,0,0,1.53,0.82
Sonny Gray,STL,34,6,6,0,0,35.1,28,9,44,6,4,4,2,0,0,0,2.29,0.96
Nick Lodolo,CIN,26,6,6,0,0,35.0,24,13,43,9,3,3,2,0,0,0,3.34,0.94
Emerson Hancock,SEA,24,7,7,0,0,34.1,34,20,23,11,6,3,3,0,0,0,5.24,1.31
Grayson Rodriguez,BAL,24,6,6,0,0,34.0,36,14,37,12,4,4,1,0,0,0,3.71,1.41
Bryse Wilson,MIL,26,11,5,0,0,34.0,23,10,28,15,5,2,1,0,0,0,2.65,1.12
Nick Martinez,CIN,33,9,4,0,0,33.1,40,18,25,5,2,0,2,0,0,1,4.86,1.35
Jose Butto,NYM,26,6,6,0,0,33.0,21,11,34,17,3,1,2,0,0,0,3.00,1.15
Hunter Brown,HOU,25,8,7,0,0,32.1,47,28,36,18,6,0,4,0,0,0,7.79,2.01
Jose Urena,TEX,32,12,2,0,0,32.1,28,13,21,12,3,1,3,0,0,0,3.62,1.24
Alec Marsh,KC,26,6,6,0,0,32.0,24,9,24,9,2,3,0,0,0,0,2.53,1.03
Brayan Bello,BOS,24,6,6,0,0,31.2,25,11,27,9,5,4,1,0,0,0,3.13,1.07
Jesus Luzardo,MIA,26,6,6,0,0,31.2,28,21,35,14,5,0,3,0,0,0,5.97,1.33
Ryan Yarbrough,LAD,32,12,0,0,0,31.2,18,9,14,5,3,3,1,1,0,0,2.56,0.73
Ben Brown,CHC,24,9,4,0,0,31.1,26,13,33,12,2,1,1,0,0,1,3.73,1.21
Kenta Maeda,DET,36,7,7,0,0,30.2,33,23,23,10,9,1,1,0,0,0,6.75,1.40
Adrian Houser,NYM,31,7,6,0,0,30.2,34,26,16,22,2,0,3,0,0,0,7.63,1.83
Frankie Montas,CIN,31,7,7,0,0,30.0,29,14,24,12,4,2,3,0,0,0,4.20,1.37
Framber Valdez,HOU,30,5,5,0,0,29.2,31,12,23,9,2,2,1,0,0,0,3.64,1.35
Justin Verlander,HOU,41,5,5,0,0,29.1,23,11,23,12,5,2,1,0,0,0,3.38,1.19
Jordan Montgomery,ARI,31,5,5,0,0,28.1,30,15,17,9,3,2,2,0,0,0,4.76,1.38
Tommy Henry,ARI,26,6,6,0,0,28.1,35,17,24,11,4,1,2,0,0,0,5.40,1.62
Kyle Muller,OAK,26,10,0,0,0,27.2,26,12,23,6,4,0,0,0,0,0,3.90,1.16
Joe Boyle,OAK,24,7,7,0,0,27.2,25,22,29,23,3,2,5,0,0,0,7.16,1.73
Steven Matz,STL,32,6,6,0,0,27.2,37,19,17,11,3,1,2,0,0,0,6.18,1.73
Ben Lively,CLE,32,5,5,0,0,27.1,24,8,26,9,2,1,2,0,0,0,2.63,1.21
Mitchell Parker,WSH,24,5,5,0,0,27.0,24,8,22,5,2,2,1,0,0,0,2.67,1.07
Spencer Arrighetti,HOU,24,6,6,0,0,26.1,35,22,30,15,4,1,4,0,0,0,7.52,1.90
Alex Faedo,DET,28,15,0,0,0,26.1,19,8,22,8,4,3,1,0,2,3,2.73,1.03
Kyle Hendricks,CHC,34,6,6,0,0,26.0,39,29,21,11,9,0,3,0,0,0,10.04,1.92
Luke Weaver,NYY,30,15,0,0,0,26.0,12,7,27,4,2,3,0,0,0,5,2.42,0.62
Cooper Criswell,BOS,27,6,5,0,0,25.2,21,6,25,5,4,2,1,0,0,0,2.10,1.01
Hayden Wesneski,CHC,26,6,3,0,0,25.2,19,6,19,5,0,2,2,0,0,0,2.10,0.94
Ryne Nelson,ARI,26,6,6,0,0,25.1,37,15,19,6,4,2,2,0,0,0,5.33,1.70
Mitch Spence,OAK,26,11,0,0,0,25.1,21,12,22,7,2,3,1,0,0,1,4.26,1.11
J.P. France,HOU,29,5,5,0,0,25.1,31,21,22,12,5,0,3,0,0,0,7.46,1.70
Simeon Woods Richardson,MIN,23,5,5,0,0,25.0,25,9,23,6,2,1,0,0,0,0,3.24,1.24
Derek Law,WSH,33,21,0,0,0,25.0,27,9,26,8,2,2,1,0,1,4,3.24,1.40
Merrill Kelly,ARI,35,4,4,0,0,24.2,17,6,21,6,3,2,0,0,0,0,2.19,0.93
Brent Suter,CIN,34,16,0,0,0,24.2,24,11,21,7,4,0,0,0,0,1,4.01,1.26
Cristian Javier,HOU,27,5,5,0,0,24.2,20,11,18,15,3,2,1,0,0,0,4.01,1.42
Josh Winckowski,BOS,25,12,3,0,0,24.1,27,9,19,11,2,1,1,0,0,0,3.33,1.56
Jameson Taillon,CHC,32,4,4,0,0,24.0,16,3,16,5,2,3,0,0,0,0,1.13,0.88
Michael Kelly,OAK,31,19,0,0,0,23.2,21,8,16,7,2,2,0,0,0,2,3.04,1.18
Peter Lambert,COL,27,10,3,0,0,23.2,31,20,20,9,3,2,2,0,0,0,7.61,1.69
Matthew Liberatore,STL,24,15,2,0,0,23.2,21,12,17,10,2,1,1,0,0,1,4.56,1.31
Victor Vodnik,COL,24,16,0,0,0,23.1,20,5,19,11,0,0,0,0,0,1,1.93,1.33
Jose Suarez,LAA,26,12,0,0,0,23.1,27,20,27,16,3,0,0,0,0,0,7.71,1.84
Jordan Wicks,CHC,24,5,5,0,0,23.0,26,12,28,9,2,1,2,0,0,0,4.70,1.52
Albert Suarez,BAL,34,7,3,0,0,23.0,17,5,20,4,1,2,0,0,0,1,1.96,0.91
Sixto Sanchez,MIA,25,11,4,0,0,22.2,28,15,13,9,2,0,1,0,1,1,5.96,1.63
Matt Manning,DET,26,4,4,0,0,22.2,21,11,22,9,3,0,1,0,0,0,4.37,1.32
Michael Grove,LAD,27,16,1,0,0,22.1,21,14,29,7,1,1,2,0,0,4,5.64,1.25
Bryan Hudson,MIL,27,15,0,0,0,22.1,11,2,25,6,1,2,0,0,0,4,0.81,0.76
Seth Martinez,HOU,29,18,0,0,0,22.0,18,7,14,7,3,2,2,0,0,1,2.86,1.14
Ryan Walker,SF,28,22,1,0,0,22.0,18,6,30,4,1,3,2,0,1,4,2.45,1.00
Bryce Jarvis,ARI,26,15,0,0,0,22.0,20,12,19,17,4,0,2,0,0,2,4.91,1.68
Slade Cecconi,ARI,24,4,4,0,0,21.2,13,10,17,6,4,1,2,0,0,0,4.15,0.88
Luis Ortiz,PIT,25,13,0,0,0,21.2,12,7,15,11,0,2,2,0,2,1,2.91,1.06
Edward Cabrera,MIA,26,5,5,0,0,21.1,20,17,31,14,3,1,2,0,0,0,7.17,1.59
Buck Farmer,CIN,33,15,0,0,0,21.1,14,6,17,5,2,0,0,0,0,0,2.53,0.89
Hunter Harvey,WSH,29,19,0,0,0,21.1,16,6,25,6,1,2,1,0,0,13,2.53,1.03
Reed Garrett,NYM,31,14,0,0,0,21.0,12,1,35,10,1,5,0,1,1,3,0.43,1.05
Quinn Priester,PIT,23,4,4,0,0,21.0,22,9,12,8,6,0,3,0,0,0,3.86,1.43
Hunter Gaddis,CLE,26,21,0,0,0,20.2,17,5,19,4,1,2,1,0,3,8,2.18,1.02
Bryce Elder,ATL,24,4,4,0,0,20.2,26,11,16,8,3,1,1,0,0,0,4.79,1.65
Justin Slaten,BOS,26,13,0,0,0,20.2,13,4,16,4,0,2,1,1,0,3,1.74,0.82
Nick Sandlin,CLE,27,22,0,0,0,20.2,9,4,24,4,1,3,0,1,0,2,1.74,0.63
David Robertson,TEX,39,18,0,0,0,20.2,11,6,27,8,1,2,1,1,3,12,2.61,0.92
Thyago Vieira,MIL,30,15,0,0,0,20.2,22,13,22,12,5,0,0,1,0,0,5.66,1.65
Dylan Floro,WSH,33,19,0,0,0,20.1,12,1,16,8,0,0,0,0,0,5,0.44,0.98
Jalen Beeks,COL,30,18,0,0,0,20.1,13,5,14,11,2,2,2,4,1,1,2.21,1.18
JoJo Romero,STL,27,19,0,0,0,20.1,9,3,21,2,1,0,0,0,0,13,1.33,0.54
Dylan Lee,ATL,29,12,0,0,0,20.1,17,3,18,7,1,0,1,0,0,2,1.33,1.18
Emmanuel Clase,CLE,26,21,0,0,0,20.1,12,1,22,1,0,2,1,11,2,0,0.44,0.64
Ian Hamilton,NYY,28,17,0,0,0,20.1,19,7,16,9,1,0,0,0,1,5,3.10,1.38
Jhony Brito,SD,26,13,0,0,0,20.1,24,10,9,5,2,0,2,0,3,0,4.43,1.43
Yennier Cano,BAL,30,21,0,0,0,20.1,18,5,18,9,3,2,1,2,2,9,2.21,1.33
Erik Miller,SF,26,20,1,0,0,20.1,9,11,24,13,4,0,1,0,2,5,4.87,1.08
Hunter Stratton,PIT,27,19,0,0,0,20.1,18,9,22,3,2,1,0,1,1,3,3.98,1.03
Tyler Holton,DET,27,14,0,0,0,20.0,13,8,17,3,3,3,0,0,0,2,3.60,0.80
Bryan Abreu,HOU,27,19,0,0,0,20.0,16,8,30,12,4,1,1,0,2,7,3.60,1.40
Michael Kopech,CWS,28,17,0,0,0,19.2,14,8,26,10,3,1,3,4,1,1,3.66,1.22
Burch Smith,MIA,34,17,0,0,0,19.2,24,9,17,8,0,2,0,0,0,1,4.12,1.63
Bryan Hoeing,MIA,27,11,0,0,0,19.2,13,4,16,5,1,0,0,0,0,2,1.83,0.92
Stephen Kolek,SD,27,19,0,0,0,19.2,19,7,17,7,1,0,0,0,0,2,3.20,1.32
Cody Bradford,TEX,26,3,3,0,0,19.1,10,3,17,2,1,3,0,0,0,0,1.40,0.62
Hoby Milner,MIL,33,20,0,0,0,19.1,14,4,20,4,3,1,0,1,0,2,1.86,0.93
Shawn Armstrong,TB,33,15,3,0,0,19.1,20,10,22,9,2,1,1,1,0,2,4.66,1.50
Scott Barlow,CLE,31,21,0,0,0,19.1,14,6,23,9,1,2,2,1,0,8,2.79,1.19
Jorge Lopez,NYM,31,20,0,0,0,19.0,17,6,15,8,0,0,0,2,0,6,2.84,1.32
Josh Fleming,PIT,27,17,1,0,0,19.0,23,12,13,9,2,1,1,1,0,1,5.68,1.68
Ryan Helsley,STL,29,19,0,0,0,19.0,14,3,21,2,1,2,2,12,1,0,1.42,0.84
Tim Herrin,CLE,27,19,0,0,0,19.0,10,2,21,7,0,1,0,0,0,4,0.95,0.89
Trevor Richards,TOR,30,18,0,0,0,19.0,8,6,20,8,3,0,0,0,0,3,2.84,0.84
Jake Bird,COL,28,18,0,0,0,18.2,20,12,12,12,3,1,1,1,1,4,5.79,1.71
Declan Cronin,MIA,26,12,0,0,0,18.2,15,3,21,10,0,0,2,0,0,0,1.45,1.34
Alex Vesia,LAD,28,19,0,0,0,18.2,8,3,21,12,2,1,2,1,0,2,1.45,1.07
Rafael Montero,HOU,33,19,0,0,0,18.2,13,7,9,5,3,0,1,0,2,5,3.38,0.96
Taijuan Walker,PHI,31,3,3,0,0,18.2,21,10,15,4,4,3,0,0,0,0,4.82,1.34
Chase Anderson,BOS,36,10,1,0,0,18.2,14,9,10,5,3,0,1,2,0,0,4.34,1.02
Tyler Rogers,SF,33,20,0,0,0,18.2,19,5,12,0,3,0,0,0,0,6,2.41,1.02
Yuki Matsui,SD,28,20,0,0,0,18.2,14,8,13,11,1,2,0,0,2,4,3.86,1.34
Jacob Latz,TEX,28,20,0,0,0,18.2,16,7,15,10,1,0,1,0,0,5,3.38,1.39
Jacob Webb,BAL,30,20,0,0,0,18.1,11,3,20,6,1,0,2,2,1,3,1.47,0.93
Robert Suarez,SD,33,17,0,0,0,18.1,7,1,16,4,1,2,0,12,0,0,0.49,0.60
Jay Jackson,MIN,36,14,0,0,0,18.1,19,14,20,7,4,1,2,0,0,1,6.87,1.42
Jason Adam,TB,32,19,0,0,0,18.1,8,3,16,7,2,2,0,3,1,8,1.47,0.82
James McArthur,KC,27,16,0,0,0,18.1,22,9,18,3,3,1,2,9,3,1,4.42,1.36
Cade Smith,CLE,25,19,0,0,0,18.1,13,5,25,7,0,1,0,0,1,2,2.45,1.09
Garrett Whitlock,BOS,27,4,4,0,0,18.1,14,4,17,7,1,1,0,0,0,0,1.96,1.15
John Schreiber,KC,30,19,0,0,0,18.1,14,2,14,5,0,3,0,1,0,10,0.98,1.04
Keegan Akin,BAL,29,19,0,0,0,18.0,13,6,21,6,1,1,0,0,1,4,3.00,1.06
Kody Funderburk,MIN,27,14,0,0,0,18.0,18,9,20,7,2,1,0,0,0,3,4.50,1.39
Tayler Scott,HOU,31,18,0,0,0,18.0,12,5,22,11,1,1,1,0,1,0,2.50,1.28
Adam Cimber,LAA,33,19,0,0,0,18.0,12,8,16,6,1,3,0,0,0,5,4.00,1.00
Jeff Hoffman,PHI,31,18,0,0,0,18.0,10,2,25,6,0,2,0,2,2,5,1.00,0.89
Ty Blach,COL,33,5,2,0,0,18.0,19,6,7,3,0,1,1,0,0,0,3.00,1.22
Chris Stratton,KC,33,17,0,0,0,17.2,13,11,14,12,2,2,2,2,1,3,5.60,1.42
Jose Alvarado,PHI,28,19,0,0,0,17.2,11,7,16,7,1,1,1,8,0,2,3.57,1.02
A.J. Minter,ATL,30,21,0,0,0,17.2,13,7,20,5,5,5,3,1,3,5,3.57,1.02
Dennis Santana,NYY,28,15,0,0,0,17.2,14,9,13,7,0,2,0,2,0,1,4.58,1.19
Tanner Banks,CWS,32,15,1,0,0,17.2,25,11,21,4,2,0,2,1,1,2,5.60,1.64
Griffin Jax,MIN,29,19,0,0,0,17.2,13,6,23,7,1,3,2,5,2,6,3.06,1.13
Wandy Peralta,SD,32,20,0,0,0,17.2,14,7,10,5,2,1,1,0,0,6,3.57,1.08
Cole Sands,MIN,26,15,0,0,0,17.2,15,9,24,3,3,1,0,2,1,3,4.58,1.02
Brandon Bielak,HOU,28,10,0,0,0,17.1,22,11,9,7,3,0,0,0,0,0,5.71,1.67
Greg Weissert,BOS,29,17,0,0,0,17.1,14,3,18,4,2,1,1,0,1,1,1.56,1.04
Ryan Fernandez,STL,25,14,0,0,0,17.1,15,5,20,6,1,0,1,0,0,0,2.60,1.21
Clay Holmes,NYY,31,17,0,0,0,17.1,15,0,21,3,0,1,0,12,1,0,0.00,1.04
Joe Mantiply,ARI,33,20,0,0,0,17.1,15,6,14,5,0,2,1,1,0,2,3.12,1.15
Kevin Ginkel,ARI,30,18,0,0,0,17.1,17,8,16,5,2,2,0,5,4,2,4.15,1.27
Emilio Pagan,CIN,33,19,0,0,0,17.1,18,9,24,7,4,2,3,0,0,2,4.67,1.44
Adbert Alzolay,CHC,29,18,0,0,0,17.1,19,9,13,6,6,1,4,4,5,1,4.67,1.44
Mark Leiter,CHC,33,17,0,0,0,17.0,12,1,19,7,0,1,1,0,0,7,0.53,1.12
Josh Hader,HOU,30,17,0,0,0,17.0,15,10,27,8,2,1,3,5,1,0,5.29,1.35
Ryan Thompson,ARI,31,17,0,0,0,17.0,10,2,12,2,0,0,1,0,1,6,1.06,0.71
Brennan Bernardino,BOS,32,15,2,0,0,17.0,6,1,15,7,0,1,1,0,0,1,0.53,0.76
Trent Thornton,SEA,30,17,0,0,0,17.0,13,4,17,3,0,1,1,0,0,3,2.12,0.94
Fernando Cruz,CIN,34,18,0,0,0,17.0,9,8,32,11,1,1,3,0,0,7,4.24,1.18
T.J. McFarland,OAK,34,21,0,0,0,17.0,23,9,11,3,0,1,0,0,0,5,4.76,1.53
Daniel Hudson,LAD,37,17,0,0,0,17.0,13,6,19,1,4,1,1,2,2,7,3.18,0.82
Austin Voth,SEA,31,14,0,0,0,17.0,13,5,13,3,2,1,0,0,0,0,2.65,0.94
Marco Gonzales,PIT,32,3,3,0,0,17.0,15,5,11,5,1,0,0,0,0,0,2.65,1.18
Jose Leclerc,TEX,30,16,0,0,0,17.0,14,13,22,15,1,3,3,1,2,1,6.88,1.71
Andrew Nardi,MIA,25,20,0,0,0,17.0,20,12,22,6,1,0,0,0,4,4,6.35,1.53
Will Vest,DET,28,16,0,0,0,17.0,17,8,7,4,1,1,1,0,2,2,4.24,1.24
Max Meyer,MIA,25,3,3,0,0,17.0,11,4,14,3,2,2,0,0,0,0,2.12,0.82
Anthony Bender,MIA,29,18,0,0,0,17.0,22,11,20,7,1,1,2,0,1,4,5.82,1.71
Zack Thompson,STL,26,5,2,0,0,17.0,24,18,20,8,6,0,2,0,0,0,9.53,1.88
Tobias Myers,MIL,25,4,4,0,0,17.0,15,10,17,9,6,0,2,0,0,0,5.29,1.41
Angel Zerpa,KC,24,18,0,0,0,17.0,15,3,19,3,2,0,0,0,0,6,1.59,1.06
Elvis Peguero,MIL,27,16,0,0,0,17.0,22,7,16,7,0,4,1,0,1,4,3.71,1.71
Adrian Morejon,SD,25,11,0,0,0,16.2,18,5,24,3,0,0,0,0,0,0,2.70,1.26
Andres Munoz,SEA,25,16,0,0,0,16.2,8,3,21,7,1,2,2,6,1,3,1.62,0.90
Kevin Kelly,TB,26,13,0,0,0,16.2,16,6,15,1,2,1,0,0,0,3,3.24,1.02
Louie Varland,MIN,26,4,4,0,0,16.2,27,17,18,9,6,0,4,0,0,0,9.18,2.16
Andrew Kittredge,STL,34,18,0,0,0,16.2,13,5,17,4,2,0,2,0,2,12,2.70,1.02
Hunter Strickland,LAA,35,15,0,0,0,16.2,10,4,15,2,1,1,0,0,1,1,2.16,0.72
Edwin Diaz,NYM,30,16,0,0,0,16.2,10,6,25,6,4,1,1,5,2,1,3.24,0.96
Kyle Finnegan,WSH,32,17,0,0,0,16.1,6,3,16,8,2,1,2,12,1,0,1.65,0.86
Matt Strahm,PHI,32,17,0,0,0,16.1,12,2,27,1,0,2,0,0,1,4,1.10,0.80
Raisel Iglesias,ATL,34,17,0,0,0,16.1,14,5,11,5,1,0,0,10,2,0,2.76,1.16
Luis Garcia,LAA,37,18,0,0,0,16.1,12,9,17,5,1,1,0,1,0,5,4.96,1.04
Craig Kimbrel,BAL,35,19,0,0,0,16.1,11,7,25,9,2,4,1,8,3,4,3.86,1.22
Adam Ottavino,NYM,38,16,0,0,0,16.1,10,6,25,6,2,1,1,1,1,6,3.31,0.98
Shelby Miller,DET,33,15,0,0,0,16.1,11,8,15,6,2,3,4,0,2,3,4.41,1.04
Mason Miller,OAK,25,13,0,0,0,16.1,7,2,33,4,0,0,0,8,0,0,1.10,0.67
Jordan Leasure,CWS,25,17,0,0,0,16.1,12,4,11,6,0,0,0,2,1,5,2.20,1.10
Roansy Contreras,PIT,24,12,0,0,0,16.1,19,8,16,8,3,1,0,0,1,0,4.41,1.65
DL Hall,MIL,25,4,4,0,0,16.1,27,14,13,10,4,0,1,0,0,0,7.71,2.27
Jason Foley,DET,28,18,0,0,0,16.1,16,4,15,7,0,2,1,10,1,2,2.20,1.41
David Bednar,PIT,29,18,0,0,0,16.0,18,15,20,5,3,2,2,8,3,0,8.44,1.44
Camilo Doval,SF,26,16,0,0,0,16.0,11,6,21,11,2,2,0,6,0,0,3.38,1.38
Lucas Erceg,OAK,29,16,0,0,0,16.0,11,6,22,8,1,1,2,2,2,7,3.38,1.19
Landon Knack,LAD,26,3,3,0,0,16.0,11,5,11,5,3,1,1,0,0,0,2.81,1.00
Kirby Yates,TEX,37,14,0,0,0,16.0,5,1,17,6,0,3,0,7,0,2,0.56,0.69
Scott McGough,ARI,34,15,0,0,0,16.0,18,12,10,10,2,1,3,0,2,1,6.75,1.75
Tanner Scott,MIA,29,16,0,0,0,16.0,8,4,16,16,1,1,4,4,1,1,2.25,1.50
Joe Jimenez,ATL,29,16,0,0,0,16.0,10,3,17,5,0,1,0,0,0,9,1.69,0.94
Carson Fulmer,LAA,30,8,0,0,0,16.0,11,5,14,10,1,0,1,0,0,0,2.81,1.31
Yency Almonte,CHC,29,17,0,0,0,15.2,9,6,20,8,1,1,0,1,1,6,3.45,1.09
Steven Wilson,CWS,29,18,0,0,0,15.2,9,6,15,12,4,1,2,0,1,6,3.45,1.34
Garrett Cleavinger,TB,30,17,0,0,0,15.2,9,3,24,11,0,3,0,2,0,4,1.72,1.28
Mike Baumann,BAL,28,15,0,0,0,15.2,17,7,15,8,2,1,0,0,1,2,4.02,1.60
Kyle Freeland,COL,31,4,4,0,0,15.2,32,23,9,8,3,0,3,0,0,0,13.21,2.55
Danny Coulombe,BAL,34,19,0,0,0,15.2,6,4,17,2,2,0,0,1,1,8,2.30,0.51
Randy Vasquez,SD,25,4,4,0,0,15.2,24,11,11,4,3,0,2,0,0,0,6.32,1.79
Roddery Munoz,MIA,24,3,3,0,0,15.2,12,9,19,7,6,1,1,0,0,0,5.17,1.21
Nick Mears,COL,27,16,0,0,0,15.2,17,9,19,10,1,0,3,0,0,3,5.17,1.72
Anthony Molina,COL,22,8,0,0,0,15.2,20,12,8,6,2,0,0,0,0,0,6.89,1.66
Yariel Rodriguez,TOR,27,4,4,0,0,15.1,19,7,16,8,2,0,1,0,0,0,4.11,1.76
Enyel De Los Santos,SD,28,19,0,0,0,15.1,13,6,19,4,5,1,2,0,0,3,3.52,1.11
Justin Lawrence,COL,29,15,0,0,0,15.1,14,8,15,11,0,1,2,2,1,2,4.70,1.63
Tyler Wells,BAL,29,3,3,0,0,15.1,18,10,13,3,3,0,2,0,0,0,5.87,1.37
Ryan Pressly,HOU,35,17,0,0,0,15.1,21,9,23,6,2,0,1,0,2,6,5.28,1.76
Taylor Rogers,SF,33,18,0,0,0,15.1,15,7,21,4,3,1,2,0,0,3,4.11,1.24
Yimi Garcia,TOR,33,15,0,0,0,15.1,4,1,20,3,1,1,0,2,0,5,0.59,0.46
Chris Martin,BOS,37,15,0,0,0,15.1,15,7,15,2,2,2,1,0,3,5,4.11,1.11
Jared Koenig,MIL,30,10,0,0,0,15.1,16,5,10,3,1,4,1,0,0,1,2.93,1.24
Tyler Kinley,COL,33,16,0,0,0,15.0,21,15,14,11,4,2,0,0,0,2,9.00,2.13
Nick Pivetta,BOS,31,3,3,0,0,15.0,15,6,14,2,4,1,2,0,0,0,3.60,1.13
Hector Neris,CHC,34,16,0,0,0,15.0,13,5,13,14,1,3,0,6,1,3,3.00,1.80
Matt Moore,LAA,34,16,0,0,0,15.0,14,11,14,6,3,0,1,0,1,8,6.60,1.33
Dominic Leone,CWS,32,17,0,0,0,14.2,14,11,14,11,4,0,1,0,2,3,6.75,1.70
Bowden Francis,TOR,28,5,2,0,0,14.2,18,14,17,7,4,2,2,0,0,0,8.59,1.70
Joey Wentz,DET,26,10,0,0,0,14.2,14,2,19,6,0,0,0,0,0,2,1.23,1.36
Alexis Diaz,CIN,27,16,0,0,0,14.2,12,11,16,12,0,1,2,7,2,0,6.75,1.64
Phil Maton,TB,31,18,0,0,0,14.2,10,9,12,9,2,0,2,1,2,8,5.52,1.30
Dany Jimenez,OAK,30,15,0,0,0,14.2,9,6,11,13,3,1,1,0,2,2,3.68,1.50
Calvin Faucher,MIA,28,12,0,0,0,14.2,12,4,16,6,0,1,1,0,0,2,2.45,1.23
Alex Lange,DET,28,17,0,0,0,14.2,11,5,17,12,0,0,2,2,0,1,3.07,1.57
Matt Sauer,KC,25,12,0,0,0,14.1,17,9,7,11,1,0,0,0,0,0,5.65,1.95
Abner Uribe,MIL,23,14,0,0,0,14.1,15,11,14,12,1,2,2,3,2,0,6.91,1.88
Nick Anderson,KC,33,16,0,0,0,14.1,17,7,8,9,2,2,1,0,0,2,4.40,1.81
Jesse Chavez,ATL,40,11,0,0,0,14.1,11,2,9,6,2,1,1,0,0,0,1.26,1.19
Genesis Cabrera,TOR,27,16,0,0,0,14.1,20,9,10,9,3,1,1,0,1,2,5.65,2.02
A.J. Puk,MIA,29,5,4,0,0,14.0,19,14,12,17,1,0,4,0,0,0,9.00,2.57
Tim Hill,CWS,34,16,0,0,0,14.0,18,4,6,6,0,1,0,0,1,0,2.57,1.71
Caleb Ferguson,NYY,27,17,0,0,0,14.0,14,10,17,8,3,0,3,1,1,6,6.43,1.57
Seranthony Dominguez,PHI,29,16,0,0,0,14.0,17,11,15,6,3,1,2,0,1,4,7.07,1.64
Jose Cisnero,LAA,35,14,0,0,0,14.0,17,11,16,7,4,0,0,0,1,1,7.07,1.71
Andrew Chafin,DET,33,16,0,0,0,14.0,11,6,14,7,2,2,1,0,3,5,3.86,1.29
Chris Devenski,TB,33,9,0,0,0,14.0,19,12,11,6,5,1,1,0,2,0,7.71,1.79
Jordan Weems,WSH,31,17,0,0,0,14.0,13,7,14,9,1,1,1,0,2,4,4.50,1.57
Tyler Beede,CLE,30,13,0,0,0,14.0,16,13,18,9,2,1,0,0,0,2,8.36,1.79
Jared Shuster,CWS,25,5,0,0,0,14.0,10,4,8,5,1,0,0,0,0,1,2.57,1.07
Deivi Garcia,CWS,24,14,0,0,0,14.0,16,11,15,11,2,1,2,1,1,0,7.07,1.93
Nate Pearson,TOR,27,16,0,0,0,14.0,14,8,16,7,1,0,0,1,0,0,5.14,1.50
Logan Allen,ARI,26,6,0,0,0,13.2,13,7,7,3,1,0,1,1,0,1,4.61,1.17
Landen Roupp,SF,25,10,0,0,0,13.2,14,8,12,8,1,0,0,0,0,0,5.27,1.61
Jonathan Cannon,CWS,23,3,3,0,0,13.2,20,11,13,4,2,0,1,0,0,0,7.24,1.76
Aroldis Chapman,PIT,36,18,0,0,0,13.2,9,7,24,17,2,0,3,1,2,8,4.61,1.90
Kenley Jansen,BOS,36,14,0,0,0,13.2,8,4,19,9,0,1,0,7,1,0,2.63,1.24
Evan Phillips,LAD,29,14,0,0,0,13.2,10,1,17,4,0,0,0,8,0,0,0.66,1.02
Austin Adams,OAK,33,18,0,0,0,13.2,10,2,18,5,0,0,0,0,1,11,1.32,1.10
Justin Steele,CHC,28,3,3,0,0,13.1,12,7,11,4,3,0,0,0,0,0,4.73,1.20
Yunior Marte,PHI,29,12,0,0,0,13.1,12,4,12,5,2,0,0,0,1,2,2.70,1.28
Matt Barnes,WSH,33,14,0,0,0,13.1,16,10,10,4,1,0,0,0,0,0,6.75,1.50
Joe Kelly,LAD,35,15,0,0,0,13.1,13,7,14,5,0,0,0,0,1,9,4.73,1.35
Brock Stewart,MIN,32,13,0,0,0,13.1,8,1,17,6,1,0,0,0,0,7,0.68,1.05
Ryne Stanek,SEA,32,16,0,0,0,13.1,16,7,14,6,1,1,0,2,0,6,4.73,1.65
Cody Bolton,SEA,25,11,0,0,0,13.1,9,6,11,7,2,0,0,0,0,0,4.05,1.20
Tayler Saucedo,SEA,30,14,0,0,0,13.1,10,4,13,5,0,1,0,1,1,1,2.70,1.13
Sean Hjelle,SF,27,8,0,0,0,13.1,12,5,15,1,2,0,1,0,0,1,3.38,0.98
Joel Payamps,MIL,30,15,0,0,0,13.0,14,8,11,4,2,1,1,4,2,4,5.54,1.38
Aaron Bummer,ATL,30,14,0,0,0,13.0,17,6,15,5,1,1,1,0,2,0,4.15,1.69
Tim Mayza,TOR,32,19,0,0,0,13.0,16,10,11,7,2,0,1,0,1,6,6.92,1.77
Brad Keller,CWS,28,4,1,0,0,12.2,10,4,9,5,1,0,1,0,0,0,2.84,1.18
Gabe Speier,SEA,29,15,0,0,0,12.2,8,5,18,8,1,0,1,0,1,4,3.55,1.26
Victor Gonzalez,NYY,28,15,0,0,0,12.2,7,4,4,8,2,2,1,2,0,1,2.84,1.18
Drew Smyly,CHC,34,9,0,0,0,12.2,12,7,11,5,2,2,2,0,0,0,4.97,1.34
Erasmo Ramirez,TB,34,7,0,0,0,12.2,9,7,8,6,3,2,0,0,0,0,4.97,1.18
Will Smith,KC,34,15,0,0,0,12.2,15,11,8,5,2,0,2,1,1,4,7.82,1.58
Keegan Thompson,CHC,29,9,0,0,0,12.2,11,7,19,6,2,1,1,0,0,0,4.97,1.34
Dillon Tate,BAL,30,11,0,0,0,12.2,7,4,6,6,1,1,0,0,0,0,2.84,1.03
Ron Marinaccio,NYY,28,9,0,0,0,12.2,5,2,10,5,1,1,0,0,1,1,1.42,0.79
Justin Martinez,ARI,22,10,0,0,0,12.2,7,1,16,9,0,1,0,0,0,0,0.71,1.26
Christian Scott,NYM,24,2,2,0,0,12.2,11,4,14,3,1,0,1,0,0,0,2.84,1.11
Jake Diekman,NYM,37,15,0,0,0,12.1,5,5,17,9,0,1,1,0,1,3,3.65,1.14
John Brebbia,CWS,33,14,0,0,0,12.1,11,6,16,2,3,0,1,1,0,4,4.38,1.05
Lucas Sims,CIN,30,16,0,0,0,12.1,10,8,14,9,4,1,1,0,1,7,5.84,1.54
Gregory Soto,PHI,29,16,0,0,0,12.0,16,9,13,9,0,0,1,2,0,4,6.75,2.08
Ryder Ryan,PIT,29,9,0,0,0,12.0,8,4,13,5,0,1,0,0,0,3,3.00,1.08
Pierce Johnson,ATL,33,13,0,0,0,12.0,10,4,16,5,1,2,1,1,0,3,3.00,1.25
Tanner Rainey,WSH,31,12,0,0,0,12.0,21,12,8,11,3,0,0,0,0,0,9.00,2.67
Shane Bieber,CLE,28,2,2,0,0,12.0,10,0,20,1,0,2,0,0,0,0,0.00,0.92
Tom Cosgrove,SD,27,15,0,0,0,12.0,17,14,13,5,3,0,1,0,0,2,10.50,1.83
George Soriano,MIA,25,10,0,0,0,11.2,11,12,12,7,3,0,1,0,1,2,9.26,1.54
Tyson Miller,SEA,28,9,0,0,0,11.2,8,4,12,1,2,0,0,0,0,1,3.09,0.77
Cole Winn,TEX,24,9,0,0,0,11.2,8,8,11,3,1,0,1,0,0,0,6.17,0.94
Bobby Miller,LAD,25,3,3,0,0,11.2,11,7,18,6,2,1,1,0,0,0,5.40,1.46
Ryan Brasier,LAD,36,12,1,0,0,11.2,10,6,12,3,3,0,0,0,2,4,4.63,1.11
Steven Okert,MIN,32,14,0,0,0,11.2,13,5,16,7,2,0,0,1,4,2,3.86,1.71
John Means,BAL,31,2,2,0,0,11.2,9,4,11,0,1,1,0,0,0,0,3.09,0.77
Blake Snell,SF,31,3,3,0,0,11.2,18,15,12,5,2,0,3,0,0,0,11.57,1.97
Colten Brewer,CHC,31,7,0,0,0,11.2,9,4,12,4,1,0,0,0,1,0,3.09,1.11
Carlos Estevez,LAA,31,12,0,0,0,11.2,12,8,14,0,3,0,2,6,3,0,6.17,1.03
Cam Booser,BOS,32,10,0,0,0,11.2,9,4,13,3,2,0,1,0,0,2,3.09,1.03
Orion Kerkering,PHI,23,11,0,0,0,11.2,7,2,9,4,0,1,0,0,1,2,1.54,0.94
Robert Garcia,WSH,27,15,0,0,0,11.1,15,8,18,5,1,0,2,0,1,5,6.35,1.76
Jorge Alcala,MIN,28,8,0,0,0,11.0,9,4,10,6,0,1,1,0,0,2,3.27,1.36
Colin Holderman,PIT,28,12,0,0,0,11.0,5,1,13,6,1,1,0,0,0,3,0.82,1.00
Alek Manoah,TOR,26,2,2,0,0,11.0,10,6,12,5,3,0,1,0,0,0,4.91,1.36
Daniel Palencia,CHC,24,7,0,0,0,11.0,11,8,12,8,0,0,1,1,0,0,6.55,1.73
Kai-Wei Teng,SF,25,4,0,0,0,11.0,15,12,7,8,2,0,0,0,0,0,9.82,2.09
Joely Rodriguez,BOS,32,11,0,0,0,11.0,15,8,11,2,3,0,1,0,1,4,6.55,1.55
Jordan Romano,TOR,31,10,0,0,0,10.2,10,4,9,3,1,1,0,6,0,0,3.38,1.22
Ricardo Pinto,PHI,30,6,0,0,0,10.2,19,13,8,5,2,0,0,1,0,0,10.97,2.25
Shawn Dubin,HOU,28,8,0,0,0,10.2,13,9,11,7,0,0,1,0,0,0,7.59,1.88
Pedro Avila,CLE,27,5,0,0,0,10.2,11,5,12,2,2,0,1,0,0,0,4.22,1.22
Kyle Nelson,ARI,27,11,0,0,0,10.2,8,5,8,4,2,0,0,0,1,2,4.22,1.13
Justin Wilson,CIN,36,15,0,0,0,10.1,12,7,13,2,3,1,0,0,0,4,6.10,1.35
Tyler Matzek,ATL,33,11,0,0,0,10.0,16,11,10,3,3,0,0,0,0,2,9.90,1.90
Jacob Waguespack,TB,30,4,1,0,0,10.0,13,6,11,10,1,0,0,0,0,0,5.40,2.30
Drew Smith,NYM,30,10,0,0,0,10.0,10,3,11,7,0,1,0,1,0,3,2.70,1.70
Mitch White,TOR,29,4,0,0,0,10.0,10,6,6,4,1,1,0,0,0,0,5.40,1.40
Andre Pallante,STL,25,9,0,0,0,10.0,14,7,6,5,1,0,1,0,0,1,6.30,1.90
Kyle Bradish,BAL,27,2,2,0,0,9.2,8,2,14,4,0,0,0,0,0,0,1.86,1.24
Yerry Rodriguez,TEX,26,9,0,0,0,9.2,14,11,9,8,5,0,0,0,0,0,10.24,2.28
Darius Vines,ATL,26,2,2,0,0,9.2,11,5,6,3,2,0,1,0,0,0,4.66,1.45
Kyle Leahy,STL,26,5,0,0,0,9.2,7,6,7,3,0,1,1,0,0,0,5.59,1.03
Trevor Megill,MIL,30,9,0,0,0,9.2,6,1,8,3,0,0,0,4,0,3,0.93,0.93
Sean Reid-Foley,NYM,28,10,0,0,0,9.2,1,0,14,7,0,1,1,0,0,2,0.00,0.83
Colin Poche,TB,30,10,0,0,0,9.1,12,7,6,3,3,0,1,2,2,4,6.75,1.61
Luke Jackson,SF,32,10,0,0,0,9.1,10,4,9,5,0,1,1,0,3,0,3.86,1.61
Jacob Barnes,WSH,34,9,0,0,0,9.0,8,1,7,1,0,2,0,0,0,0,1.00,1.00
Giovanny Gallegos,STL,32,13,0,0,0,9.0,14,12,13,7,5,2,1,1,0,2,12.00,2.33
Luke Little,CHC,23,10,1,0,0,9.0,8,7,8,7,1,0,0,0,0,2,7.00,1.67
Anthony Maldonado,MIA,26,8,1,0,0,9.0,11,5,6,2,1,0,1,1,1,0,5.00,1.44
Spencer Strider,ATL,25,2,2,0,0,9.0,10,7,12,5,2,0,0,0,0,0,7.00,1.67
Mason Black,SF,24,2,2,0,0,8.2,12,6,6,5,2,0,1,0,0,0,6.23,1.96
Miguel Castro,ARI,29,8,0,0,0,8.2,12,5,6,1,1,0,0,0,0,1,5.19,1.50
Caleb Thielbar,MIN,37,12,0,0,0,8.2,12,6,11,5,1,1,1,3,0,3,6.23,1.96
Erik Swanson,TOR,30,11,0,0,0,8.1,15,13,6,3,4,1,2,0,1,4,14.04,2.16
Josiah Gray,WSH,26,2,2,0,0,8.1,15,13,9,5,2,0,2,0,0,0,14.04,2.40
Zack Kelly,BOS,29,6,0,0,0,8.1,6,2,8,4,0,0,1,0,0,2,2.16,1.20
Eli Morgan,CLE,28,9,0,0,0,8.1,6,2,7,4,0,1,0,0,0,1,2.16,1.20
Pedro Avila,SD,27,4,0,0,0,8.0,5,8,9,6,1,1,0,0,0,0,9.00,1.38
Jeremiah Estrada,SD,25,6,0,0,0,8.0,3,0,9,4,0,0,0,0,0,1,0.00,0.88
Nick Nastrini,CWS,24,2,2,0,0,8.0,9,7,8,7,1,0,2,0,0,0,7.88,2.00
Chase Silseth,LAA,23,2,2,0,0,8.0,8,6,12,4,3,0,1,0,0,0,6.75,1.50
Pete Fairbanks,TB,30,9,0,0,0,8.0,8,7,11,8,0,0,2,3,1,0,7.88,2.00
Jose Cuas,CHC,29,6,0,0,0,8.0,11,8,8,3,1,0,0,0,0,0,9.00,1.75
Matt Bowman,MIN,32,5,0,0,0,7.2,2,2,6,4,1,0,0,0,0,3,2.35,0.78
Tyler Duffey,KC,33,7,0,0,0,7.2,5,3,9,5,0,1,0,0,0,1,3.52,1.30
Chad Green,TOR,32,7,0,0,0,7.2,6,2,7,2,2,1,0,2,0,2,2.35,1.04
Nick Robertson,STL,25,6,0,0,0,7.2,6,1,8,2,0,0,0,0,0,0,1.17,1.04
Jack Leiter,TEX,24,2,2,0,0,7.2,15,11,6,3,2,0,0,0,0,0,12.91,2.35
Nick Avila,SF,26,6,0,0,0,7.2,11,6,7,2,1,0,0,0,0,0,7.04,1.70
John King,STL,29,6,0,0,0,7.1,8,2,8,0,1,0,1,0,1,0,2.45,1.09
Yohan Ramirez,NYM,29,4,0,0,0,7.1,9,7,9,4,1,0,1,0,1,0,8.59,1.77
Walker Buehler,LAD,29,2,2,0,0,7.1,11,6,6,2,3,0,1,0,0,0,7.36,1.77
J.P. Feyereisen,LAD,31,7,0,0,0,7.0,7,6,7,5,1,0,1,1,0,0,7.71,1.71
Nick Ramirez,LAD,34,5,0,0,0,7.0,4,1,2,3,0,0,0,0,0,0,1.29,1.00
Brooks Raley,NYM,35,8,0,0,0,7.0,2,0,9,3,0,1,0,0,0,4,0.00,0.71
Wade Miley,MIL,37,2,2,0,0,7.0,6,5,2,4,1,0,1,0,0,0,6.43,1.43
Michael Tonkin,NYM,34,5,0,0,0,7.0,8,4,6,2,1,1,2,0,0,0,5.14,1.43
Daniel Lynch,KC,27,2,1,0,0,7.0,2,0,6,2,0,0,0,0,0,0,0.00,0.57
Jhoan Duran,MIN,26,7,0,0,0,7.0,2,0,8,1,0,0,0,3,0,3,0.00,0.43
Kyle Hurt,LAD,25,3,1,0,0,6.2,8,1,3,1,0,0,1,0,0,0,1.35,1.35
Michael Tonkin,NYY,34,5,0,0,0,6.2,5,0,5,2,0,0,1,0,1,0,0.00,1.05
Mike Clevinger,CWS,33,2,2,0,0,6.2,10,4,5,4,1,0,1,0,0,0,5.40,2.10
Nick Burdi,NYY,31,9,0,0,0,6.2,2,1,8,7,0,1,0,0,0,3,1.35,1.35
Dedniel Nunez,NYM,27,4,0,0,0,6.1,6,3,10,2,1,0,0,0,0,0,4.26,1.26
Isaiah Campbell,BOS,26,7,0,0,0,6.1,11,9,5,2,2,0,1,0,1,2,12.79,2.05
Luis Frias,ARI,25,7,0,0,0,6.1,11,7,7,4,1,0,1,0,1,0,9.95,2.37
Yohan Ramirez,BAL,29,5,0,0,0,6.0,3,4,6,2,0,0,0,0,0,0,6.00,0.83
Robert Gasser,MIL,24,1,1,0,0,6.0,2,0,4,0,0,1,0,0,0,0,0.00,0.33
Taj Bradley,TB,23,1,1,0,0,6.0,4,1,7,2,0,0,1,0,0,0,1.50,1.00
Kent Emanuel,MIA,31,2,0,0,0,6.0,9,7,4,3,3,0,0,0,0,0,10.50,2.00
J.B. Bukauskas,MIL,27,6,0,0,0,6.0,3,1,6,1,1,0,0,0,0,1,1.50,0.67
Nabil Crismatt,LAD,29,4,0,0,0,6.0,4,1,5,0,1,1,1,0,0,0,1.50,0.67
Cody Poteet,NYY,29,1,1,0,0,6.0,6,1,4,0,1,1,0,0,0,0,1.50,1.00
Jonathan Hernandez,TEX,27,5,0,0,0,6.0,3,3,3,9,0,1,0,0,0,0,4.50,2.00
Zach Pop,TOR,27,6,0,0,0,5.2,3,2,3,1,1,0,0,0,0,1,3.18,0.71
Richard Lovelady,CHC,28,7,0,0,0,5.2,9,5,6,2,1,0,1,0,1,2,7.94,1.94
Mitch White,SF,29,3,0,0,0,5.1,8,7,1,5,1,0,0,0,0,0,11.81,2.44
Braxton Garrett,MIA,26,1,1,0,0,5.1,5,5,8,2,1,0,0,0,0,0,8.44,1.31
Hogan Harris,OAK,27,1,0,0,0,5.1,8,4,5,1,0,0,0,0,0,0,6.75,1.69
Jacob Lopez,TB,26,3,0,0,0,5.1,3,5,2,5,1,0,0,0,0,0,8.44,1.50
Josh Sborz,TEX,30,7,0,0,0,5.1,6,1,5,3,0,1,0,0,0,3,1.69,1.69
Manuel Rodriguez,TB,27,5,0,0,0,5.1,8,3,4,2,0,0,0,0,0,0,5.06,1.88
Wes Parsons,TOR,31,2,0,0,0,5.0,6,6,2,2,2,0,0,0,0,0,10.80,1.60
Sam Moll,CIN,32,5,0,0,0,5.0,3,0,4,1,0,0,0,0,0,0,0.00,0.80
Jose Ruiz,PHI,29,4,0,0,0,5.0,4,2,4,2,1,0,0,0,0,0,3.60,1.20
Matt Andriese,MIA,34,3,0,0,0,5.0,5,3,6,0,2,0,0,0,0,0,5.40,1.00
Jordan Lyles,KC,33,5,0,0,0,5.0,2,0,3,2,0,0,0,0,0,0,0.00,0.80
Allan Winans,ATL,28,1,1,0,0,5.0,8,6,1,2,1,0,1,0,0,0,10.80,2.00
Xzavion Curry,CLE,25,1,1,0,0,5.0,2,0,3,1,0,0,0,0,0,0,0.00,0.60
Joey Estes,OAK,22,1,1,0,0,5.0,2,1,5,0,1,1,0,0,0,0,1.80,0.40
Kyle Nicolas,PIT,25,6,0,0,0,5.0,2,4,7,5,0,0,0,0,0,0,7.20,1.40
Gus Varland,LAD,27,6,0,0,0,5.0,6,2,3,3,1,0,0,0,0,0,3.60,1.80
Guillermo Zuniga,LAA,25,4,0,0,0,5.0,4,4,2,4,1,0,0,1,0,0,7.20,1.60
Cionel Perez,BAL,28,7,0,0,0,5.0,7,5,3,2,0,0,0,0,0,4,9.00,1.80
Janson Junk,MIL,28,3,0,0,0,5.0,13,5,3,1,1,0,0,0,0,0,9.00,2.80
Jose Hernandez,PIT,26,6,0,0,0,4.2,4,1,4,3,0,1,1,1,0,1,1.93,1.50
Darren McCaughan,MIA,28,1,0,0,0,4.2,9,8,2,3,3,0,0,0,0,0,15.43,2.57
Randy Rodriguez,SF,24,2,0,0,0,4.2,6,2,6,2,0,0,0,0,0,0,3.86,1.71
Paolo Espino,TOR,37,2,0,0,0,4.2,8,4,2,2,2,0,0,0,0,0,7.71,2.14
Cole Sulser,NYM,34,4,0,0,0,4.2,6,5,7,3,1,0,0,0,0,1,9.64,1.93
Daulton Jefferies,SF,28,2,1,0,0,4.2,14,9,4,2,2,0,2,0,0,0,17.36,3.43
Julian Merryweather,CHC,32,4,0,0,0,4.2,4,1,6,2,0,0,0,0,0,1,1.93,1.29
Dinelson Lamet,LAD,31,3,0,0,0,4.1,2,1,3,2,1,0,0,1,0,0,2.08,0.92
Austin Pruitt,TEX,34,4,0,0,0,4.1,8,6,1,3,3,0,0,0,0,1,12.46,2.54
Amir Garrett,LAA,32,5,0,0,0,4.1,3,2,9,4,0,0,0,0,0,0,4.15,1.62
Bryan Woo,SEA,24,1,1,0,0,4.1,1,0,3,1,0,0,0,0,0,0,0.00,0.46
Eli Villalobos,MIA,28,3,0,0,0,4.1,3,1,3,2,1,0,0,0,0,0,2.08,1.15
Jonathan Heasley,BAL,27,3,0,0,0,4.1,8,6,4,1,2,0,1,0,0,0,12.46,2.08
Tylor Megill,NYM,28,1,1,0,0,4.0,3,1,4,3,0,0,1,0,0,0,2.25,1.50
Grant Anderson,TEX,26,5,0,0,0,4.0,7,6,6,1,1,0,1,0,1,0,13.50,2.00
Carson Spiers,CIN,26,1,0,0,0,4.0,7,3,1,3,0,0,0,0,0,0,6.75,2.50
Peter Strzelecki,CLE,29,3,0,0,0,4.0,4,0,2,0,0,0,0,0,0,0,0.00,1.00
Vladimir Gutierrez,MIA,28,1,0,0,0,4.0,3,3,4,2,1,0,0,0,1,0,6.75,1.25
Edwin Uceta,TB,26,2,0,0,0,4.0,1,0,5,2,0,0,0,0,0,0,0.00,0.75
Joan Adon,WSH,25,1,1,0,0,4.0,3,1,2,3,0,0,0,0,0,0,2.25,1.50
Daniel Duarte,MIN,27,2,0,0,0,4.0,2,1,3,1,1,1,0,0,0,0,2.25,0.75
Parker Mushinski,HOU,28,3,0,0,0,4.0,6,5,2,3,0,0,0,0,0,1,11.25,2.25
Jakob Junis,MIL,31,1,1,0,0,4.0,3,1,4,1,0,0,0,0,0,0,2.25,1.00
Blake Treinen,LAD,35,4,0,0,0,4.0,1,0,5,1,0,1,0,0,0,2,0.00,0.50
Bryan Shaw,CWS,36,5,0,0,0,4.0,8,4,4,4,1,0,1,0,1,0,9.00,3.00
Jonathan Loaisiga,NYY,29,3,0,0,0,4.0,7,0,3,1,0,1,0,0,1,0,0.00,2.00
Wes Parsons,CLE,31,2,0,0,0,4.0,4,0,5,0,0,0,0,0,0,0,0.00,1.00
Naoyuki Uwasawa,BOS,30,2,0,0,0,4.0,2,1,3,2,0,0,0,0,0,0,2.25,1.00
Tyler Ferguson,OAK,30,3,0,0,0,4.0,2,0,6,4,0,0,0,0,0,0,0.00,1.50
Tyler Jay,NYM,30,2,0,0,0,4.0,5,1,1,1,0,0,0,0,0,0,2.25,1.50
Paul Skenes,PIT,21,1,1,0,0,4.0,6,3,7,2,1,0,0,0,0,0,6.75,2.00
Chris Roycroft,STL,26,3,0,0,0,3.2,3,1,4,0,1,0,0,0,0,0,2.45,0.82
Kevin Herget,MIL,33,2,0,0,0,3.2,3,2,0,1,1,0,0,1,0,0,4.91,1.09
Matt Bowman,ARI,32,2,0,0,0,3.2,2,1,1,1,1,0,0,0,0,0,2.45,0.82
Easton Lucas,OAK,27,3,0,0,0,3.2,8,6,6,3,0,0,0,0,0,0,14.73,3.00
Blake Walston,ARI,22,1,0,0,0,3.2,3,2,5,4,0,0,0,0,0,0,4.91,1.91
Aaron Ashby,MIL,25,1,1,0,0,3.2,6,4,2,2,1,0,1,0,0,0,9.82,2.18
Brett de Geus,SEA,26,4,0,0,0,3.1,4,1,2,0,0,0,0,0,0,0,2.70,1.20
Brendon Little,TOR,27,3,0,0,0,3.1,5,4,4,1,0,0,0,0,0,0,10.80,1.80
Emmanuel Ramirez,MIA,29,3,0,0,0,3.1,1,0,3,0,0,0,0,0,0,0,0.00,0.30
Ryan Borucki,PIT,30,4,0,0,0,3.1,4,2,6,0,0,0,0,0,0,2,5.40,1.20
Sam Hentges,CLE,27,3,0,0,0,3.1,0,0,2,1,0,0,0,0,0,0,0.00,0.30
Nick Nelson,PHI,28,3,0,0,0,3.1,6,2,5,0,0,0,0,0,0,0,5.40,1.80
Brock Burke,TEX,27,5,0,0,0,3.0,9,5,5,1,1,0,0,0,0,0,15.00,3.33
Paul Sewald,ARI,33,3,0,0,0,3.0,2,1,4,1,1,0,0,1,0,0,3.00,1.00
Eduard Bazardo,SEA,28,2,0,0,0,3.0,3,4,5,2,1,0,0,0,0,0,12.00,1.67
Jake Cousins,NYY,29,2,0,0,0,3.0,4,1,4,3,1,1,0,0,0,0,3.00,2.33
Danny Young,NYM,29,2,0,0,0,3.0,2,0,3,3,0,1,0,0,0,0,0.00,1.67
Noah Davis,COL,27,1,0,0,0,3.0,5,3,2,0,1,0,0,0,0,0,9.00,1.67
Josh Walker,NYM,29,3,0,0,0,3.0,1,0,3,1,0,0,0,0,0,0,0.00,0.67
Collin Snider,SEA,28,3,0,0,0,3.0,3,2,2,1,0,0,0,0,0,0,6.00,1.33
Ray Kerr,ATL,29,2,0,0,0,3.0,0,0,4,0,0,1,0,0,0,0,0.00,0.00
Colin Selby,KC,26,2,0,0,0,3.0,2,2,0,2,0,0,0,0,0,0,6.00,1.33
Grant Hartwig,NYM,26,2,0,0,0,3.0,1,2,1,2,1,0,0,0,0,0,6.00,1.00
Jonathan Bowlan,KC,27,1,1,0,0,2.2,6,4,3,3,3,0,1,0,0,0,13.50,3.38
Osvaldo Bido,OAK,28,1,1,0,0,2.2,3,4,4,2,0,0,1,0,0,0,13.50,1.88
Brandon Hughes,ARI,28,3,1,0,0,2.2,6,4,4,1,1,0,0,0,0,0,13.50,2.63
Julio Teheran,NYM,33,1,1,0,0,2.2,6,4,3,2,1,0,0,0,0,0,13.50,3.00
Justin Anderson,CWS,31,2,0,0,0,2.1,2,2,1,3,0,0,0,0,0,0,7.71,2.14
Josh Staumont,MIN,30,2,0,0,0,2.1,2,0,3,1,0,0,0,0,0,0,0.00,1.29
Kirby Snead,SEA,29,2,0,0,0,2.1,1,0,4,0,0,0,0,0,0,0,0.00,0.43
Joel Kuhnel,HOU,29,1,0,0,0,2.0,4,4,1,0,0,0,0,0,0,0,18.00,2.00
Casey Legumina,CIN,26,1,0,0,0,2.0,2,2,1,1,1,0,0,0,0,0,9.00,1.50
Zac Kristofak,LAA,26,1,0,0,0,2.0,3,0,2,2,0,0,0,0,0,0,0.00,2.50
Kyle Tyler,MIA,27,1,0,0,0,2.0,1,1,1,0,0,0,0,0,0,0,4.50,0.50
Anthony Veneziano,KC,26,2,0,0,0,2.0,4,1,2,1,0,0,0,0,0,0,4.50,2.50
Ronny Henriquez,MIN,23,1,0,0,0,2.0,2,0,2,1,0,0,0,0,0,0,0.00,1.50
Ricky Vanasco,LAD,25,1,0,0,0,2.0,0,0,1,0,0,0,0,0,0,0,0.00,0.00
Connor Brogdon,PHI,29,3,0,0,0,2.0,3,6,3,6,2,0,1,0,0,0,27.00,4.50
Tejay Antone,CIN,30,4,0,0,0,2.0,2,1,2,4,0,0,0,0,0,0,4.50,3.00
Michael Tonkin,MIN,34,1,0,0,0,2.0,2,2,5,2,0,0,0,0,0,0,9.00,2.00
Joe Jacques,BOS,29,1,0,0,0,1.2,3,1,2,0,0,0,0,0,0,0,5.40,1.80
Mitch White,MIL,29,1,0,0,0,1.2,1,2,1,1,1,0,0,0,0,0,10.80,1.20
Jackson Stephens,ATL,30,1,0,0,0,1.1,4,1,0,0,1,0,0,0,0,0,6.75,3.00
Miguel Diaz,HOU,29,1,0,0,0,1.0,0,0,0,0,0,0,0,0,0,0,0.00,0.00
Connor Brogdon,LAD,29,1,0,0,0,1.0,2,2,0,0,2,0,0,0,0,0,18.00,2.00
Dylan Coleman,HOU,27,1,0,0,0,1.0,0,0,1,1,0,0,0,0,0,0,0.00,1.00
Will Klein,KC,24,1,0,0,0,1.0,0,0,2,0,0,0,0,0,0,0,0.00,0.00
Clayton Beeter,NYY,25,1,0,0,0,1.0,1,0,0,0,0,0,0,0,0,0,0.00,1.00
Riley O'Brien,STL,29,1,0,0,0,1.0,1,1,2,2,0,0,0,0,0,0,9.00,3.00
Josh Maciejewski,NYY,28,1,0,0,0,1.0,0,0,0,0,0,0,0,0,0,0,0.00,0.00
Owen White,TEX,24,2,0,0,0,1.0,6,6,0,1,0,0,0,0,0,0,54.00,7.00
Andrew Saalfrank,ARI,26,2,0,0,0,1.0,2,4,0,4,0,0,0,0,0,0,36.00,6.00
Logan Gillaspie,SD,27,1,0,0,0,0.2,0,0,2,0,0,0,0,0,0,0,0.00,0.00
Forrest Whitley,HOU,26,1,0,0,0,0.2,1,0,0,1,0,0,0,0,0,0,0.00,3.00
Luis Ortiz,PHI,28,1,0,0,0,0.2,3,2,0,0,0,0,0,0,0,0,27.00,4.50
Blair Henley,HOU,27,1,1,0,0,0.1,4,5,0,3,0,0,0,0,0,0,135.00,21.00
Prelander Berroa,CWS,24,1,0,0,0,0.1,0,0,0,0,0,0,0,0,0,0,0.00,0.00