Hashcode,Player,Team,Age,G,GS,CG,SHO,IP,H,ER,K,BB,HR,W,L,SV,BS,HLD,ERA,WHIP,League,Teams,Leagues,AB,2B,3B,HBP,Season,OBP,Total_OB,Total_Outs,AVG_faced,Game_Fatigue_Factor,Condition,Status,Injured Days,City,Mascot
936899,Rob Luzardo,FAY,27,0,0,0,0,0,0,0,0,0,0,0,0,0,0,0,0,0,SOL,['FAY'],['SOL'],0,0,0,0,2024,0,0,0,0,0,100,Active,0,Fayetteville,Viper
690984,Ryan Santana,HAV,29,0,0,0,0,0,0,0,0,0,0,0,0,0,0,0,0,0,ACB,['HAV'],['ACB'],0,0,0,0,2024,0,0,0,0,0,100,Active,0,Havre de Grace,Earthworm
998272,Alexis Rodon,NAS,34,0,0,0,0,0,0,0,0,0,0,0,0,0,0,0,0,0,ACB,['NAS'],['ACB'],0,0,0,0,2024,0,0,0,0,0,100,Active,0,Nashville,Shark
81119,Nathan Gibson,BOI,36,0,0,0,0,0,0,0,0,0,0,0,0,0,0,0,0,0,SOL,['BOI'],['SOL'],0,0,0,0,2024,0,0,0,0,0,100,Active,0,Boise City,Swordtail
568591,Michael Brazoban,ERI,35,0,0,0,0,0,0,0,0,0,0,0,0,0,0,0,0,0,ACB,['ERI'],['ACB'],0,0,0,0,2024,0,0,0,0,0,100,Active,0,Erie,Ox
137956,Ezequiel Diaz,MEL,30,0,0,0,0,0,0,0,0,0,0,0,0,0,0,0,0,0,ACB,['MEL'],['ACB'],0,0,0,0,2024,0,0,0,0,0,100,Active,0,Melbourne,Cattle
561851,Carlos Rutschman,THO,31,0,0,0,0,0,0,0,0,0,0,0,0,0,0,0,0,0,ACB,['THO'],['ACB'],0,0,0,0,2024,0,0,0,0,0,100,Active,0,Thousand Oaks,Sole
760445,Hunter Martinez,PAS,28,0,0,0,0,0,0,0,0,0,0,0,0,0,0,0,0,0,SOL,['PAS'],['SOL'],0,0,0,0,2024,0,0,0,0,0,100,Active,0,Pasadena,Octopus
51657,Gerrit Perez,RIC,28,0,0,0,0,0,0,0,0,0,0,0,0,0,0,0,0,0,ACB,['RIC'],['ACB'],0,0,0,0,2024,0,0,0,0,0,100,Active,0,Richmond County,Llama
671660,Adam Batten,LEW,29,0,0,0,0,0,0,0,0,0,0,0,0,0,0,0,0,0,SOL,['LEW'],['SOL'],0,0,0,0,2024,0,0,0,0,0,100,Active,0,Lewisville,Bird
12481,James Renfroe,SAN,31,0,0,0,0,0,0,0,0,0,0,0,0,0,0,0,0,0,SOL,['SAN'],['SOL'],0,0,0,0,2024,0,0,0,0,0,100,Active,0,Santa Rosa,Panthera hybrid
441419,Mickey Refsnyder,VIS,36,0,0,0,0,0,0,0,0,0,0,0,0,0,0,0,0,0,ACB,['VIS'],['ACB'],0,0,0,0,2024,0,0,0,0,0,100,Active,0,Visalia,Tahr
934923,Ozzie Dubon,SAN,34,0,0,0,0,0,0,0,0,0,0,0,0,0,0,0,0,0,SOL,['SAN'],['SOL'],0,0,0,0,2024,0,0,0,0,0,100,Active,0,Santa Rosa,Panthera hybrid
603066,Luis Stowers,THO,27,0,0,0,0,0,0,0,0,0,0,0,0,0,0,0,0,0,ACB,['THO'],['ACB'],0,0,0,0,2024,0,0,0,0,0,100,Active,0,Thousand Oaks,Sole
912603,DJ Middleton,THO,26,0,0,0,0,0,0,0,0,0,0,0,0,0,0,0,0,0,ACB,['THO'],['ACB'],0,0,0,0,2024,0,0,0,0,0,100,Active,0,Thousand Oaks,Sole
798741,Thaddeus Grichuk,ERI,30,0,0,0,0,0,0,0,0,0,0,0,0,0,0,0,0,0,ACB,['ERI'],['ACB'],0,0,0,0,2024,0,0,0,0,0,100,Active,0,Erie,Ox
341183,Jorge Harris,DEN,25,0,0,0,0,0,0,0,0,0,0,0,0,0,0,0,0,0,SOL,['DEN'],['SOL'],0,0,0,0,2024,0,0,0,0,0,100,Active,0,Denver,Land snail
120471,Ross Flores,ERI,33,0,0,0,0,0,0,0,0,0,0,0,0,0,0,0,0,0,ACB,['ERI'],['ACB'],0,0,0,0,2024,0,0,0,0,0,100,Active,0,Erie,Ox
131487,Dominic Bernardino,GIL,29,0,0,0,0,0,0,0,0,0,0,0,0,0,0,0,0,0,SOL,['GIL'],['SOL'],0,0,0,0,2024,0,0,0,0,0,100,Active,0,Gilbert,Star-nosed mole
891681,Zach Robles,RIC,34,0,0,0,0,0,0,0,0,0,0,0,0,0,0,0,0,0,ACB,['RIC'],['ACB'],0,0,0,0,2024,0,0,0,0,0,100,Active,0,Richmond County,Llama
144027,Jared Dalbec,BIR,31,0,0,0,0,0,0,0,0,0,0,0,0,0,0,0,0,0,SOL,['BIR'],['SOL'],0,0,0,0,2024,0,0,0,0,0,100,Active,0,Birmingham,Hermit crab
857362,Gregory Hernandez,STE,35,0,0,0,0,0,0,0,0,0,0,0,0,0,0,0,0,0,SOL,['STE'],['SOL'],0,0,0,0,2024,0,0,0,0,0,100,Active,0,Sterling Heights,Bovid
348239,Cole Vest,GIL,27,0,0,0,0,0,0,0,0,0,0,0,0,0,0,0,0,0,SOL,['GIL'],['SOL'],0,0,0,0,2024,0,0,0,0,0,100,Active,0,Gilbert,Star-nosed mole
840580,Shelby Musgrove,PAS,26,0,0,0,0,0,0,0,0,0,0,0,0,0,0,0,0,0,SOL,['PAS'],['SOL'],0,0,0,0,2024,0,0,0,0,0,100,Active,0,Pasadena,Octopus
16121,Nick Higashioka,SAN,33,0,0,0,0,0,0,0,0,0,0,0,0,0,0,0,0,0,ACB,['SAN'],['ACB'],0,0,0,0,2024,0,0,0,0,0,100,Active,0,Santa Rosa,Panthera hybrid
800360,Wade Minter,TAL,30,0,0,0,0,0,0,0,0,0,0,0,0,0,0,0,0,0,ACB,['TAL'],['ACB'],0,0,0,0,2024,0,0,0,0,0,100,Active,0,Tallahassee,Mandrill
618467,Tyler Gonzalez,HAV,35,0,0,0,0,0,0,0,0,0,0,0,0,0,0,0,0,0,ACB,['HAV'],['ACB'],0,0,0,0,2024,0,0,0,0,0,100,Active,0,Havre de Grace,Earthworm
1001701,J.T. Murfee,NEI,28,0,0,0,0,0,0,0,0,0,0,0,0,0,0,0,0,0,ACB,['NEI'],['ACB'],0,0,0,0,2024,0,0,0,0,0,100,Active,0,Neilsville,Bat
177852,Javier Pillar,DEN,25,0,0,0,0,0,0,0,0,0,0,0,0,0,0,0,0,0,SOL,['DEN'],['SOL'],0,0,0,0,2024,0,0,0,0,0,100,Active,0,Denver,Land snail
291192,Aaron Hilliard,MCH,29,0,0,0,0,0,0,0,0,0,0,0,0,0,0,0,0,0,SOL,['MCH'],['SOL'],0,0,0,0,2024,0,0,0,0,0,100,Active,0,McHenry,Otter
938122,Daulton Stefanic,JAC,29,0,0,0,0,0,0,0,0,0,0,0,0,0,0,0,0,0,ACB,['JAC'],['ACB'],0,0,0,0,2024,0,0,0,0,0,100,Active,0,Jacksonville,Barnacle
839423,Kyle Davis,SAN,32,0,0,0,0,0,0,0,0,0,0,0,0,0,0,0,0,0,SOL,['SAN'],['SOL'],0,0,0,0,2024,0,0,0,0,0,100,Active,0,Santa Rosa,Panthera hybrid
83311,Brusdar Soriano,VIS,28,0,0,0,0,0,0,0,0,0,0,0,0,0,0,0,0,0,ACB,['VIS'],['ACB'],0,0,0,0,2024,0,0,0,0,0,100,Active,0,Visalia,Tahr
604590,Drew Wisdom,DES,28,0,0,0,0,0,0,0,0,0,0,0,0,0,0,0,0,0,ACB,['DES'],['ACB'],0,0,0,0,2024,0,0,0,0,0,100,Active,0,Des Moines,Cattle
329189,Nick Reynolds,VIS,28,0,0,0,0,0,0,0,0,0,0,0,0,0,0,0,0,0,ACB,['VIS'],['ACB'],0,0,0,0,2024,0,0,0,0,0,100,Active,0,Visalia,Tahr
57745,Angel Ramirez,ERI,33,0,0,0,0,0,0,0,0,0,0,0,0,0,0,0,0,0,ACB,['ERI'],['ACB'],0,0,0,0,2024,0,0,0,0,0,100,Active,0,Erie,Ox
495795,Kyle Gomber,RAC,31,0,0,0,0,0,0,0,0,0,0,0,0,0,0,0,0,0,SOL,['RAC'],['SOL'],0,0,0,0,2024,0,0,0,0,0,100,Active,0,Racine,Hedgehog
157981,Bo Buxton,LEW,28,0,0,0,0,0,0,0,0,0,0,0,0,0,0,0,0,0,SOL,['LEW'],['SOL'],0,0,0,0,2024,0,0,0,0,0,100,Active,0,Lewisville,Bird
674019,Michael Grisham,DEN,40,0,0,0,0,0,0,0,0,0,0,0,0,0,0,0,0,0,SOL,['DEN'],['SOL'],0,0,0,0,2024,0,0,0,0,0,100,Active,0,Denver,Land snail
12834,Luis Richards,MEL,27,0,0,0,0,0,0,0,0,0,0,0,0,0,0,0,0,0,ACB,['MEL'],['ACB'],0,0,0,0,2024,0,0,0,0,0,100,Active,0,Melbourne,Cattle
970331,Drew Bellatti,RIC,28,0,0,0,0,0,0,0,0,0,0,0,0,0,0,0,0,0,ACB,['RIC'],['ACB'],0,0,0,0,2024,0,0,0,0,0,100,Active,0,Richmond County,Llama
31528,Jose Yoshida,GIL,27,0,0,0,0,0,0,0,0,0,0,0,0,0,0,0,0,0,SOL,['GIL'],['SOL'],0,0,0,0,2024,0,0,0,0,0,100,Active,0,Gilbert,Star-nosed mole
447969,Jordan Keuchel,SAN,28,0,0,0,0,0,0,0,0,0,0,0,0,0,0,0,0,0,ACB,['SAN'],['ACB'],0,0,0,0,2024,0,0,0,0,0,100,Active,0,Santa Rosa,Panthera hybrid
445943,Kyle Ramos,NAS,28,0,0,0,0,0,0,0,0,0,0,0,0,0,0,0,0,0,ACB,['NAS'],['ACB'],0,0,0,0,2024,0,0,0,0,0,100,Active,0,Nashville,Shark
260788,Kevin Friedl,STE,26,0,0,0,0,0,0,0,0,0,0,0,0,0,0,0,0,0,SOL,['STE'],['SOL'],0,0,0,0,2024,0,0,0,0,0,100,Active,0,Sterling Heights,Bovid
382901,Nolan Guerrero,JAC,32,0,0,0,0,0,0,0,0,0,0,0,0,0,0,0,0,0,ACB,['JAC'],['ACB'],0,0,0,0,2024,0,0,0,0,0,100,Active,0,Jacksonville,Barnacle
804407,Heston Gaddis,ROC,25,0,0,0,0,0,0,0,0,0,0,0,0,0,0,0,0,0,ACB,['ROC'],['ACB'],0,0,0,0,2024,0,0,0,0,0,100,Active,0,Rockford,Turtle
161658,Lourdes Merrifield,MEL,26,0,0,0,0,0,0,0,0,0,0,0,0,0,0,0,0,0,ACB,['MEL'],['ACB'],0,0,0,0,2024,0,0,0,0,0,100,Active,0,Melbourne,Cattle
397699,Yunior Gonzalez,SAN,31,0,0,0,0,0,0,0,0,0,0,0,0,0,0,0,0,0,SOL,['SAN'],['SOL'],0,0,0,0,2024,0,0,0,0,0,100,Active,0,Santa Rosa,Panthera hybrid
675872,Andrew Moreno,MCH,32,0,0,0,0,0,0,0,0,0,0,0,0,0,0,0,0,0,SOL,['MCH'],['SOL'],0,0,0,0,2024,0,0,0,0,0,100,Active,0,McHenry,Otter
450973,Jimmy Beck,GRE,31,0,0,0,0,0,0,0,0,0,0,0,0,0,0,0,0,0,ACB,['GRE'],['ACB'],0,0,0,0,2024,0,0,0,0,0,100,Active,0,Greenville,Hamster
858304,J.P. Bethancourt,FAY,37,0,0,0,0,0,0,0,0,0,0,0,0,0,0,0,0,0,SOL,['FAY'],['SOL'],0,0,0,0,2024,0,0,0,0,0,100,Active,0,Fayetteville,Viper
287858,Jonathan Wittgren,ESC,25,0,0,0,0,0,0,0,0,0,0,0,0,0,0,0,0,0,ACB,['ESC'],['ACB'],0,0,0,0,2024,0,0,0,0,0,100,Active,0,Escondido,Python
511007,Ke'Bryan Benintendi,JAC,33,0,0,0,0,0,0,0,0,0,0,0,0,0,0,0,0,0,ACB,['JAC'],['ACB'],0,0,0,0,2024,0,0,0,0,0,100,Active,0,Jacksonville,Barnacle
673651,Starling Tatis,BIR,34,0,0,0,0,0,0,0,0,0,0,0,0,0,0,0,0,0,SOL,['BIR'],['SOL'],0,0,0,0,2024,0,0,0,0,0,100,Active,0,Birmingham,Hermit crab
255902,Will Junk,NEW,26,0,0,0,0,0,0,0,0,0,0,0,0,0,0,0,0,0,SOL,['NEW'],['SOL'],0,0,0,0,2024,0,0,0,0,0,100,Active,0,Newport News,Cape buffalo
240701,Tanner Stephan,ESC,27,0,0,0,0,0,0,0,0,0,0,0,0,0,0,0,0,0,ACB,['ESC'],['ACB'],0,0,0,0,2024,0,0,0,0,0,100,Active,0,Escondido,Python
576123,Yonny McHugh,STE,32,0,0,0,0,0,0,0,0,0,0,0,0,0,0,0,0,0,SOL,['STE'],['SOL'],0,0,0,0,2024,0,0,0,0,0,100,Active,0,Sterling Heights,Bovid
587948,Austin Walker,RIC,29,0,0,0,0,0,0,0,0,0,0,0,0,0,0,0,0,0,ACB,['RIC'],['ACB'],0,0,0,0,2024,0,0,0,0,0,100,Active,0,Richmond County,Llama
921310,Justin Wittgren,HAV,26,0,0,0,0,0,0,0,0,0,0,0,0,0,0,0,0,0,ACB,['HAV'],['ACB'],0,0,0,0,2024,0,0,0,0,0,100,Active,0,Havre de Grace,Earthworm
129357,Josh McMahon,JAC,34,0,0,0,0,0,0,0,0,0,0,0,0,0,0,0,0,0,ACB,['JAC'],['ACB'],0,0,0,0,2024,0,0,0,0,0,100,Active,0,Jacksonville,Barnacle
487126,Duane Williams,ROC,31,0,0,0,0,0,0,0,0,0,0,0,0,0,0,0,0,0,ACB,['ROC'],['ACB'],0,0,0,0,2024,0,0,0,0,0,100,Active,0,Rockford,Turtle
706004,Nick White,SAN,40,0,0,0,0,0,0,0,0,0,0,0,0,0,0,0,0,0,ACB,['SAN'],['ACB'],0,0,0,0,2024,0,0,0,0,0,100,Active,0,Santa Rosa,Panthera hybrid
784472,Colin Lambert,MCH,35,0,0,0,0,0,0,0,0,0,0,0,0,0,0,0,0,0,SOL,['MCH'],['SOL'],0,0,0,0,2024,0,0,0,0,0,100,Active,0,McHenry,Otter
98782,Brenton Mlodzinski,RIC,25,0,0,0,0,0,0,0,0,0,0,0,0,0,0,0,0,0,ACB,['RIC'],['ACB'],0,0,0,0,2024,0,0,0,0,0,100,Active,0,Richmond County,Llama
218188,Alec Gray,JAC,33,0,0,0,0,0,0,0,0,0,0,0,0,0,0,0,0,0,ACB,['JAC'],['ACB'],0,0,0,0,2024,0,0,0,0,0,100,Active,0,Jacksonville,Barnacle
737036,Josh Peterson,ESC,34,0,0,0,0,0,0,0,0,0,0,0,0,0,0,0,0,0,ACB,['ESC'],['ACB'],0,0,0,0,2024,0,0,0,0,0,100,Active,0,Escondido,Python
90680,Osleivis May,DES,26,0,0,0,0,0,0,0,0,0,0,0,0,0,0,0,0,0,ACB,['DES'],['ACB'],0,0,0,0,2024,0,0,0,0,0,100,Active,0,Des Moines,Cattle
207553,Andrew Hensley,SAN,30,0,0,0,0,0,0,0,0,0,0,0,0,0,0,0,0,0,SOL,['SAN'],['SOL'],0,0,0,0,2024,0,0,0,0,0,100,Active,0,Santa Rosa,Panthera hybrid
877931,Matt Brieske,MCH,34,0,0,0,0,0,0,0,0,0,0,0,0,0,0,0,0,0,SOL,['MCH'],['SOL'],0,0,0,0,2024,0,0,0,0,0,100,Active,0,McHenry,Otter
341606,Manny Smith,MCH,33,0,0,0,0,0,0,0,0,0,0,0,0,0,0,0,0,0,SOL,['MCH'],['SOL'],0,0,0,0,2024,0,0,0,0,0,100,Active,0,McHenry,Otter
985296,Enmanuel Grichuk,BIR,38,0,0,0,0,0,0,0,0,0,0,0,0,0,0,0,0,0,SOL,['BIR'],['SOL'],0,0,0,0,2024,0,0,0,0,0,100,Active,0,Birmingham,Hermit crab
234231,Domingo Ortiz,STE,25,0,0,0,0,0,0,0,0,0,0,0,0,0,0,0,0,0,SOL,['STE'],['SOL'],0,0,0,0,2024,0,0,0,0,0,100,Active,0,Sterling Heights,Bovid
613659,Osvaldo Massey,MEL,29,0,0,0,0,0,0,0,0,0,0,0,0,0,0,0,0,0,ACB,['MEL'],['ACB'],0,0,0,0,2024,0,0,0,0,0,100,Active,0,Melbourne,Cattle
969478,Ha-Seong Lugo,BIR,33,0,0,0,0,0,0,0,0,0,0,0,0,0,0,0,0,0,SOL,['BIR'],['SOL'],0,0,0,0,2024,0,0,0,0,0,100,Active,0,Birmingham,Hermit crab
1003419,Dustin Straw,ESC,30,0,0,0,0,0,0,0,0,0,0,0,0,0,0,0,0,0,ACB,['ESC'],['ACB'],0,0,0,0,2024,0,0,0,0,0,100,Active,0,Escondido,Python
933210,Brayan Rucinski,SUN,36,0,0,0,0,0,0,0,0,0,0,0,0,0,0,0,0,0,ACB,['SUN'],['ACB'],0,0,0,0,2024,0,0,0,0,0,100,Active,0,Sunnyvale,Lamprey
326505,Josh Ward,NEI,33,0,0,0,0,0,0,0,0,0,0,0,0,0,0,0,0,0,ACB,['NEI'],['ACB'],0,0,0,0,2024,0,0,0,0,0,100,Active,0,Neilsville,Bat
559929,Parker Grossman,THO,26,0,0,0,0,0,0,0,0,0,0,0,0,0,0,0,0,0,ACB,['THO'],['ACB'],0,0,0,0,2024,0,0,0,0,0,100,Active,0,Thousand Oaks,Sole
56685,Archie Azocar,ROC,28,0,0,0,0,0,0,0,0,0,0,0,0,0,0,0,0,0,ACB,['ROC'],['ACB'],0,0,0,0,2024,0,0,0,0,0,100,Active,0,Rockford,Turtle
355802,Jose Bello,NEI,28,0,0,0,0,0,0,0,0,0,0,0,0,0,0,0,0,0,ACB,['NEI'],['ACB'],0,0,0,0,2024,0,0,0,0,0,100,Active,0,Neilsville,Bat
751485,George Cabrera,RIC,29,0,0,0,0,0,0,0,0,0,0,0,0,0,0,0,0,0,ACB,['RIC'],['ACB'],0,0,0,0,2024,0,0,0,0,0,100,Active,0,Richmond County,Llama
460405,Garrett German,ESC,28,0,0,0,0,0,0,0,0,0,0,0,0,0,0,0,0,0,ACB,['ESC'],['ACB'],0,0,0,0,2024,0,0,0,0,0,100,Active,0,Escondido,Python
20662,Samad Raley,RAC,29,0,0,0,0,0,0,0,0,0,0,0,0,0,0,0,0,0,SOL,['RAC'],['SOL'],0,0,0,0,2024,0,0,0,0,0,100,Active,0,Racine,Hedgehog
874623,Oscar Haggerty,RIC,26,0,0,0,0,0,0,0,0,0,0,0,0,0,0,0,0,0,ACB,['RIC'],['ACB'],0,0,0,0,2024,0,0,0,0,0,100,Active,0,Richmond County,Llama
954321,Andre Waldron,SAN,29,0,0,0,0,0,0,0,0,0,0,0,0,0,0,0,0,0,SOL,['SAN'],['SOL'],0,0,0,0,2024,0,0,0,0,0,100,Active,0,Santa Rosa,Panthera hybrid
621771,Jose Ramirez,LEW,34,0,0,0,0,0,0,0,0,0,0,0,0,0,0,0,0,0,SOL,['LEW'],['SOL'],0,0,0,0,2024,0,0,0,0,0,100,Active,0,Lewisville,Bird
745001,Andrew Johnson,SUN,25,0,0,0,0,0,0,0,0,0,0,0,0,0,0,0,0,0,ACB,['SUN'],['ACB'],0,0,0,0,2024,0,0,0,0,0,100,Active,0,Sunnyvale,Lamprey
779388,Brent Trejo,VIS,24,0,0,0,0,0,0,0,0,0,0,0,0,0,0,0,0,0,ACB,['VIS'],['ACB'],0,0,0,0,2024,0,0,0,0,0,100,Active,0,Visalia,Tahr
256184,Kyle Adams,STE,27,0,0,0,0,0,0,0,0,0,0,0,0,0,0,0,0,0,SOL,['STE'],['SOL'],0,0,0,0,2024,0,0,0,0,0,100,Active,0,Sterling Heights,Bovid
158719,Cam Holmes,LEW,37,0,0,0,0,0,0,0,0,0,0,0,0,0,0,0,0,0,SOL,['LEW'],['SOL'],0,0,0,0,2024,0,0,0,0,0,100,Active,0,Lewisville,Bird
960658,Rico Dunning,TAL,31,0,0,0,0,0,0,0,0,0,0,0,0,0,0,0,0,0,ACB,['TAL'],['ACB'],0,0,0,0,2024,0,0,0,0,0,100,Active,0,Tallahassee,Mandrill
33517,Zack Weathers,VIS,30,0,0,0,0,0,0,0,0,0,0,0,0,0,0,0,0,0,ACB,['VIS'],['ACB'],0,0,0,0,2024,0,0,0,0,0,100,Active,0,Visalia,Tahr
948042,Noah Diaz,FAY,32,0,0,0,0,0,0,0,0,0,0,0,0,0,0,0,0,0,SOL,['FAY'],['SOL'],0,0,0,0,2024,0,0,0,0,0,100,Active,0,Fayetteville,Viper
105805,Conner Lawrence,SUN,28,0,0,0,0,0,0,0,0,0,0,0,0,0,0,0,0,0,ACB,['SUN'],['ACB'],0,0,0,0,2024,0,0,0,0,0,100,Active,0,Sunnyvale,Lamprey
142332,Jake Ramirez,NEW,26,0,0,0,0,0,0,0,0,0,0,0,0,0,0,0,0,0,SOL,['NEW'],['SOL'],0,0,0,0,2024,0,0,0,0,0,100,Active,0,Newport News,Cape buffalo
607427,Yuli Moore,TAL,27,0,0,0,0,0,0,0,0,0,0,0,0,0,0,0,0,0,ACB,['TAL'],['ACB'],0,0,0,0,2024,0,0,0,0,0,100,Active,0,Tallahassee,Mandrill
378931,Justin Snead,NEW,25,0,0,0,0,0,0,0,0,0,0,0,0,0,0,0,0,0,SOL,['NEW'],['SOL'],0,0,0,0,2024,0,0,0,0,0,100,Active,0,Newport News,Cape buffalo
987655,Garrett Adams,LEW,31,0,0,0,0,0,0,0,0,0,0,0,0,0,0,0,0,0,SOL,['LEW'],['SOL'],0,0,0,0,2024,0,0,0,0,0,100,Active,0,Lewisville,Bird
223297,Bo Rogers,RAC,29,0,0,0,0,0,0,0,0,0,0,0,0,0,0,0,0,0,SOL,['RAC'],['SOL'],0,0,0,0,2024,0,0,0,0,0,100,Active,0,Racine,Hedgehog
140439,Kyle Gallagher,BIR,34,0,0,0,0,0,0,0,0,0,0,0,0,0,0,0,0,0,SOL,['BIR'],['SOL'],0,0,0,0,2024,0,0,0,0,0,100,Active,0,Birmingham,Hermit crab
136429,Jose Smith,DES,25,0,0,0,0,0,0,0,0,0,0,0,0,0,0,0,0,0,ACB,['DES'],['ACB'],0,0,0,0,2024,0,0,0,0,0,100,Active,0,Des Moines,Cattle
725726,Andre Burnes,MCH,27,0,0,0,0,0,0,0,0,0,0,0,0,0,0,0,0,0,SOL,['MCH'],['SOL'],0,0,0,0,2024,0,0,0,0,0,100,Active,0,McHenry,Otter
727530,Brett Then,NEW,25,0,0,0,0,0,0,0,0,0,0,0,0,0,0,0,0,0,SOL,['NEW'],['SOL'],0,0,0,0,2024,0,0,0,0,0,100,Active,0,Newport News,Cape buffalo
736628,Sam Alberto,NAS,32,0,0,0,0,0,0,0,0,0,0,0,0,0,0,0,0,0,ACB,['NAS'],['ACB'],0,0,0,0,2024,0,0,0,0,0,100,Active,0,Nashville,Shark
814536,Jose Vosler,ROC,28,0,0,0,0,0,0,0,0,0,0,0,0,0,0,0,0,0,ACB,['ROC'],['ACB'],0,0,0,0,2024,0,0,0,0,0,100,Active,0,Rockford,Turtle
587907,Brent Torres,GRE,27,0,0,0,0,0,0,0,0,0,0,0,0,0,0,0,0,0,ACB,['GRE'],['ACB'],0,0,0,0,2024,0,0,0,0,0,100,Active,0,Greenville,Hamster
291598,Chad Naylor,BOI,33,0,0,0,0,0,0,0,0,0,0,0,0,0,0,0,0,0,SOL,['BOI'],['SOL'],0,0,0,0,2024,0,0,0,0,0,100,Active,0,Boise City,Swordtail
548928,Jake Nevin,NAS,29,0,0,0,0,0,0,0,0,0,0,0,0,0,0,0,0,0,ACB,['NAS'],['ACB'],0,0,0,0,2024,0,0,0,0,0,100,Active,0,Nashville,Shark
502781,Tommy McCann,TAL,23,0,0,0,0,0,0,0,0,0,0,0,0,0,0,0,0,0,ACB,['TAL'],['ACB'],0,0,0,0,2024,0,0,0,0,0,100,Active,0,Tallahassee,Mandrill
751534,Tylor Baker,RIC,36,0,0,0,0,0,0,0,0,0,0,0,0,0,0,0,0,0,ACB,['RIC'],['ACB'],0,0,0,0,2024,0,0,0,0,0,100,Active,0,Richmond County,Llama
417941,Blake Lopez,DES,30,0,0,0,0,0,0,0,0,0,0,0,0,0,0,0,0,0,ACB,['DES'],['ACB'],0,0,0,0,2024,0,0,0,0,0,100,Active,0,Des Moines,Cattle
792191,Francisco Abreu,GRE,25,0,0,0,0,0,0,0,0,0,0,0,0,0,0,0,0,0,ACB,['GRE'],['ACB'],0,0,0,0,2024,0,0,0,0,0,100,Active,0,Greenville,Hamster
963722,Nick Corbin,SUN,30,0,0,0,0,0,0,0,0,0,0,0,0,0,0,0,0,0,ACB,['SUN'],['ACB'],0,0,0,0,2024,0,0,0,0,0,100,Active,0,Sunnyvale,Lamprey
666192,Robert Langeliers,ROC,35,0,0,0,0,0,0,0,0,0,0,0,0,0,0,0,0,0,ACB,['ROC'],['ACB'],0,0,0,0,2024,0,0,0,0,0,100,Active,0,Rockford,Turtle
506133,Trey Casas,BOI,43,0,0,0,0,0,0,0,0,0,0,0,0,0,0,0,0,0,SOL,['BOI'],['SOL'],0,0,0,0,2024,0,0,0,0,0,100,Active,0,Boise City,Swordtail
436221,Ryan Yelich,FAY,34,0,0,0,0,0,0,0,0,0,0,0,0,0,0,0,0,0,SOL,['FAY'],['SOL'],0,0,0,0,2024,0,0,0,0,0,100,Active,0,Fayetteville,Viper
213605,Keegan Rooker,GIL,26,0,0,0,0,0,0,0,0,0,0,0,0,0,0,0,0,0,SOL,['GIL'],['SOL'],0,0,0,0,2024,0,0,0,0,0,100,Active,0,Gilbert,Star-nosed mole
637500,Josh Mlodzinski,RIC,29,0,0,0,0,0,0,0,0,0,0,0,0,0,0,0,0,0,ACB,['RIC'],['ACB'],0,0,0,0,2024,0,0,0,0,0,100,Active,0,Richmond County,Llama
998764,Luis Sanmartin,SAN,27,0,0,0,0,0,0,0,0,0,0,0,0,0,0,0,0,0,SOL,['SAN'],['SOL'],0,0,0,0,2024,0,0,0,0,0,100,Active,0,Santa Rosa,Panthera hybrid
129685,Jordan Voit,FAY,33,0,0,0,0,0,0,0,0,0,0,0,0,0,0,0,0,0,SOL,['FAY'],['SOL'],0,0,0,0,2024,0,0,0,0,0,100,Active,0,Fayetteville,Viper
1020767,Jose Koch,BIR,31,0,0,0,0,0,0,0,0,0,0,0,0,0,0,0,0,0,SOL,['BIR'],['SOL'],0,0,0,0,2024,0,0,0,0,0,100,Active,0,Birmingham,Hermit crab
840855,Sam Lopez,ROC,35,0,0,0,0,0,0,0,0,0,0,0,0,0,0,0,0,0,ACB,['ROC'],['ACB'],0,0,0,0,2024,0,0,0,0,0,100,Active,0,Rockford,Turtle
864894,Patrick Morejon,HAV,25,0,0,0,0,0,0,0,0,0,0,0,0,0,0,0,0,0,ACB,['HAV'],['ACB'],0,0,0,0,2024,0,0,0,0,0,100,Active,0,Havre de Grace,Earthworm
663590,Sandy Varsho,RIC,26,0,0,0,0,0,0,0,0,0,0,0,0,0,0,0,0,0,ACB,['RIC'],['ACB'],0,0,0,0,2024,0,0,0,0,0,100,Active,0,Richmond County,Llama
13531,Jon Dozier,GIL,21,0,0,0,0,0,0,0,0,0,0,0,0,0,0,0,0,0,SOL,['GIL'],['SOL'],0,0,0,0,2024,0,0,0,0,0,100,Active,0,Gilbert,Star-nosed mole
128226,Gerrit Arozarena,NAS,26,0,0,0,0,0,0,0,0,0,0,0,0,0,0,0,0,0,ACB,['NAS'],['ACB'],0,0,0,0,2024,0,0,0,0,0,100,Active,0,Nashville,Shark
85608,Albert Stowers,RAC,37,0,0,0,0,0,0,0,0,0,0,0,0,0,0,0,0,0,SOL,['RAC'],['SOL'],0,0,0,0,2024,0,0,0,0,0,100,Active,0,Racine,Hedgehog
293078,Trevor Reynolds,NAS,30,0,0,0,0,0,0,0,0,0,0,0,0,0,0,0,0,0,ACB,['NAS'],['ACB'],0,0,0,0,2024,0,0,0,0,0,100,Active,0,Nashville,Shark
624907,Lenyn Coulombe,SAN,28,0,0,0,0,0,0,0,0,0,0,0,0,0,0,0,0,0,SOL,['SAN'],['SOL'],0,0,0,0,2024,0,0,0,0,0,100,Active,0,Santa Rosa,Panthera hybrid
214507,Tyler Martinez,MCH,26,0,0,0,0,0,0,0,0,0,0,0,0,0,0,0,0,0,SOL,['MCH'],['SOL'],0,0,0,0,2024,0,0,0,0,0,100,Active,0,McHenry,Otter
40076,Reese Millas,HAV,27,0,0,0,0,0,0,0,0,0,0,0,0,0,0,0,0,0,ACB,['HAV'],['ACB'],0,0,0,0,2024,0,0,0,0,0,100,Active,0,Havre de Grace,Earthworm
975102,Tanner Lowe,FAY,34,0,0,0,0,0,0,0,0,0,0,0,0,0,0,0,0,0,SOL,['FAY'],['SOL'],0,0,0,0,2024,0,0,0,0,0,100,Active,0,Fayetteville,Viper
634727,Ronel Hill,NEW,32,0,0,0,0,0,0,0,0,0,0,0,0,0,0,0,0,0,SOL,['NEW'],['SOL'],0,0,0,0,2024,0,0,0,0,0,100,Active,0,Newport News,Cape buffalo
107836,Nate Cosgrove,SAN,32,0,0,0,0,0,0,0,0,0,0,0,0,0,0,0,0,0,SOL,['SAN'],['SOL'],0,0,0,0,2024,0,0,0,0,0,100,Active,0,Santa Rosa,Panthera hybrid
356381,Zack Koch,THO,24,0,0,0,0,0,0,0,0,0,0,0,0,0,0,0,0,0,ACB,['THO'],['ACB'],0,0,0,0,2024,0,0,0,0,0,100,Active,0,Thousand Oaks,Sole
886979,Joey Naylor,ERI,26,0,0,0,0,0,0,0,0,0,0,0,0,0,0,0,0,0,ACB,['ERI'],['ACB'],0,0,0,0,2024,0,0,0,0,0,100,Active,0,Erie,Ox
743789,Brad McKenna,SAN,27,0,0,0,0,0,0,0,0,0,0,0,0,0,0,0,0,0,SOL,['SAN'],['SOL'],0,0,0,0,2024,0,0,0,0,0,100,Active,0,Santa Rosa,Panthera hybrid
1036842,Zack Wisdom,SAN,28,0,0,0,0,0,0,0,0,0,0,0,0,0,0,0,0,0,SOL,['SAN'],['SOL'],0,0,0,0,2024,0,0,0,0,0,100,Active,0,Santa Rosa,Panthera hybrid
415689,Lenyn Hatch,FAY,32,0,0,0,0,0,0,0,0,0,0,0,0,0,0,0,0,0,SOL,['FAY'],['SOL'],0,0,0,0,2024,0,0,0,0,0,100,Active,0,Fayetteville,Viper
878983,Sonny Singer,GRE,28,0,0,0,0,0,0,0,0,0,0,0,0,0,0,0,0,0,ACB,['GRE'],['ACB'],0,0,0,0,2024,0,0,0,0,0,100,Active,0,Greenville,Hamster
204575,Andrew Stowers,NEI,30,0,0,0,0,0,0,0,0,0,0,0,0,0,0,0,0,0,ACB,['NEI'],['ACB'],0,0,0,0,2024,0,0,0,0,0,100,Active,0,Neilsville,Bat
203772,Scott Alu,FAY,28,0,0,0,0,0,0,0,0,0,0,0,0,0,0,0,0,0,SOL,['FAY'],['SOL'],0,0,0,0,2024,0,0,0,0,0,100,Active,0,Fayetteville,Viper
366549,Chad Seager,ROC,26,0,0,0,0,0,0,0,0,0,0,0,0,0,0,0,0,0,ACB,['ROC'],['ACB'],0,0,0,0,2024,0,0,0,0,0,100,Active,0,Rockford,Turtle
670851,Clint Herget,HAV,31,0,0,0,0,0,0,0,0,0,0,0,0,0,0,0,0,0,ACB,['HAV'],['ACB'],0,0,0,0,2024,0,0,0,0,0,100,Active,0,Havre de Grace,Earthworm
805667,Mike Gallo,ESC,28,0,0,0,0,0,0,0,0,0,0,0,0,0,0,0,0,0,ACB,['ESC'],['ACB'],0,0,0,0,2024,0,0,0,0,0,100,Active,0,Escondido,Python
985473,Zach Winn,RIC,25,0,0,0,0,0,0,0,0,0,0,0,0,0,0,0,0,0,ACB,['RIC'],['ACB'],0,0,0,0,2024,0,0,0,0,0,100,Active,0,Richmond County,Llama
611592,Kyle Lucchesi,BOI,30,0,0,0,0,0,0,0,0,0,0,0,0,0,0,0,0,0,SOL,['BOI'],['SOL'],0,0,0,0,2024,0,0,0,0,0,100,Active,0,Boise City,Swordtail
945485,Ty Abrams,GRE,27,0,0,0,0,0,0,0,0,0,0,0,0,0,0,0,0,0,ACB,['GRE'],['ACB'],0,0,0,0,2024,0,0,0,0,0,100,Active,0,Greenville,Hamster
112664,Spencer Munoz,MEL,28,0,0,0,0,0,0,0,0,0,0,0,0,0,0,0,0,0,ACB,['MEL'],['ACB'],0,0,0,0,2024,0,0,0,0,0,100,Active,0,Melbourne,Cattle
210930,Mitch Carter,DEN,34,0,0,0,0,0,0,0,0,0,0,0,0,0,0,0,0,0,SOL,['DEN'],['SOL'],0,0,0,0,2024,0,0,0,0,0,100,Active,0,Denver,Land snail
1038405,Tommy Turner,SAN,33,0,0,0,0,0,0,0,0,0,0,0,0,0,0,0,0,0,SOL,['SAN'],['SOL'],0,0,0,0,2024,0,0,0,0,0,100,Active,0,Santa Rosa,Panthera hybrid
434219,Jovani Vargas,GRE,26,0,0,0,0,0,0,0,0,0,0,0,0,0,0,0,0,0,ACB,['GRE'],['ACB'],0,0,0,0,2024,0,0,0,0,0,100,Active,0,Greenville,Hamster
642581,Austin Yastrzemski,GIL,30,0,0,0,0,0,0,0,0,0,0,0,0,0,0,0,0,0,SOL,['GIL'],['SOL'],0,0,0,0,2024,0,0,0,0,0,100,Active,0,Gilbert,Star-nosed mole
126322,Gabriel Lewis,DEN,30,0,0,0,0,0,0,0,0,0,0,0,0,0,0,0,0,0,SOL,['DEN'],['SOL'],0,0,0,0,2024,0,0,0,0,0,100,Active,0,Denver,Land snail
24705,Luke Brazoban,VIS,30,0,0,0,0,0,0,0,0,0,0,0,0,0,0,0,0,0,ACB,['VIS'],['ACB'],0,0,0,0,2024,0,0,0,0,0,100,Active,0,Visalia,Tahr
807344,Scott Goldschmidt,DES,27,0,0,0,0,0,0,0,0,0,0,0,0,0,0,0,0,0,ACB,['DES'],['ACB'],0,0,0,0,2024,0,0,0,0,0,100,Active,0,Des Moines,Cattle
88582,Andres Schmidt,LEW,26,0,0,0,0,0,0,0,0,0,0,0,0,0,0,0,0,0,SOL,['LEW'],['SOL'],0,0,0,0,2024,0,0,0,0,0,100,Active,0,Lewisville,Bird
508928,Zach Staumont,RAC,35,0,0,0,0,0,0,0,0,0,0,0,0,0,0,0,0,0,SOL,['RAC'],['SOL'],0,0,0,0,2024,0,0,0,0,0,100,Active,0,Racine,Hedgehog
932213,Joe Story,NEW,30,0,0,0,0,0,0,0,0,0,0,0,0,0,0,0,0,0,SOL,['NEW'],['SOL'],0,0,0,0,2024,0,0,0,0,0,100,Active,0,Newport News,Cape buffalo
976195,Chris Lugo,SAN,29,0,0,0,0,0,0,0,0,0,0,0,0,0,0,0,0,0,SOL,['SAN'],['SOL'],0,0,0,0,2024,0,0,0,0,0,100,Active,0,Santa Rosa,Panthera hybrid
536500,Anthony Remillard,NEW,33,0,0,0,0,0,0,0,0,0,0,0,0,0,0,0,0,0,SOL,['NEW'],['SOL'],0,0,0,0,2024,0,0,0,0,0,100,Active,0,Newport News,Cape buffalo
729050,Alex Luetge,SAN,26,0,0,0,0,0,0,0,0,0,0,0,0,0,0,0,0,0,ACB,['SAN'],['ACB'],0,0,0,0,2024,0,0,0,0,0,100,Active,0,Santa Rosa,Panthera hybrid
691217,TJ Millas,FAY,33,0,0,0,0,0,0,0,0,0,0,0,0,0,0,0,0,0,SOL,['FAY'],['SOL'],0,0,0,0,2024,0,0,0,0,0,100,Active,0,Fayetteville,Viper
12842,Austin De Los Santos,VIS,30,0,0,0,0,0,0,0,0,0,0,0,0,0,0,0,0,0,ACB,['VIS'],['ACB'],0,0,0,0,2024,0,0,0,0,0,100,Active,0,Visalia,Tahr
302625,Heston Graveman,RIC,26,0,0,0,0,0,0,0,0,0,0,0,0,0,0,0,0,0,ACB,['RIC'],['ACB'],0,0,0,0,2024,0,0,0,0,0,100,Active,0,Richmond County,Llama
135584,Joey Garrett,ERI,31,0,0,0,0,0,0,0,0,0,0,0,0,0,0,0,0,0,ACB,['ERI'],['ACB'],0,0,0,0,2024,0,0,0,0,0,100,Active,0,Erie,Ox
301131,Jonathan Shuster,MCH,32,0,0,0,0,0,0,0,0,0,0,0,0,0,0,0,0,0,SOL,['MCH'],['SOL'],0,0,0,0,2024,0,0,0,0,0,100,Active,0,McHenry,Otter
610814,Jose Rizzo,MEL,27,0,0,0,0,0,0,0,0,0,0,0,0,0,0,0,0,0,ACB,['MEL'],['ACB'],0,0,0,0,2024,0,0,0,0,0,100,Active,0,Melbourne,Cattle
147123,Jose Misiewicz,ROC,28,0,0,0,0,0,0,0,0,0,0,0,0,0,0,0,0,0,ACB,['ROC'],['ACB'],0,0,0,0,2024,0,0,0,0,0,100,Active,0,Rockford,Turtle
526137,Brett Young,LEW,33,0,0,0,0,0,0,0,0,0,0,0,0,0,0,0,0,0,SOL,['LEW'],['SOL'],0,0,0,0,2024,0,0,0,0,0,100,Active,0,Lewisville,Bird
236092,Bryce Benson,GRE,33,0,0,0,0,0,0,0,0,0,0,0,0,0,0,0,0,0,ACB,['GRE'],['ACB'],0,0,0,0,2024,0,0,0,0,0,100,Active,0,Greenville,Hamster
732039,Tyson Hill,LEW,30,0,0,0,0,0,0,0,0,0,0,0,0,0,0,0,0,0,SOL,['LEW'],['SOL'],0,0,0,0,2024,0,0,0,0,0,100,Active,0,Lewisville,Bird
133567,Michael McKinstry,THO,26,0,0,0,0,0,0,0,0,0,0,0,0,0,0,0,0,0,ACB,['THO'],['ACB'],0,0,0,0,2024,0,0,0,0,0,100,Active,0,Thousand Oaks,Sole
109796,Spencer Cousins,GIL,27,0,0,0,0,0,0,0,0,0,0,0,0,0,0,0,0,0,SOL,['GIL'],['SOL'],0,0,0,0,2024,0,0,0,0,0,100,Active,0,Gilbert,Star-nosed mole
647610,Carson Rutschman,HAV,34,0,0,0,0,0,0,0,0,0,0,0,0,0,0,0,0,0,ACB,['HAV'],['ACB'],0,0,0,0,2024,0,0,0,0,0,100,Active,0,Havre de Grace,Earthworm
526337,Dominic Lewis,SAN,27,0,0,0,0,0,0,0,0,0,0,0,0,0,0,0,0,0,ACB,['SAN'],['ACB'],0,0,0,0,2024,0,0,0,0,0,100,Active,0,Santa Rosa,Panthera hybrid
423066,Johan Ramos,RIC,33,0,0,0,0,0,0,0,0,0,0,0,0,0,0,0,0,0,ACB,['RIC'],['ACB'],0,0,0,0,2024,0,0,0,0,0,100,Active,0,Richmond County,Llama
563733,Gabriel Williams,SAN,35,0,0,0,0,0,0,0,0,0,0,0,0,0,0,0,0,0,SOL,['SAN'],['SOL'],0,0,0,0,2024,0,0,0,0,0,100,Active,0,Santa Rosa,Panthera hybrid
1030798,Jack Peralta,STE,33,0,0,0,0,0,0,0,0,0,0,0,0,0,0,0,0,0,SOL,['STE'],['SOL'],0,0,0,0,2024,0,0,0,0,0,100,Active,0,Sterling Heights,Bovid
878056,Jose Steele,THO,33,0,0,0,0,0,0,0,0,0,0,0,0,0,0,0,0,0,ACB,['THO'],['ACB'],0,0,0,0,2024,0,0,0,0,0,100,Active,0,Thousand Oaks,Sole
275182,Justin Selby,SUN,27,0,0,0,0,0,0,0,0,0,0,0,0,0,0,0,0,0,ACB,['SUN'],['ACB'],0,0,0,0,2024,0,0,0,0,0,100,Active,0,Sunnyvale,Lamprey
960862,Josh Milner,GRE,28,0,0,0,0,0,0,0,0,0,0,0,0,0,0,0,0,0,ACB,['GRE'],['ACB'],0,0,0,0,2024,0,0,0,0,0,100,Active,0,Greenville,Hamster
459315,Christian Silseth,SAN,36,0,0,0,0,0,0,0,0,0,0,0,0,0,0,0,0,0,SOL,['SAN'],['SOL'],0,0,0,0,2024,0,0,0,0,0,100,Active,0,Santa Rosa,Panthera hybrid
621863,Drew Avila,RIC,28,0,0,0,0,0,0,0,0,0,0,0,0,0,0,0,0,0,ACB,['RIC'],['ACB'],0,0,0,0,2024,0,0,0,0,0,100,Active,0,Richmond County,Llama
533489,Riley Mountcastle,MEL,35,0,0,0,0,0,0,0,0,0,0,0,0,0,0,0,0,0,ACB,['MEL'],['ACB'],0,0,0,0,2024,0,0,0,0,0,100,Active,0,Melbourne,Cattle
121012,Zack Kelly,PAS,24,0,0,0,0,0,0,0,0,0,0,0,0,0,0,0,0,0,SOL,['PAS'],['SOL'],0,0,0,0,2024,0,0,0,0,0,100,Active,0,Pasadena,Octopus
562667,Kerry Clarke,BOI,26,0,0,0,0,0,0,0,0,0,0,0,0,0,0,0,0,0,SOL,['BOI'],['SOL'],0,0,0,0,2024,0,0,0,0,0,100,Active,0,Boise City,Swordtail
221194,Erik Sanchez,RIC,26,0,0,0,0,0,0,0,0,0,0,0,0,0,0,0,0,0,ACB,['RIC'],['ACB'],0,0,0,0,2024,0,0,0,0,0,100,Active,0,Richmond County,Llama
979381,Nick Knizner,MEL,41,0,0,0,0,0,0,0,0,0,0,0,0,0,0,0,0,0,ACB,['MEL'],['ACB'],0,0,0,0,2024,0,0,0,0,0,100,Active,0,Melbourne,Cattle
1042248,Jose Crismatt,JAC,31,0,0,0,0,0,0,0,0,0,0,0,0,0,0,0,0,0,ACB,['JAC'],['ACB'],0,0,0,0,2024,0,0,0,0,0,100,Active,0,Jacksonville,Barnacle
402311,Bruce Lyles,FAY,27,0,0,0,0,0,0,0,0,0,0,0,0,0,0,0,0,0,SOL,['FAY'],['SOL'],0,0,0,0,2024,0,0,0,0,0,100,Active,0,Fayetteville,Viper
707553,Jake Barnes,PAS,30,0,0,0,0,0,0,0,0,0,0,0,0,0,0,0,0,0,SOL,['PAS'],['SOL'],0,0,0,0,2024,0,0,0,0,0,100,Active,0,Pasadena,Octopus
307738,Jesus Tovar,NEW,28,0,0,0,0,0,0,0,0,0,0,0,0,0,0,0,0,0,SOL,['NEW'],['SOL'],0,0,0,0,2024,0,0,0,0,0,100,Active,0,Newport News,Cape buffalo
658890,Willson Buxton,MEL,33,0,0,0,0,0,0,0,0,0,0,0,0,0,0,0,0,0,ACB,['MEL'],['ACB'],0,0,0,0,2024,0,0,0,0,0,100,Active,0,Melbourne,Cattle
523172,Nick Luetge,RIC,28,0,0,0,0,0,0,0,0,0,0,0,0,0,0,0,0,0,ACB,['RIC'],['ACB'],0,0,0,0,2024,0,0,0,0,0,100,Active,0,Richmond County,Llama
311418,Ty Mendick,SUN,26,0,0,0,0,0,0,0,0,0,0,0,0,0,0,0,0,0,ACB,['SUN'],['ACB'],0,0,0,0,2024,0,0,0,0,0,100,Active,0,Sunnyvale,Lamprey
812976,Byron Wisely,LEW,31,0,0,0,0,0,0,0,0,0,0,0,0,0,0,0,0,0,SOL,['LEW'],['SOL'],0,0,0,0,2024,0,0,0,0,0,100,Active,0,Lewisville,Bird
308669,Mike Altuve,TAL,26,0,0,0,0,0,0,0,0,0,0,0,0,0,0,0,0,0,ACB,['TAL'],['ACB'],0,0,0,0,2024,0,0,0,0,0,100,Active,0,Tallahassee,Mandrill
956126,Max Hilliard,ERI,31,0,0,0,0,0,0,0,0,0,0,0,0,0,0,0,0,0,ACB,['ERI'],['ACB'],0,0,0,0,2024,0,0,0,0,0,100,Active,0,Erie,Ox
281294,Will Garrett,NEI,25,0,0,0,0,0,0,0,0,0,0,0,0,0,0,0,0,0,ACB,['NEI'],['ACB'],0,0,0,0,2024,0,0,0,0,0,100,Active,0,Neilsville,Bat
762984,Carson Stefanic,BOI,26,0,0,0,0,0,0,0,0,0,0,0,0,0,0,0,0,0,SOL,['BOI'],['SOL'],0,0,0,0,2024,0,0,0,0,0,100,Active,0,Boise City,Swordtail
628667,Andrew Andrus,GRE,29,0,0,0,0,0,0,0,0,0,0,0,0,0,0,0,0,0,ACB,['GRE'],['ACB'],0,0,0,0,2024,0,0,0,0,0,100,Active,0,Greenville,Hamster
45260,John Gonzalez,MEL,31,0,0,0,0,0,0,0,0,0,0,0,0,0,0,0,0,0,ACB,['MEL'],['ACB'],0,0,0,0,2024,0,0,0,0,0,100,Active,0,Melbourne,Cattle
76415,Pedro Cessa,ERI,34,0,0,0,0,0,0,0,0,0,0,0,0,0,0,0,0,0,ACB,['ERI'],['ACB'],0,0,0,0,2024,0,0,0,0,0,100,Active,0,Erie,Ox
360829,Jeremiah Wicks,NEW,34,0,0,0,0,0,0,0,0,0,0,0,0,0,0,0,0,0,SOL,['NEW'],['SOL'],0,0,0,0,2024,0,0,0,0,0,100,Active,0,Newport News,Cape buffalo
320461,Jose White,RIC,28,0,0,0,0,0,0,0,0,0,0,0,0,0,0,0,0,0,ACB,['RIC'],['ACB'],0,0,0,0,2024,0,0,0,0,0,100,Active,0,Richmond County,Llama
504802,Freddy Chavis,RIC,29,0,0,0,0,0,0,0,0,0,0,0,0,0,0,0,0,0,ACB,['RIC'],['ACB'],0,0,0,0,2024,0,0,0,0,0,100,Active,0,Richmond County,Llama
620752,Cal Overton,MEL,35,0,0,0,0,0,0,0,0,0,0,0,0,0,0,0,0,0,ACB,['MEL'],['ACB'],0,0,0,0,2024,0,0,0,0,0,100,Active,0,Melbourne,Cattle
918122,Matt Henderson,HAV,30,0,0,0,0,0,0,0,0,0,0,0,0,0,0,0,0,0,ACB,['HAV'],['ACB'],0,0,0,0,2024,0,0,0,0,0,100,Active,0,Havre de Grace,Earthworm
165004,Jordan Ortega,HAV,29,0,0,0,0,0,0,0,0,0,0,0,0,0,0,0,0,0,ACB,['HAV'],['ACB'],0,0,0,0,2024,0,0,0,0,0,100,Active,0,Havre de Grace,Earthworm
993415,Elly Ferrer,DEN,31,0,0,0,0,0,0,0,0,0,0,0,0,0,0,0,0,0,SOL,['DEN'],['SOL'],0,0,0,0,2024,0,0,0,0,0,100,Active,0,Denver,Land snail
86958,Drew Suarez,VIS,29,0,0,0,0,0,0,0,0,0,0,0,0,0,0,0,0,0,ACB,['VIS'],['ACB'],0,0,0,0,2024,0,0,0,0,0,100,Active,0,Visalia,Tahr
209979,Austin Witt,GRE,28,0,0,0,0,0,0,0,0,0,0,0,0,0,0,0,0,0,ACB,['GRE'],['ACB'],0,0,0,0,2024,0,0,0,0,0,100,Active,0,Greenville,Hamster
718232,Emmanuel Blanco,MCH,33,0,0,0,0,0,0,0,0,0,0,0,0,0,0,0,0,0,SOL,['MCH'],['SOL'],0,0,0,0,2024,0,0,0,0,0,100,Active,0,McHenry,Otter
611181,Zack Harris,NAS,31,0,0,0,0,0,0,0,0,0,0,0,0,0,0,0,0,0,ACB,['NAS'],['ACB'],0,0,0,0,2024,0,0,0,0,0,100,Active,0,Nashville,Shark
697800,Hunter Haseley,LEW,33,0,0,0,0,0,0,0,0,0,0,0,0,0,0,0,0,0,SOL,['LEW'],['SOL'],0,0,0,0,2024,0,0,0,0,0,100,Active,0,Lewisville,Bird
894570,Austin Refsnyder,SUN,37,0,0,0,0,0,0,0,0,0,0,0,0,0,0,0,0,0,ACB,['SUN'],['ACB'],0,0,0,0,2024,0,0,0,0,0,100,Active,0,Sunnyvale,Lamprey
785292,Corey Llovera,MCH,29,0,0,0,0,0,0,0,0,0,0,0,0,0,0,0,0,0,SOL,['MCH'],['SOL'],0,0,0,0,2024,0,0,0,0,0,100,Active,0,McHenry,Otter
698323,Shohei Canzone,NAS,29,0,0,0,0,0,0,0,0,0,0,0,0,0,0,0,0,0,ACB,['NAS'],['ACB'],0,0,0,0,2024,0,0,0,0,0,100,Active,0,Nashville,Shark
198083,Andrew Greinke,DES,27,0,0,0,0,0,0,0,0,0,0,0,0,0,0,0,0,0,ACB,['DES'],['ACB'],0,0,0,0,2024,0,0,0,0,0,100,Active,0,Des Moines,Cattle
665211,David Cole,NAS,31,0,0,0,0,0,0,0,0,0,0,0,0,0,0,0,0,0,ACB,['NAS'],['ACB'],0,0,0,0,2024,0,0,0,0,0,100,Active,0,Nashville,Shark
672858,Curtis Ibanez,MEL,29,0,0,0,0,0,0,0,0,0,0,0,0,0,0,0,0,0,ACB,['MEL'],['ACB'],0,0,0,0,2024,0,0,0,0,0,100,Active,0,Melbourne,Cattle
977477,Alfonso Megill,RIC,26,0,0,0,0,0,0,0,0,0,0,0,0,0,0,0,0,0,ACB,['RIC'],['ACB'],0,0,0,0,2024,0,0,0,0,0,100,Active,0,Richmond County,Llama
1036714,Jacob Lambert,ESC,31,0,0,0,0,0,0,0,0,0,0,0,0,0,0,0,0,0,ACB,['ESC'],['ACB'],0,0,0,0,2024,0,0,0,0,0,100,Active,0,Escondido,Python
625591,Jordan Ruiz,BOI,24,0,0,0,0,0,0,0,0,0,0,0,0,0,0,0,0,0,SOL,['BOI'],['SOL'],0,0,0,0,2024,0,0,0,0,0,100,Active,0,Boise City,Swordtail
980421,Jeremiah Vavra,RAC,38,0,0,0,0,0,0,0,0,0,0,0,0,0,0,0,0,0,SOL,['RAC'],['SOL'],0,0,0,0,2024,0,0,0,0,0,100,Active,0,Racine,Hedgehog
911725,Oscar Santos,SUN,30,0,0,0,0,0,0,0,0,0,0,0,0,0,0,0,0,0,ACB,['SUN'],['ACB'],0,0,0,0,2024,0,0,0,0,0,100,Active,0,Sunnyvale,Lamprey
337211,Aaron Abbott,LEW,27,0,0,0,0,0,0,0,0,0,0,0,0,0,0,0,0,0,SOL,['LEW'],['SOL'],0,0,0,0,2024,0,0,0,0,0,100,Active,0,Lewisville,Bird
949342,Paul Raleigh,FAY,28,0,0,0,0,0,0,0,0,0,0,0,0,0,0,0,0,0,SOL,['FAY'],['SOL'],0,0,0,0,2024,0,0,0,0,0,100,Active,0,Fayetteville,Viper
1038313,Ryan Woo,VIS,29,0,0,0,0,0,0,0,0,0,0,0,0,0,0,0,0,0,ACB,['VIS'],['ACB'],0,0,0,0,2024,0,0,0,0,0,100,Active,0,Visalia,Tahr
104804,Zach Alu,NEI,32,0,0,0,0,0,0,0,0,0,0,0,0,0,0,0,0,0,ACB,['NEI'],['ACB'],0,0,0,0,2024,0,0,0,0,0,100,Active,0,Neilsville,Bat
306116,Dylan Gallo,NEW,30,0,0,0,0,0,0,0,0,0,0,0,0,0,0,0,0,0,SOL,['NEW'],['SOL'],0,0,0,0,2024,0,0,0,0,0,100,Active,0,Newport News,Cape buffalo
665900,Johan Scherzer,BOI,33,0,0,0,0,0,0,0,0,0,0,0,0,0,0,0,0,0,SOL,['BOI'],['SOL'],0,0,0,0,2024,0,0,0,0,0,100,Active,0,Boise City,Swordtail
496902,Cody Stanek,DES,30,0,0,0,0,0,0,0,0,0,0,0,0,0,0,0,0,0,ACB,['DES'],['ACB'],0,0,0,0,2024,0,0,0,0,0,100,Active,0,Des Moines,Cattle
844883,Esteury Chirinos,TAL,30,0,0,0,0,0,0,0,0,0,0,0,0,0,0,0,0,0,ACB,['TAL'],['ACB'],0,0,0,0,2024,0,0,0,0,0,100,Active,0,Tallahassee,Mandrill
978120,Andrew Miley,STE,29,0,0,0,0,0,0,0,0,0,0,0,0,0,0,0,0,0,SOL,['STE'],['SOL'],0,0,0,0,2024,0,0,0,0,0,100,Active,0,Sterling Heights,Bovid
73442,Gabriel Kelley,DEN,37,0,0,0,0,0,0,0,0,0,0,0,0,0,0,0,0,0,SOL,['DEN'],['SOL'],0,0,0,0,2024,0,0,0,0,0,100,Active,0,Denver,Land snail
197852,Kyle Vasquez,SUN,28,0,0,0,0,0,0,0,0,0,0,0,0,0,0,0,0,0,ACB,['SUN'],['ACB'],0,0,0,0,2024,0,0,0,0,0,100,Active,0,Sunnyvale,Lamprey
723360,Brooks Morel,SAN,29,0,0,0,0,0,0,0,0,0,0,0,0,0,0,0,0,0,SOL,['SAN'],['SOL'],0,0,0,0,2024,0,0,0,0,0,100,Active,0,Santa Rosa,Panthera hybrid
83747,Chris Perez,SUN,24,0,0,0,0,0,0,0,0,0,0,0,0,0,0,0,0,0,ACB,['SUN'],['ACB'],0,0,0,0,2024,0,0,0,0,0,100,Active,0,Sunnyvale,Lamprey
988615,Nick Bass,RIC,27,0,0,0,0,0,0,0,0,0,0,0,0,0,0,0,0,0,ACB,['RIC'],['ACB'],0,0,0,0,2024,0,0,0,0,0,100,Active,0,Richmond County,Llama
711043,Jake Arcia,JAC,28,0,0,0,0,0,0,0,0,0,0,0,0,0,0,0,0,0,ACB,['JAC'],['ACB'],0,0,0,0,2024,0,0,0,0,0,100,Active,0,Jacksonville,Barnacle
657008,Pete Morris,GRE,35,0,0,0,0,0,0,0,0,0,0,0,0,0,0,0,0,0,ACB,['GRE'],['ACB'],0,0,0,0,2024,0,0,0,0,0,100,Active,0,Greenville,Hamster
22664,Bryan Lovelady,ERI,31,0,0,0,0,0,0,0,0,0,0,0,0,0,0,0,0,0,ACB,['ERI'],['ACB'],0,0,0,0,2024,0,0,0,0,0,100,Active,0,Erie,Ox
105666,Brandon Donaldson,SAN,31,0,0,0,0,0,0,0,0,0,0,0,0,0,0,0,0,0,ACB,['SAN'],['ACB'],0,0,0,0,2024,0,0,0,0,0,100,Active,0,Santa Rosa,Panthera hybrid
391462,Heliot McKenna,NAS,29,0,0,0,0,0,0,0,0,0,0,0,0,0,0,0,0,0,ACB,['NAS'],['ACB'],0,0,0,0,2024,0,0,0,0,0,100,Active,0,Nashville,Shark
538745,Kyle Selby,DEN,37,0,0,0,0,0,0,0,0,0,0,0,0,0,0,0,0,0,SOL,['DEN'],['SOL'],0,0,0,0,2024,0,0,0,0,0,100,Active,0,Denver,Land snail
701551,Declan Wilson,GIL,33,0,0,0,0,0,0,0,0,0,0,0,0,0,0,0,0,0,SOL,['GIL'],['SOL'],0,0,0,0,2024,0,0,0,0,0,100,Active,0,Gilbert,Star-nosed mole
793039,Andrew Kuhnel,LEW,30,0,0,0,0,0,0,0,0,0,0,0,0,0,0,0,0,0,SOL,['LEW'],['SOL'],0,0,0,0,2024,0,0,0,0,0,100,Active,0,Lewisville,Bird
1001526,Jason Luciano,GIL,34,0,0,0,0,0,0,0,0,0,0,0,0,0,0,0,0,0,SOL,['GIL'],['SOL'],0,0,0,0,2024,0,0,0,0,0,100,Active,0,Gilbert,Star-nosed mole
582411,Kyle Duvall,NEI,31,0,0,0,0,0,0,0,0,0,0,0,0,0,0,0,0,0,ACB,['NEI'],['ACB'],0,0,0,0,2024,0,0,0,0,0,100,Active,0,Neilsville,Bat
866727,Cristopher Cordero,PAS,28,0,0,0,0,0,0,0,0,0,0,0,0,0,0,0,0,0,SOL,['PAS'],['SOL'],0,0,0,0,2024,0,0,0,0,0,100,Active,0,Pasadena,Octopus
28050,Jason Bassitt,NAS,29,0,0,0,0,0,0,0,0,0,0,0,0,0,0,0,0,0,ACB,['NAS'],['ACB'],0,0,0,0,2024,0,0,0,0,0,100,Active,0,Nashville,Shark
708379,Alex Hendricks,GIL,26,0,0,0,0,0,0,0,0,0,0,0,0,0,0,0,0,0,SOL,['GIL'],['SOL'],0,0,0,0,2024,0,0,0,0,0,100,Active,0,Gilbert,Star-nosed mole
350732,Andre Alexander,JAC,35,0,0,0,0,0,0,0,0,0,0,0,0,0,0,0,0,0,ACB,['JAC'],['ACB'],0,0,0,0,2024,0,0,0,0,0,100,Active,0,Jacksonville,Barnacle
288396,Wander Littell,MCH,31,0,0,0,0,0,0,0,0,0,0,0,0,0,0,0,0,0,SOL,['MCH'],['SOL'],0,0,0,0,2024,0,0,0,0,0,100,Active,0,McHenry,Otter
840468,Kevin Cobb,JAC,30,0,0,0,0,0,0,0,0,0,0,0,0,0,0,0,0,0,ACB,['JAC'],['ACB'],0,0,0,0,2024,0,0,0,0,0,100,Active,0,Jacksonville,Barnacle
431568,Curt Amaya,GIL,29,0,0,0,0,0,0,0,0,0,0,0,0,0,0,0,0,0,SOL,['GIL'],['SOL'],0,0,0,0,2024,0,0,0,0,0,100,Active,0,Gilbert,Star-nosed mole
895574,Reynaldo Abreu,BIR,30,0,0,0,0,0,0,0,0,0,0,0,0,0,0,0,0,0,SOL,['BIR'],['SOL'],0,0,0,0,2024,0,0,0,0,0,100,Active,0,Birmingham,Hermit crab
884615,Kaleb Hill,DEN,29,0,0,0,0,0,0,0,0,0,0,0,0,0,0,0,0,0,SOL,['DEN'],['SOL'],0,0,0,0,2024,0,0,0,0,0,100,Active,0,Denver,Land snail
949158,Chase Ferrer,RAC,31,0,0,0,0,0,0,0,0,0,0,0,0,0,0,0,0,0,SOL,['RAC'],['SOL'],0,0,0,0,2024,0,0,0,0,0,100,Active,0,Racine,Hedgehog
290094,Evan Ferrer,GRE,24,0,0,0,0,0,0,0,0,0,0,0,0,0,0,0,0,0,ACB,['GRE'],['ACB'],0,0,0,0,2024,0,0,0,0,0,100,Active,0,Greenville,Hamster
984170,Luke Cosgrove,JAC,26,0,0,0,0,0,0,0,0,0,0,0,0,0,0,0,0,0,ACB,['JAC'],['ACB'],0,0,0,0,2024,0,0,0,0,0,100,Active,0,Jacksonville,Barnacle
393940,Tristan Vaughn,PAS,29,0,0,0,0,0,0,0,0,0,0,0,0,0,0,0,0,0,SOL,['PAS'],['SOL'],0,0,0,0,2024,0,0,0,0,0,100,Active,0,Pasadena,Octopus
568621,Mike Casas,HAV,28,0,0,0,0,0,0,0,0,0,0,0,0,0,0,0,0,0,ACB,['HAV'],['ACB'],0,0,0,0,2024,0,0,0,0,0,100,Active,0,Havre de Grace,Earthworm
640673,Brandon Call,DEN,34,0,0,0,0,0,0,0,0,0,0,0,0,0,0,0,0,0,SOL,['DEN'],['SOL'],0,0,0,0,2024,0,0,0,0,0,100,Active,0,Denver,Land snail
880324,Mark Bethancourt,ROC,38,0,0,0,0,0,0,0,0,0,0,0,0,0,0,0,0,0,ACB,['ROC'],['ACB'],0,0,0,0,2024,0,0,0,0,0,100,Active,0,Rockford,Turtle
390073,Dairon Profar,NEW,34,0,0,0,0,0,0,0,0,0,0,0,0,0,0,0,0,0,SOL,['NEW'],['SOL'],0,0,0,0,2024,0,0,0,0,0,100,Active,0,Newport News,Cape buffalo
200759,Max Schanuel,BOI,33,0,0,0,0,0,0,0,0,0,0,0,0,0,0,0,0,0,SOL,['BOI'],['SOL'],0,0,0,0,2024,0,0,0,0,0,100,Active,0,Boise City,Swordtail
784970,Carson Hoffman,DES,29,0,0,0,0,0,0,0,0,0,0,0,0,0,0,0,0,0,ACB,['DES'],['ACB'],0,0,0,0,2024,0,0,0,0,0,100,Active,0,Des Moines,Cattle
192642,Chasen Pruitt,DES,27,0,0,0,0,0,0,0,0,0,0,0,0,0,0,0,0,0,ACB,['DES'],['ACB'],0,0,0,0,2024,0,0,0,0,0,100,Active,0,Des Moines,Cattle
637522,Kyle Francis,THO,29,0,0,0,0,0,0,0,0,0,0,0,0,0,0,0,0,0,ACB,['THO'],['ACB'],0,0,0,0,2024,0,0,0,0,0,100,Active,0,Thousand Oaks,Sole
294750,Lawrence Lowe,RAC,36,0,0,0,0,0,0,0,0,0,0,0,0,0,0,0,0,0,SOL,['RAC'],['SOL'],0,0,0,0,2024,0,0,0,0,0,100,Active,0,Racine,Hedgehog
294252,Steven Arraez,STE,31,0,0,0,0,0,0,0,0,0,0,0,0,0,0,0,0,0,SOL,['STE'],['SOL'],0,0,0,0,2024,0,0,0,0,0,100,Active,0,Sterling Heights,Bovid
829587,Alek Balazovic,TAL,33,0,0,0,0,0,0,0,0,0,0,0,0,0,0,0,0,0,ACB,['TAL'],['ACB'],0,0,0,0,2024,0,0,0,0,0,100,Active,0,Tallahassee,Mandrill
385018,Evan Then,STE,26,0,0,0,0,0,0,0,0,0,0,0,0,0,0,0,0,0,SOL,['STE'],['SOL'],0,0,0,0,2024,0,0,0,0,0,100,Active,0,Sterling Heights,Bovid
978735,Avisail Wainwright,NAS,33,0,0,0,0,0,0,0,0,0,0,0,0,0,0,0,0,0,ACB,['NAS'],['ACB'],0,0,0,0,2024,0,0,0,0,0,100,Active,0,Nashville,Shark
31670,Calvin Polanco,NEW,31,0,0,0,0,0,0,0,0,0,0,0,0,0,0,0,0,0,SOL,['NEW'],['SOL'],0,0,0,0,2024,0,0,0,0,0,100,Active,0,Newport News,Cape buffalo
413831,Allan Espinal,VIS,28,0,0,0,0,0,0,0,0,0,0,0,0,0,0,0,0,0,ACB,['VIS'],['ACB'],0,0,0,0,2024,0,0,0,0,0,100,Active,0,Visalia,Tahr
456351,Adrian Grossman,ERI,32,0,0,0,0,0,0,0,0,0,0,0,0,0,0,0,0,0,ACB,['ERI'],['ACB'],0,0,0,0,2024,0,0,0,0,0,100,Active,0,Erie,Ox
331034,AJ Weaver,BIR,30,0,0,0,0,0,0,0,0,0,0,0,0,0,0,0,0,0,SOL,['BIR'],['SOL'],0,0,0,0,2024,0,0,0,0,0,100,Active,0,Birmingham,Hermit crab
12737,Dustin Kepler,DEN,26,0,0,0,0,0,0,0,0,0,0,0,0,0,0,0,0,0,SOL,['DEN'],['SOL'],0,0,0,0,2024,0,0,0,0,0,100,Active,0,Denver,Land snail
75844,James Corbin,ESC,24,0,0,0,0,0,0,0,0,0,0,0,0,0,0,0,0,0,ACB,['ESC'],['ACB'],0,0,0,0,2024,0,0,0,0,0,100,Active,0,Escondido,Python
392415,Garrett Peralta,SAN,27,0,0,0,0,0,0,0,0,0,0,0,0,0,0,0,0,0,ACB,['SAN'],['ACB'],0,0,0,0,2024,0,0,0,0,0,100,Active,0,Santa Rosa,Panthera hybrid
701495,Cionel Leclerc,JAC,30,0,0,0,0,0,0,0,0,0,0,0,0,0,0,0,0,0,ACB,['JAC'],['ACB'],0,0,0,0,2024,0,0,0,0,0,100,Active,0,Jacksonville,Barnacle
206536,Marcus Montes,GIL,38,0,0,0,0,0,0,0,0,0,0,0,0,0,0,0,0,0,SOL,['GIL'],['SOL'],0,0,0,0,2024,0,0,0,0,0,100,Active,0,Gilbert,Star-nosed mole
472395,Victor Loup,SAN,31,0,0,0,0,0,0,0,0,0,0,0,0,0,0,0,0,0,SOL,['SAN'],['SOL'],0,0,0,0,2024,0,0,0,0,0,100,Active,0,Santa Rosa,Panthera hybrid
170858,Mark Martinez,RIC,28,0,0,0,0,0,0,0,0,0,0,0,0,0,0,0,0,0,ACB,['RIC'],['ACB'],0,0,0,0,2024,0,0,0,0,0,100,Active,0,Richmond County,Llama
1019470,Joe Nelson,TAL,34,0,0,0,0,0,0,0,0,0,0,0,0,0,0,0,0,0,ACB,['TAL'],['ACB'],0,0,0,0,2024,0,0,0,0,0,100,Active,0,Tallahassee,Mandrill
241129,Jacob Jameson,ERI,37,0,0,0,0,0,0,0,0,0,0,0,0,0,0,0,0,0,ACB,['ERI'],['ACB'],0,0,0,0,2024,0,0,0,0,0,100,Active,0,Erie,Ox
723570,James Chafin,MEL,31,0,0,0,0,0,0,0,0,0,0,0,0,0,0,0,0,0,ACB,['MEL'],['ACB'],0,0,0,0,2024,0,0,0,0,0,100,Active,0,Melbourne,Cattle
87422,Ty Rooker,GIL,25,0,0,0,0,0,0,0,0,0,0,0,0,0,0,0,0,0,SOL,['GIL'],['SOL'],0,0,0,0,2024,0,0,0,0,0,100,Active,0,Gilbert,Star-nosed mole
1038860,Alex Gonzales,TAL,28,0,0,0,0,0,0,0,0,0,0,0,0,0,0,0,0,0,ACB,['TAL'],['ACB'],0,0,0,0,2024,0,0,0,0,0,100,Active,0,Tallahassee,Mandrill
362876,Nick Gray,STE,26,0,0,0,0,0,0,0,0,0,0,0,0,0,0,0,0,0,SOL,['STE'],['SOL'],0,0,0,0,2024,0,0,0,0,0,100,Active,0,Sterling Heights,Bovid
940276,Nathaniel Snider,FAY,33,0,0,0,0,0,0,0,0,0,0,0,0,0,0,0,0,0,SOL,['FAY'],['SOL'],0,0,0,0,2024,0,0,0,0,0,100,Active,0,Fayetteville,Viper
829345,Will McCutchen,VIS,34,0,0,0,0,0,0,0,0,0,0,0,0,0,0,0,0,0,ACB,['VIS'],['ACB'],0,0,0,0,2024,0,0,0,0,0,100,Active,0,Visalia,Tahr
388934,Michael Tovar,ROC,38,0,0,0,0,0,0,0,0,0,0,0,0,0,0,0,0,0,ACB,['ROC'],['ACB'],0,0,0,0,2024,0,0,0,0,0,100,Active,0,Rockford,Turtle
556217,Javier Peralta,BIR,28,0,0,0,0,0,0,0,0,0,0,0,0,0,0,0,0,0,SOL,['BIR'],['SOL'],0,0,0,0,2024,0,0,0,0,0,100,Active,0,Birmingham,Hermit crab
954338,Willi Arcia,MEL,33,0,0,0,0,0,0,0,0,0,0,0,0,0,0,0,0,0,ACB,['MEL'],['ACB'],0,0,0,0,2024,0,0,0,0,0,100,Active,0,Melbourne,Cattle
756011,Quinn Schneider,PAS,26,0,0,0,0,0,0,0,0,0,0,0,0,0,0,0,0,0,SOL,['PAS'],['SOL'],0,0,0,0,2024,0,0,0,0,0,100,Active,0,Pasadena,Octopus
272000,Tommy Pederson,ROC,32,0,0,0,0,0,0,0,0,0,0,0,0,0,0,0,0,0,ACB,['ROC'],['ACB'],0,0,0,0,2024,0,0,0,0,0,100,Active,0,Rockford,Turtle
795471,Alfonso Burdick,PAS,28,0,0,0,0,0,0,0,0,0,0,0,0,0,0,0,0,0,SOL,['PAS'],['SOL'],0,0,0,0,2024,0,0,0,0,0,100,Active,0,Pasadena,Octopus
852167,Noah Nardi,BIR,27,0,0,0,0,0,0,0,0,0,0,0,0,0,0,0,0,0,SOL,['BIR'],['SOL'],0,0,0,0,2024,0,0,0,0,0,100,Active,0,Birmingham,Hermit crab
327664,Mike Bride,STE,31,0,0,0,0,0,0,0,0,0,0,0,0,0,0,0,0,0,SOL,['STE'],['SOL'],0,0,0,0,2024,0,0,0,0,0,100,Active,0,Sterling Heights,Bovid
460718,Richard Polanco,SAN,29,0,0,0,0,0,0,0,0,0,0,0,0,0,0,0,0,0,SOL,['SAN'],['SOL'],0,0,0,0,2024,0,0,0,0,0,100,Active,0,Santa Rosa,Panthera hybrid
136704,Manuel Irvin,THO,32,0,0,0,0,0,0,0,0,0,0,0,0,0,0,0,0,0,ACB,['THO'],['ACB'],0,0,0,0,2024,0,0,0,0,0,100,Active,0,Thousand Oaks,Sole
701893,Alejandro Schmidt,PAS,24,0,0,0,0,0,0,0,0,0,0,0,0,0,0,0,0,0,SOL,['PAS'],['SOL'],0,0,0,0,2024,0,0,0,0,0,100,Active,0,Pasadena,Octopus
841978,TJ Familia,SUN,28,0,0,0,0,0,0,0,0,0,0,0,0,0,0,0,0,0,ACB,['SUN'],['ACB'],0,0,0,0,2024,0,0,0,0,0,100,Active,0,Sunnyvale,Lamprey
809289,Brent Donaldson,SAN,39,0,0,0,0,0,0,0,0,0,0,0,0,0,0,0,0,0,SOL,['SAN'],['SOL'],0,0,0,0,2024,0,0,0,0,0,100,Active,0,Santa Rosa,Panthera hybrid
566010,Aaron McKinstry,THO,25,0,0,0,0,0,0,0,0,0,0,0,0,0,0,0,0,0,ACB,['THO'],['ACB'],0,0,0,0,2024,0,0,0,0,0,100,Active,0,Thousand Oaks,Sole
913944,Eduardo Felipe,ESC,36,0,0,0,0,0,0,0,0,0,0,0,0,0,0,0,0,0,ACB,['ESC'],['ACB'],0,0,0,0,2024,0,0,0,0,0,100,Active,0,Escondido,Python
593413,Matt Uribe,FAY,35,0,0,0,0,0,0,0,0,0,0,0,0,0,0,0,0,0,SOL,['FAY'],['SOL'],0,0,0,0,2024,0,0,0,0,0,100,Active,0,Fayetteville,Viper
276106,Dany Alvarez,DES,35,0,0,0,0,0,0,0,0,0,0,0,0,0,0,0,0,0,ACB,['DES'],['ACB'],0,0,0,0,2024,0,0,0,0,0,100,Active,0,Des Moines,Cattle
708339,Carlos Altuve,GRE,29,0,0,0,0,0,0,0,0,0,0,0,0,0,0,0,0,0,ACB,['GRE'],['ACB'],0,0,0,0,2024,0,0,0,0,0,100,Active,0,Greenville,Hamster
858176,William Adams,SUN,27,0,0,0,0,0,0,0,0,0,0,0,0,0,0,0,0,0,ACB,['SUN'],['ACB'],0,0,0,0,2024,0,0,0,0,0,100,Active,0,Sunnyvale,Lamprey
596751,Mark Bummer,SUN,30,0,0,0,0,0,0,0,0,0,0,0,0,0,0,0,0,0,ACB,['SUN'],['ACB'],0,0,0,0,2024,0,0,0,0,0,100,Active,0,Sunnyvale,Lamprey
1034953,Eric Williams,BOI,27,0,0,0,0,0,0,0,0,0,0,0,0,0,0,0,0,0,SOL,['BOI'],['SOL'],0,0,0,0,2024,0,0,0,0,0,100,Active,0,Boise City,Swordtail
809318,Thairo Marinaccio,THO,31,0,0,0,0,0,0,0,0,0,0,0,0,0,0,0,0,0,ACB,['THO'],['ACB'],0,0,0,0,2024,0,0,0,0,0,100,Active,0,Thousand Oaks,Sole
867689,Jose Hollowell,ROC,26,0,0,0,0,0,0,0,0,0,0,0,0,0,0,0,0,0,ACB,['ROC'],['ACB'],0,0,0,0,2024,0,0,0,0,0,100,Active,0,Rockford,Turtle
672539,Michael Lowe,NAS,29,0,0,0,0,0,0,0,0,0,0,0,0,0,0,0,0,0,ACB,['NAS'],['ACB'],0,0,0,0,2024,0,0,0,0,0,100,Active,0,Nashville,Shark
603203,J.D. Santana,SAN,32,0,0,0,0,0,0,0,0,0,0,0,0,0,0,0,0,0,SOL,['SAN'],['SOL'],0,0,0,0,2024,0,0,0,0,0,100,Active,0,Santa Rosa,Panthera hybrid
20519,Harold Adell,DES,35,0,0,0,0,0,0,0,0,0,0,0,0,0,0,0,0,0,ACB,['DES'],['ACB'],0,0,0,0,2024,0,0,0,0,0,100,Active,0,Des Moines,Cattle
130263,Evan Lamet,LEW,29,0,0,0,0,0,0,0,0,0,0,0,0,0,0,0,0,0,SOL,['LEW'],['SOL'],0,0,0,0,2024,0,0,0,0,0,100,Active,0,Lewisville,Bird
530427,Chad Rodriguez,RAC,31,0,0,0,0,0,0,0,0,0,0,0,0,0,0,0,0,0,SOL,['RAC'],['SOL'],0,0,0,0,2024,0,0,0,0,0,100,Active,0,Racine,Hedgehog
908900,Victor Waldichuk,ROC,30,0,0,0,0,0,0,0,0,0,0,0,0,0,0,0,0,0,ACB,['ROC'],['ACB'],0,0,0,0,2024,0,0,0,0,0,100,Active,0,Rockford,Turtle
1007711,Jesse Arraez,NEI,36,0,0,0,0,0,0,0,0,0,0,0,0,0,0,0,0,0,ACB,['NEI'],['ACB'],0,0,0,0,2024,0,0,0,0,0,100,Active,0,Neilsville,Bat
389854,Jonathan McCann,TAL,29,0,0,0,0,0,0,0,0,0,0,0,0,0,0,0,0,0,ACB,['TAL'],['ACB'],0,0,0,0,2024,0,0,0,0,0,100,Active,0,Tallahassee,Mandrill
775383,Adley Adam,SAN,29,0,0,0,0,0,0,0,0,0,0,0,0,0,0,0,0,0,ACB,['SAN'],['ACB'],0,0,0,0,2024,0,0,0,0,0,100,Active,0,Santa Rosa,Panthera hybrid
228644,Grant Lee,TAL,30,0,0,0,0,0,0,0,0,0,0,0,0,0,0,0,0,0,ACB,['TAL'],['ACB'],0,0,0,0,2024,0,0,0,0,0,100,Active,0,Tallahassee,Mandrill
756269,Grant Silseth,VIS,29,0,0,0,0,0,0,0,0,0,0,0,0,0,0,0,0,0,ACB,['VIS'],['ACB'],0,0,0,0,2024,0,0,0,0,0,100,Active,0,Visalia,Tahr
486439,Connor Barnes,DES,29,0,0,0,0,0,0,0,0,0,0,0,0,0,0,0,0,0,ACB,['DES'],['ACB'],0,0,0,0,2024,0,0,0,0,0,100,Active,0,Des Moines,Cattle
682083,Heliot Zimmermann,JAC,40,0,0,0,0,0,0,0,0,0,0,0,0,0,0,0,0,0,ACB,['JAC'],['ACB'],0,0,0,0,2024,0,0,0,0,0,100,Active,0,Jacksonville,Barnacle
889802,Jonathan Mlodzinski,ROC,37,0,0,0,0,0,0,0,0,0,0,0,0,0,0,0,0,0,ACB,['ROC'],['ACB'],0,0,0,0,2024,0,0,0,0,0,100,Active,0,Rockford,Turtle
413008,Austin Kennedy,TAL,29,0,0,0,0,0,0,0,0,0,0,0,0,0,0,0,0,0,ACB,['TAL'],['ACB'],0,0,0,0,2024,0,0,0,0,0,100,Active,0,Tallahassee,Mandrill
11083,Connor Marlowe,BIR,34,0,0,0,0,0,0,0,0,0,0,0,0,0,0,0,0,0,SOL,['BIR'],['SOL'],0,0,0,0,2024,0,0,0,0,0,100,Active,0,Birmingham,Hermit crab
46906,Nestor Martinez,GRE,30,0,0,0,0,0,0,0,0,0,0,0,0,0,0,0,0,0,ACB,['GRE'],['ACB'],0,0,0,0,2024,0,0,0,0,0,100,Active,0,Greenville,Hamster
468964,Ozzie Moniak,SAN,28,0,0,0,0,0,0,0,0,0,0,0,0,0,0,0,0,0,SOL,['SAN'],['SOL'],0,0,0,0,2024,0,0,0,0,0,100,Active,0,Santa Rosa,Panthera hybrid
340948,Jalen Garlick,MEL,30,0,0,0,0,0,0,0,0,0,0,0,0,0,0,0,0,0,ACB,['MEL'],['ACB'],0,0,0,0,2024,0,0,0,0,0,100,Active,0,Melbourne,Cattle
5880,Aaron Stephens,ERI,28,0,0,0,0,0,0,0,0,0,0,0,0,0,0,0,0,0,ACB,['ERI'],['ACB'],0,0,0,0,2024,0,0,0,0,0,100,Active,0,Erie,Ox
463099,Touki Cisnero,SAN,25,0,0,0,0,0,0,0,0,0,0,0,0,0,0,0,0,0,ACB,['SAN'],['ACB'],0,0,0,0,2024,0,0,0,0,0,100,Active,0,Santa Rosa,Panthera hybrid
905170,Tristan Nola,RIC,27,0,0,0,0,0,0,0,0,0,0,0,0,0,0,0,0,0,ACB,['RIC'],['ACB'],0,0,0,0,2024,0,0,0,0,0,100,Active,0,Richmond County,Llama
61229,Kolten Moore,FAY,26,0,0,0,0,0,0,0,0,0,0,0,0,0,0,0,0,0,SOL,['FAY'],['SOL'],0,0,0,0,2024,0,0,0,0,0,100,Active,0,Fayetteville,Viper
32048,Ron Coulombe,TAL,31,0,0,0,0,0,0,0,0,0,0,0,0,0,0,0,0,0,ACB,['TAL'],['ACB'],0,0,0,0,2024,0,0,0,0,0,100,Active,0,Tallahassee,Mandrill
768874,Joel Cronin,GIL,33,0,0,0,0,0,0,0,0,0,0,0,0,0,0,0,0,0,SOL,['GIL'],['SOL'],0,0,0,0,2024,0,0,0,0,0,100,Active,0,Gilbert,Star-nosed mole
881453,Quinn Muller,SUN,34,0,0,0,0,0,0,0,0,0,0,0,0,0,0,0,0,0,ACB,['SUN'],['ACB'],0,0,0,0,2024,0,0,0,0,0,100,Active,0,Sunnyvale,Lamprey
1007960,Matt Burger,ESC,25,0,0,0,0,0,0,0,0,0,0,0,0,0,0,0,0,0,ACB,['ESC'],['ACB'],0,0,0,0,2024,0,0,0,0,0,100,Active,0,Escondido,Python
652466,Martin Edwards,THO,30,0,0,0,0,0,0,0,0,0,0,0,0,0,0,0,0,0,ACB,['THO'],['ACB'],0,0,0,0,2024,0,0,0,0,0,100,Active,0,Thousand Oaks,Sole
564957,Sam Ruiz,RAC,26,0,0,0,0,0,0,0,0,0,0,0,0,0,0,0,0,0,SOL,['RAC'],['SOL'],0,0,0,0,2024,0,0,0,0,0,100,Active,0,Racine,Hedgehog
295398,Ranger Springs,SUN,27,0,0,0,0,0,0,0,0,0,0,0,0,0,0,0,0,0,ACB,['SUN'],['ACB'],0,0,0,0,2024,0,0,0,0,0,100,Active,0,Sunnyvale,Lamprey
368862,Connor Miranda,RIC,26,0,0,0,0,0,0,0,0,0,0,0,0,0,0,0,0,0,ACB,['RIC'],['ACB'],0,0,0,0,2024,0,0,0,0,0,100,Active,0,Richmond County,Llama
30252,Jake Brito,SAN,29,0,0,0,0,0,0,0,0,0,0,0,0,0,0,0,0,0,SOL,['SAN'],['SOL'],0,0,0,0,2024,0,0,0,0,0,100,Active,0,Santa Rosa,Panthera hybrid
409723,Mark Fleming,BIR,28,0,0,0,0,0,0,0,0,0,0,0,0,0,0,0,0,0,SOL,['BIR'],['SOL'],0,0,0,0,2024,0,0,0,0,0,100,Active,0,Birmingham,Hermit crab
919869,Yu Muncy,GRE,25,0,0,0,0,0,0,0,0,0,0,0,0,0,0,0,0,0,ACB,['GRE'],['ACB'],0,0,0,0,2024,0,0,0,0,0,100,Active,0,Greenville,Hamster
954049,Alek Edwards,HAV,27,0,0,0,0,0,0,0,0,0,0,0,0,0,0,0,0,0,ACB,['HAV'],['ACB'],0,0,0,0,2024,0,0,0,0,0,100,Active,0,Havre de Grace,Earthworm
949552,Gary Rutherford,NAS,35,0,0,0,0,0,0,0,0,0,0,0,0,0,0,0,0,0,ACB,['NAS'],['ACB'],0,0,0,0,2024,0,0,0,0,0,100,Active,0,Nashville,Shark
29163,Bryan Stefanic,NAS,35,0,0,0,0,0,0,0,0,0,0,0,0,0,0,0,0,0,ACB,['NAS'],['ACB'],0,0,0,0,2024,0,0,0,0,0,100,Active,0,Nashville,Shark
461880,Eric Murfee,PAS,30,0,0,0,0,0,0,0,0,0,0,0,0,0,0,0,0,0,SOL,['PAS'],['SOL'],0,0,0,0,2024,0,0,0,0,0,100,Active,0,Pasadena,Octopus
53765,Tim Severino,PAS,27,0,0,0,0,0,0,0,0,0,0,0,0,0,0,0,0,0,SOL,['PAS'],['SOL'],0,0,0,0,2024,0,0,0,0,0,100,Active,0,Pasadena,Octopus
690990,Yu Caballero,MCH,30,0,0,0,0,0,0,0,0,0,0,0,0,0,0,0,0,0,SOL,['MCH'],['SOL'],0,0,0,0,2024,0,0,0,0,0,100,Active,0,McHenry,Otter
930573,Bryan Gorman,STE,29,0,0,0,0,0,0,0,0,0,0,0,0,0,0,0,0,0,SOL,['STE'],['SOL'],0,0,0,0,2024,0,0,0,0,0,100,Active,0,Sterling Heights,Bovid
642405,Brett Bielak,ESC,28,0,0,0,0,0,0,0,0,0,0,0,0,0,0,0,0,0,ACB,['ESC'],['ACB'],0,0,0,0,2024,0,0,0,0,0,100,Active,0,Escondido,Python
663428,Drew Solomon,SAN,29,0,0,0,0,0,0,0,0,0,0,0,0,0,0,0,0,0,SOL,['SAN'],['SOL'],0,0,0,0,2024,0,0,0,0,0,100,Active,0,Santa Rosa,Panthera hybrid
1009716,Chase Graveman,RIC,29,0,0,0,0,0,0,0,0,0,0,0,0,0,0,0,0,0,ACB,['RIC'],['ACB'],0,0,0,0,2024,0,0,0,0,0,100,Active,0,Richmond County,Llama
915591,Evan Lively,HAV,33,0,0,0,0,0,0,0,0,0,0,0,0,0,0,0,0,0,ACB,['HAV'],['ACB'],0,0,0,0,2024,0,0,0,0,0,100,Active,0,Havre de Grace,Earthworm
941975,Yennier Kerr,SAN,33,0,0,0,0,0,0,0,0,0,0,0,0,0,0,0,0,0,SOL,['SAN'],['SOL'],0,0,0,0,2024,0,0,0,0,0,100,Active,0,Santa Rosa,Panthera hybrid
662001,Manny Henry,SUN,32,0,0,0,0,0,0,0,0,0,0,0,0,0,0,0,0,0,ACB,['SUN'],['ACB'],0,0,0,0,2024,0,0,0,0,0,100,Active,0,Sunnyvale,Lamprey
89510,Buck Cox,FAY,34,0,0,0,0,0,0,0,0,0,0,0,0,0,0,0,0,0,SOL,['FAY'],['SOL'],0,0,0,0,2024,0,0,0,0,0,100,Active,0,Fayetteville,Viper
311643,Ronny Gillaspie,STE,32,0,0,0,0,0,0,0,0,0,0,0,0,0,0,0,0,0,SOL,['STE'],['SOL'],0,0,0,0,2024,0,0,0,0,0,100,Active,0,Sterling Heights,Bovid
163180,Tyler Cabrera,RIC,36,0,0,0,0,0,0,0,0,0,0,0,0,0,0,0,0,0,ACB,['RIC'],['ACB'],0,0,0,0,2024,0,0,0,0,0,100,Active,0,Richmond County,Llama
726074,Tanner Nelson,RAC,32,0,0,0,0,0,0,0,0,0,0,0,0,0,0,0,0,0,SOL,['RAC'],['SOL'],0,0,0,0,2024,0,0,0,0,0,100,Active,0,Racine,Hedgehog
846499,Kyle Semien,NAS,25,0,0,0,0,0,0,0,0,0,0,0,0,0,0,0,0,0,ACB,['NAS'],['ACB'],0,0,0,0,2024,0,0,0,0,0,100,Active,0,Nashville,Shark
347648,Josiah Balazovic,NEI,29,0,0,0,0,0,0,0,0,0,0,0,0,0,0,0,0,0,ACB,['NEI'],['ACB'],0,0,0,0,2024,0,0,0,0,0,100,Active,0,Neilsville,Bat
425882,Willi Lopez,PAS,32,0,0,0,0,0,0,0,0,0,0,0,0,0,0,0,0,0,SOL,['PAS'],['SOL'],0,0,0,0,2024,0,0,0,0,0,100,Active,0,Pasadena,Octopus
390693,Anthony Okert,BOI,30,0,0,0,0,0,0,0,0,0,0,0,0,0,0,0,0,0,SOL,['BOI'],['SOL'],0,0,0,0,2024,0,0,0,0,0,100,Active,0,Boise City,Swordtail
733975,Trayce Schanuel,BOI,28,0,0,0,0,0,0,0,0,0,0,0,0,0,0,0,0,0,SOL,['BOI'],['SOL'],0,0,0,0,2024,0,0,0,0,0,100,Active,0,Boise City,Swordtail
309840,Josh Grissom,ERI,28,0,0,0,0,0,0,0,0,0,0,0,0,0,0,0,0,0,ACB,['ERI'],['ACB'],0,0,0,0,2024,0,0,0,0,0,100,Active,0,Erie,Ox
490907,Sam Vasquez,PAS,25,0,0,0,0,0,0,0,0,0,0,0,0,0,0,0,0,0,SOL,['PAS'],['SOL'],0,0,0,0,2024,0,0,0,0,0,100,Active,0,Pasadena,Octopus
802065,Justin Ryan,SAN,27,0,0,0,0,0,0,0,0,0,0,0,0,0,0,0,0,0,ACB,['SAN'],['ACB'],0,0,0,0,2024,0,0,0,0,0,100,Active,0,Santa Rosa,Panthera hybrid
739512,Dominic Knizner,JAC,27,0,0,0,0,0,0,0,0,0,0,0,0,0,0,0,0,0,ACB,['JAC'],['ACB'],0,0,0,0,2024,0,0,0,0,0,100,Active,0,Jacksonville,Barnacle
212944,Keynan Brito,DEN,34,0,0,0,0,0,0,0,0,0,0,0,0,0,0,0,0,0,SOL,['DEN'],['SOL'],0,0,0,0,2024,0,0,0,0,0,100,Active,0,Denver,Land snail
342860,Michael Burger,STE,27,0,0,0,0,0,0,0,0,0,0,0,0,0,0,0,0,0,SOL,['STE'],['SOL'],0,0,0,0,2024,0,0,0,0,0,100,Active,0,Sterling Heights,Bovid
215649,Emmet Irvin,RAC,26,0,0,0,0,0,0,0,0,0,0,0,0,0,0,0,0,0,SOL,['RAC'],['SOL'],0,0,0,0,2024,0,0,0,0,0,100,Active,0,Racine,Hedgehog
4315,Steven Remillard,SAN,27,0,0,0,0,0,0,0,0,0,0,0,0,0,0,0,0,0,SOL,['SAN'],['SOL'],0,0,0,0,2024,0,0,0,0,0,100,Active,0,Santa Rosa,Panthera hybrid
775320,Vinnie Adam,GRE,26,0,0,0,0,0,0,0,0,0,0,0,0,0,0,0,0,0,ACB,['GRE'],['ACB'],0,0,0,0,2024,0,0,0,0,0,100,Active,0,Greenville,Hamster
345435,Starling Heasley,MCH,25,0,0,0,0,0,0,0,0,0,0,0,0,0,0,0,0,0,SOL,['MCH'],['SOL'],0,0,0,0,2024,0,0,0,0,0,100,Active,0,McHenry,Otter
714006,Andrew Patino,FAY,23,0,0,0,0,0,0,0,0,0,0,0,0,0,0,0,0,0,SOL,['FAY'],['SOL'],0,0,0,0,2024,0,0,0,0,0,100,Active,0,Fayetteville,Viper
825092,Josh Marlowe,RIC,27,0,0,0,0,0,0,0,0,0,0,0,0,0,0,0,0,0,ACB,['RIC'],['ACB'],0,0,0,0,2024,0,0,0,0,0,100,Active,0,Richmond County,Llama
881538,Jack Cowser,RIC,28,0,0,0,0,0,0,0,0,0,0,0,0,0,0,0,0,0,ACB,['RIC'],['ACB'],0,0,0,0,2024,0,0,0,0,0,100,Active,0,Richmond County,Llama
834452,Luis Speier,DEN,41,0,0,0,0,0,0,0,0,0,0,0,0,0,0,0,0,0,SOL,['DEN'],['SOL'],0,0,0,0,2024,0,0,0,0,0,100,Active,0,Denver,Land snail
705609,Freddy Urias,LEW,30,0,0,0,0,0,0,0,0,0,0,0,0,0,0,0,0,0,SOL,['LEW'],['SOL'],0,0,0,0,2024,0,0,0,0,0,100,Active,0,Lewisville,Bird
778352,Nick Weissert,VIS,28,0,0,0,0,0,0,0,0,0,0,0,0,0,0,0,0,0,ACB,['VIS'],['ACB'],0,0,0,0,2024,0,0,0,0,0,100,Active,0,Visalia,Tahr
396701,Jonah Calhoun,VIS,32,0,0,0,0,0,0,0,0,0,0,0,0,0,0,0,0,0,ACB,['VIS'],['ACB'],0,0,0,0,2024,0,0,0,0,0,100,Active,0,Visalia,Tahr
501349,Osleivis Vasquez,NEW,26,0,0,0,0,0,0,0,0,0,0,0,0,0,0,0,0,0,SOL,['NEW'],['SOL'],0,0,0,0,2024,0,0,0,0,0,100,Active,0,Newport News,Cape buffalo
758455,Nathan Jankowski,DEN,26,0,0,0,0,0,0,0,0,0,0,0,0,0,0,0,0,0,SOL,['DEN'],['SOL'],0,0,0,0,2024,0,0,0,0,0,100,Active,0,Denver,Land snail
809702,Bennett Jones,STE,24,0,0,0,0,0,0,0,0,0,0,0,0,0,0,0,0,0,SOL,['STE'],['SOL'],0,0,0,0,2024,0,0,0,0,0,100,Active,0,Sterling Heights,Bovid
650644,Vaughn Tonkin,SUN,28,0,0,0,0,0,0,0,0,0,0,0,0,0,0,0,0,0,ACB,['SUN'],['ACB'],0,0,0,0,2024,0,0,0,0,0,100,Active,0,Sunnyvale,Lamprey
607416,Michael Gray,SAN,26,0,0,0,0,0,0,0,0,0,0,0,0,0,0,0,0,0,SOL,['SAN'],['SOL'],0,0,0,0,2024,0,0,0,0,0,100,Active,0,Santa Rosa,Panthera hybrid
545881,Taylor Martini,ESC,26,0,0,0,0,0,0,0,0,0,0,0,0,0,0,0,0,0,ACB,['ESC'],['ACB'],0,0,0,0,2024,0,0,0,0,0,100,Active,0,Escondido,Python
448400,Victor Speier,BOI,24,0,0,0,0,0,0,0,0,0,0,0,0,0,0,0,0,0,SOL,['BOI'],['SOL'],0,0,0,0,2024,0,0,0,0,0,100,Active,0,Boise City,Swordtail
177122,Trevor Kluber,RIC,32,0,0,0,0,0,0,0,0,0,0,0,0,0,0,0,0,0,ACB,['RIC'],['ACB'],0,0,0,0,2024,0,0,0,0,0,100,Active,0,Richmond County,Llama
381435,Wandy Alonso,FAY,33,0,0,0,0,0,0,0,0,0,0,0,0,0,0,0,0,0,SOL,['FAY'],['SOL'],0,0,0,0,2024,0,0,0,0,0,100,Active,0,Fayetteville,Viper
594708,Hayden Tapia,DES,26,0,0,0,0,0,0,0,0,0,0,0,0,0,0,0,0,0,ACB,['DES'],['ACB'],0,0,0,0,2024,0,0,0,0,0,100,Active,0,Des Moines,Cattle
41632,Nick Keller,ESC,29,0,0,0,0,0,0,0,0,0,0,0,0,0,0,0,0,0,ACB,['ESC'],['ACB'],0,0,0,0,2024,0,0,0,0,0,100,Active,0,Escondido,Python
346322,Chas Votto,TAL,28,0,0,0,0,0,0,0,0,0,0,0,0,0,0,0,0,0,ACB,['TAL'],['ACB'],0,0,0,0,2024,0,0,0,0,0,100,Active,0,Tallahassee,Mandrill
1000694,Nick Lewis,NAS,32,0,0,0,0,0,0,0,0,0,0,0,0,0,0,0,0,0,ACB,['NAS'],['ACB'],0,0,0,0,2024,0,0,0,0,0,100,Active,0,Nashville,Shark
32521,Heliot Hamilton,DEN,27,0,0,0,0,0,0,0,0,0,0,0,0,0,0,0,0,0,SOL,['DEN'],['SOL'],0,0,0,0,2024,0,0,0,0,0,100,Active,0,Denver,Land snail
774922,Yandy Junis,DEN,29,0,0,0,0,0,0,0,0,0,0,0,0,0,0,0,0,0,SOL,['DEN'],['SOL'],0,0,0,0,2024,0,0,0,0,0,100,Active,0,Denver,Land snail
453767,Josh Eaton,JAC,28,0,0,0,0,0,0,0,0,0,0,0,0,0,0,0,0,0,ACB,['JAC'],['ACB'],0,0,0,0,2024,0,0,0,0,0,100,Active,0,Jacksonville,Barnacle
460312,Jimmy McCormick,STE,33,0,0,0,0,0,0,0,0,0,0,0,0,0,0,0,0,0,SOL,['STE'],['SOL'],0,0,0,0,2024,0,0,0,0,0,100,Active,0,Sterling Heights,Bovid
654819,Tucupita Alexander,NEW,27,0,0,0,0,0,0,0,0,0,0,0,0,0,0,0,0,0,SOL,['NEW'],['SOL'],0,0,0,0,2024,0,0,0,0,0,100,Active,0,Newport News,Cape buffalo
862298,Harold Belt,HAV,26,0,0,0,0,0,0,0,0,0,0,0,0,0,0,0,0,0,ACB,['HAV'],['ACB'],0,0,0,0,2024,0,0,0,0,0,100,Active,0,Havre de Grace,Earthworm
576331,Ty Cimber,SUN,25,0,0,0,0,0,0,0,0,0,0,0,0,0,0,0,0,0,ACB,['SUN'],['ACB'],0,0,0,0,2024,0,0,0,0,0,100,Active,0,Sunnyvale,Lamprey
305209,Matt Miller,GRE,32,0,0,0,0,0,0,0,0,0,0,0,0,0,0,0,0,0,ACB,['GRE'],['ACB'],0,0,0,0,2024,0,0,0,0,0,100,Active,0,Greenville,Hamster
352299,Spencer Kemp,DEN,29,0,0,0,0,0,0,0,0,0,0,0,0,0,0,0,0,0,SOL,['DEN'],['SOL'],0,0,0,0,2024,0,0,0,0,0,100,Active,0,Denver,Land snail
821109,Justin Gonsolin,RIC,37,0,0,0,0,0,0,0,0,0,0,0,0,0,0,0,0,0,ACB,['RIC'],['ACB'],0,0,0,0,2024,0,0,0,0,0,100,Active,0,Richmond County,Llama
599318,Jose Duvall,RIC,30,0,0,0,0,0,0,0,0,0,0,0,0,0,0,0,0,0,ACB,['RIC'],['ACB'],0,0,0,0,2024,0,0,0,0,0,100,Active,0,Richmond County,Llama
562006,James Peterson,ROC,37,0,0,0,0,0,0,0,0,0,0,0,0,0,0,0,0,0,ACB,['ROC'],['ACB'],0,0,0,0,2024,0,0,0,0,0,100,Active,0,Rockford,Turtle
808421,Anthony Bass,LEW,24,0,0,0,0,0,0,0,0,0,0,0,0,0,0,0,0,0,SOL,['LEW'],['SOL'],0,0,0,0,2024,0,0,0,0,0,100,Active,0,Lewisville,Bird
475642,Taylor Duran,JAC,36,0,0,0,0,0,0,0,0,0,0,0,0,0,0,0,0,0,ACB,['JAC'],['ACB'],0,0,0,0,2024,0,0,0,0,0,100,Active,0,Jacksonville,Barnacle
164718,Matt Spiers,SAN,27,0,0,0,0,0,0,0,0,0,0,0,0,0,0,0,0,0,SOL,['SAN'],['SOL'],0,0,0,0,2024,0,0,0,0,0,100,Active,0,Santa Rosa,Panthera hybrid
296858,Luke Chang,VIS,30,0,0,0,0,0,0,0,0,0,0,0,0,0,0,0,0,0,ACB,['VIS'],['ACB'],0,0,0,0,2024,0,0,0,0,0,100,Active,0,Visalia,Tahr
145549,Andy Nogosek,ERI,36,0,0,0,0,0,0,0,0,0,0,0,0,0,0,0,0,0,ACB,['ERI'],['ACB'],0,0,0,0,2024,0,0,0,0,0,100,Active,0,Erie,Ox
582979,Dominic Pearson,BIR,31,0,0,0,0,0,0,0,0,0,0,0,0,0,0,0,0,0,SOL,['BIR'],['SOL'],0,0,0,0,2024,0,0,0,0,0,100,Active,0,Birmingham,Hermit crab
657323,Tommy Harris,JAC,37,0,0,0,0,0,0,0,0,0,0,0,0,0,0,0,0,0,ACB,['JAC'],['ACB'],0,0,0,0,2024,0,0,0,0,0,100,Active,0,Jacksonville,Barnacle
728212,Eguy McCann,JAC,34,0,0,0,0,0,0,0,0,0,0,0,0,0,0,0,0,0,ACB,['JAC'],['ACB'],0,0,0,0,2024,0,0,0,0,0,100,Active,0,Jacksonville,Barnacle
500934,Bruce Rutherford,THO,32,0,0,0,0,0,0,0,0,0,0,0,0,0,0,0,0,0,ACB,['THO'],['ACB'],0,0,0,0,2024,0,0,0,0,0,100,Active,0,Thousand Oaks,Sole
15268,Jordan Barnes,ESC,31,0,0,0,0,0,0,0,0,0,0,0,0,0,0,0,0,0,ACB,['ESC'],['ACB'],0,0,0,0,2024,0,0,0,0,0,100,Active,0,Escondido,Python
986543,Alex McCann,FAY,27,0,0,0,0,0,0,0,0,0,0,0,0,0,0,0,0,0,SOL,['FAY'],['SOL'],0,0,0,0,2024,0,0,0,0,0,100,Active,0,Fayetteville,Viper
880151,Lane Gilbert,SAN,33,0,0,0,0,0,0,0,0,0,0,0,0,0,0,0,0,0,ACB,['SAN'],['ACB'],0,0,0,0,2024,0,0,0,0,0,100,Active,0,Santa Rosa,Panthera hybrid
320265,Kyle Maton,PAS,30,0,0,0,0,0,0,0,0,0,0,0,0,0,0,0,0,0,SOL,['PAS'],['SOL'],0,0,0,0,2024,0,0,0,0,0,100,Active,0,Pasadena,Octopus
455426,Bo Walker,SAN,29,0,0,0,0,0,0,0,0,0,0,0,0,0,0,0,0,0,SOL,['SAN'],['SOL'],0,0,0,0,2024,0,0,0,0,0,100,Active,0,Santa Rosa,Panthera hybrid
854821,Tyler Duran,THO,27,0,0,0,0,0,0,0,0,0,0,0,0,0,0,0,0,0,ACB,['THO'],['ACB'],0,0,0,0,2024,0,0,0,0,0,100,Active,0,Thousand Oaks,Sole
957790,Logan Rasmussen,MCH,29,0,0,0,0,0,0,0,0,0,0,0,0,0,0,0,0,0,SOL,['MCH'],['SOL'],0,0,0,0,2024,0,0,0,0,0,100,Active,0,McHenry,Otter
948413,Blake Ramirez,MCH,24,0,0,0,0,0,0,0,0,0,0,0,0,0,0,0,0,0,SOL,['MCH'],['SOL'],0,0,0,0,2024,0,0,0,0,0,100,Active,0,McHenry,Otter
702262,Cole Marsh,SAN,28,0,0,0,0,0,0,0,0,0,0,0,0,0,0,0,0,0,ACB,['SAN'],['ACB'],0,0,0,0,2024,0,0,0,0,0,100,Active,0,Santa Rosa,Panthera hybrid
469886,Mike Henry,RIC,33,0,0,0,0,0,0,0,0,0,0,0,0,0,0,0,0,0,ACB,['RIC'],['ACB'],0,0,0,0,2024,0,0,0,0,0,100,Active,0,Richmond County,Llama
1001608,Eloy Johnson,BOI,32,0,0,0,0,0,0,0,0,0,0,0,0,0,0,0,0,0,SOL,['BOI'],['SOL'],0,0,0,0,2024,0,0,0,0,0,100,Active,0,Boise City,Swordtail
130607,Phil Swanson,RIC,28,0,0,0,0,0,0,0,0,0,0,0,0,0,0,0,0,0,ACB,['RIC'],['ACB'],0,0,0,0,2024,0,0,0,0,0,100,Active,0,Richmond County,Llama
526921,Anthony Alcantara,BIR,33,0,0,0,0,0,0,0,0,0,0,0,0,0,0,0,0,0,SOL,['BIR'],['SOL'],0,0,0,0,2024,0,0,0,0,0,100,Active,0,Birmingham,Hermit crab
128804,Jonathan Flexen,BIR,44,0,0,0,0,0,0,0,0,0,0,0,0,0,0,0,0,0,SOL,['BIR'],['SOL'],0,0,0,0,2024,0,0,0,0,0,100,Active,0,Birmingham,Hermit crab
579940,Daniel Crawford,BOI,36,0,0,0,0,0,0,0,0,0,0,0,0,0,0,0,0,0,SOL,['BOI'],['SOL'],0,0,0,0,2024,0,0,0,0,0,100,Active,0,Boise City,Swordtail
190250,Trevor Pratto,HAV,25,0,0,0,0,0,0,0,0,0,0,0,0,0,0,0,0,0,ACB,['HAV'],['ACB'],0,0,0,0,2024,0,0,0,0,0,100,Active,0,Havre de Grace,Earthworm
765324,Tommy Rizzo,MEL,27,0,0,0,0,0,0,0,0,0,0,0,0,0,0,0,0,0,ACB,['MEL'],['ACB'],0,0,0,0,2024,0,0,0,0,0,100,Active,0,Melbourne,Cattle
236932,Bruce Rucinski,STE,34,0,0,0,0,0,0,0,0,0,0,0,0,0,0,0,0,0,SOL,['STE'],['SOL'],0,0,0,0,2024,0,0,0,0,0,100,Active,0,Sterling Heights,Bovid
596052,Tylor Caminero,DES,35,0,0,0,0,0,0,0,0,0,0,0,0,0,0,0,0,0,ACB,['DES'],['ACB'],0,0,0,0,2024,0,0,0,0,0,100,Active,0,Des Moines,Cattle
453362,Dalton Severino,BIR,30,0,0,0,0,0,0,0,0,0,0,0,0,0,0,0,0,0,SOL,['BIR'],['SOL'],0,0,0,0,2024,0,0,0,0,0,100,Active,0,Birmingham,Hermit crab
686569,Buddy Hunter,ROC,29,0,0,0,0,0,0,0,0,0,0,0,0,0,0,0,0,0,ACB,['ROC'],['ACB'],0,0,0,0,2024,0,0,0,0,0,100,Active,0,Rockford,Turtle
641296,Tom Means,SAN,32,0,0,0,0,0,0,0,0,0,0,0,0,0,0,0,0,0,ACB,['SAN'],['ACB'],0,0,0,0,2024,0,0,0,0,0,100,Active,0,Santa Rosa,Panthera hybrid
848625,Matt Stratton,NEW,32,0,0,0,0,0,0,0,0,0,0,0,0,0,0,0,0,0,SOL,['NEW'],['SOL'],0,0,0,0,2024,0,0,0,0,0,100,Active,0,Newport News,Cape buffalo
535493,Juan Bruihl,TAL,29,0,0,0,0,0,0,0,0,0,0,0,0,0,0,0,0,0,ACB,['TAL'],['ACB'],0,0,0,0,2024,0,0,0,0,0,100,Active,0,Tallahassee,Mandrill
102525,Thairo Bradley,RIC,26,0,0,0,0,0,0,0,0,0,0,0,0,0,0,0,0,0,ACB,['RIC'],['ACB'],0,0,0,0,2024,0,0,0,0,0,100,Active,0,Richmond County,Llama
838052,Drew Fulmer,RIC,30,0,0,0,0,0,0,0,0,0,0,0,0,0,0,0,0,0,ACB,['RIC'],['ACB'],0,0,0,0,2024,0,0,0,0,0,100,Active,0,Richmond County,Llama
136125,Christian Bichette,RAC,29,0,0,0,0,0,0,0,0,0,0,0,0,0,0,0,0,0,SOL,['RAC'],['SOL'],0,0,0,0,2024,0,0,0,0,0,100,Active,0,Racine,Hedgehog
533524,Chris Lowe,RAC,29,0,0,0,0,0,0,0,0,0,0,0,0,0,0,0,0,0,SOL,['RAC'],['SOL'],0,0,0,0,2024,0,0,0,0,0,100,Active,0,Racine,Hedgehog
618366,Paul Robles,DEN,21,0,0,0,0,0,0,0,0,0,0,0,0,0,0,0,0,0,SOL,['DEN'],['SOL'],0,0,0,0,2024,0,0,0,0,0,100,Active,0,Denver,Land snail
302685,AJ Garza,NEW,32,0,0,0,0,0,0,0,0,0,0,0,0,0,0,0,0,0,SOL,['NEW'],['SOL'],0,0,0,0,2024,0,0,0,0,0,100,Active,0,Newport News,Cape buffalo
859620,Matt Meckler,SAN,33,0,0,0,0,0,0,0,0,0,0,0,0,0,0,0,0,0,SOL,['SAN'],['SOL'],0,0,0,0,2024,0,0,0,0,0,100,Active,0,Santa Rosa,Panthera hybrid
691767,Nick Noda,SAN,33,0,0,0,0,0,0,0,0,0,0,0,0,0,0,0,0,0,SOL,['SAN'],['SOL'],0,0,0,0,2024,0,0,0,0,0,100,Active,0,Santa Rosa,Panthera hybrid
990126,Oscar McCormick,JAC,26,0,0,0,0,0,0,0,0,0,0,0,0,0,0,0,0,0,ACB,['JAC'],['ACB'],0,0,0,0,2024,0,0,0,0,0,100,Active,0,Jacksonville,Barnacle
830601,Zach Lindor,PAS,30,0,0,0,0,0,0,0,0,0,0,0,0,0,0,0,0,0,SOL,['PAS'],['SOL'],0,0,0,0,2024,0,0,0,0,0,100,Active,0,Pasadena,Octopus
926602,Kyle Estes,SAN,32,0,0,0,0,0,0,0,0,0,0,0,0,0,0,0,0,0,ACB,['SAN'],['ACB'],0,0,0,0,2024,0,0,0,0,0,100,Active,0,Santa Rosa,Panthera hybrid
687156,Jonathan Robert,PAS,26,0,0,0,0,0,0,0,0,0,0,0,0,0,0,0,0,0,SOL,['PAS'],['SOL'],0,0,0,0,2024,0,0,0,0,0,100,Active,0,Pasadena,Octopus
722664,Yasmani Martini,RIC,26,0,0,0,0,0,0,0,0,0,0,0,0,0,0,0,0,0,ACB,['RIC'],['ACB'],0,0,0,0,2024,0,0,0,0,0,100,Active,0,Richmond County,Llama
558303,Jackson Sborz,NEW,33,0,0,0,0,0,0,0,0,0,0,0,0,0,0,0,0,0,SOL,['NEW'],['SOL'],0,0,0,0,2024,0,0,0,0,0,100,Active,0,Newport News,Cape buffalo
628330,Jose Rodon,STE,26,0,0,0,0,0,0,0,0,0,0,0,0,0,0,0,0,0,SOL,['STE'],['SOL'],0,0,0,0,2024,0,0,0,0,0,100,Active,0,Sterling Heights,Bovid
524495,Freddy Longoria,PAS,26,0,0,0,0,0,0,0,0,0,0,0,0,0,0,0,0,0,SOL,['PAS'],['SOL'],0,0,0,0,2024,0,0,0,0,0,100,Active,0,Pasadena,Octopus
860132,Yoan Musgrove,ERI,28,0,0,0,0,0,0,0,0,0,0,0,0,0,0,0,0,0,ACB,['ERI'],['ACB'],0,0,0,0,2024,0,0,0,0,0,100,Active,0,Erie,Ox
73122,Wade Fletcher,VIS,29,0,0,0,0,0,0,0,0,0,0,0,0,0,0,0,0,0,ACB,['VIS'],['ACB'],0,0,0,0,2024,0,0,0,0,0,100,Active,0,Visalia,Tahr
527908,Cooper Gallegos,SAN,28,0,0,0,0,0,0,0,0,0,0,0,0,0,0,0,0,0,SOL,['SAN'],['SOL'],0,0,0,0,2024,0,0,0,0,0,100,Active,0,Santa Rosa,Panthera hybrid
490053,Pierce Triolo,ERI,28,0,0,0,0,0,0,0,0,0,0,0,0,0,0,0,0,0,ACB,['ERI'],['ACB'],0,0,0,0,2024,0,0,0,0,0,100,Active,0,Erie,Ox
250067,Kyle Curry,VIS,31,0,0,0,0,0,0,0,0,0,0,0,0,0,0,0,0,0,ACB,['VIS'],['ACB'],0,0,0,0,2024,0,0,0,0,0,100,Active,0,Visalia,Tahr
993867,Michael Montero,DEN,33,0,0,0,0,0,0,0,0,0,0,0,0,0,0,0,0,0,SOL,['DEN'],['SOL'],0,0,0,0,2024,0,0,0,0,0,100,Active,0,Denver,Land snail
995961,Max Mancini,RAC,38,0,0,0,0,0,0,0,0,0,0,0,0,0,0,0,0,0,SOL,['RAC'],['SOL'],0,0,0,0,2024,0,0,0,0,0,100,Active,0,Racine,Hedgehog
70392,Nathaniel Jackson,DEN,30,0,0,0,0,0,0,0,0,0,0,0,0,0,0,0,0,0,SOL,['DEN'],['SOL'],0,0,0,0,2024,0,0,0,0,0,100,Active,0,Denver,Land snail
821164,Jacob Garver,HAV,26,0,0,0,0,0,0,0,0,0,0,0,0,0,0,0,0,0,ACB,['HAV'],['ACB'],0,0,0,0,2024,0,0,0,0,0,100,Active,0,Havre de Grace,Earthworm
158658,Grant Siri,MCH,30,0,0,0,0,0,0,0,0,0,0,0,0,0,0,0,0,0,SOL,['MCH'],['SOL'],0,0,0,0,2024,0,0,0,0,0,100,Active,0,McHenry,Otter
78154,Alex Megill,SAN,27,0,0,0,0,0,0,0,0,0,0,0,0,0,0,0,0,0,ACB,['SAN'],['ACB'],0,0,0,0,2024,0,0,0,0,0,100,Active,0,Santa Rosa,Panthera hybrid
53154,Fernando Stefanic,DES,30,0,0,0,0,0,0,0,0,0,0,0,0,0,0,0,0,0,ACB,['DES'],['ACB'],0,0,0,0,2024,0,0,0,0,0,100,Active,0,Des Moines,Cattle
526996,Austin Bohm,DES,29,0,0,0,0,0,0,0,0,0,0,0,0,0,0,0,0,0,ACB,['DES'],['ACB'],0,0,0,0,2024,0,0,0,0,0,100,Active,0,Des Moines,Cattle
87169,James Nevin,ROC,28,0,0,0,0,0,0,0,0,0,0,0,0,0,0,0,0,0,ACB,['ROC'],['ACB'],0,0,0,0,2024,0,0,0,0,0,100,Active,0,Rockford,Turtle
323075,Robbie Uribe,ROC,32,0,0,0,0,0,0,0,0,0,0,0,0,0,0,0,0,0,ACB,['ROC'],['ACB'],0,0,0,0,2024,0,0,0,0,0,100,Active,0,Rockford,Turtle
977194,Kyle Myers,GIL,29,0,0,0,0,0,0,0,0,0,0,0,0,0,0,0,0,0,SOL,['GIL'],['SOL'],0,0,0,0,2024,0,0,0,0,0,100,Active,0,Gilbert,Star-nosed mole
639509,Jordan Wisdom,DEN,30,0,0,0,0,0,0,0,0,0,0,0,0,0,0,0,0,0,SOL,['DEN'],['SOL'],0,0,0,0,2024,0,0,0,0,0,100,Active,0,Denver,Land snail
27466,Jake Okert,MEL,33,0,0,0,0,0,0,0,0,0,0,0,0,0,0,0,0,0,ACB,['MEL'],['ACB'],0,0,0,0,2024,0,0,0,0,0,100,Active,0,Melbourne,Cattle
872093,Jordan Gore,VIS,31,0,0,0,0,0,0,0,0,0,0,0,0,0,0,0,0,0,ACB,['VIS'],['ACB'],0,0,0,0,2024,0,0,0,0,0,100,Active,0,Visalia,Tahr
433327,Logan Varland,RIC,27,0,0,0,0,0,0,0,0,0,0,0,0,0,0,0,0,0,ACB,['RIC'],['ACB'],0,0,0,0,2024,0,0,0,0,0,100,Active,0,Richmond County,Llama
632677,Chase Stanton,RIC,29,0,0,0,0,0,0,0,0,0,0,0,0,0,0,0,0,0,ACB,['RIC'],['ACB'],0,0,0,0,2024,0,0,0,0,0,100,Active,0,Richmond County,Llama
977750,Mason Fraley,GIL,39,0,0,0,0,0,0,0,0,0,0,0,0,0,0,0,0,0,SOL,['GIL'],['SOL'],0,0,0,0,2024,0,0,0,0,0,100,Active,0,Gilbert,Star-nosed mole
62840,Javy Profar,GIL,34,0,0,0,0,0,0,0,0,0,0,0,0,0,0,0,0,0,SOL,['GIL'],['SOL'],0,0,0,0,2024,0,0,0,0,0,100,Active,0,Gilbert,Star-nosed mole
628792,Richard Schneider,PAS,26,0,0,0,0,0,0,0,0,0,0,0,0,0,0,0,0,0,SOL,['PAS'],['SOL'],0,0,0,0,2024,0,0,0,0,0,100,Active,0,Pasadena,Octopus
435684,Zach Kirk,ROC,37,0,0,0,0,0,0,0,0,0,0,0,0,0,0,0,0,0,ACB,['ROC'],['ACB'],0,0,0,0,2024,0,0,0,0,0,100,Active,0,Rockford,Turtle
1037046,Ty Duran,ERI,34,0,0,0,0,0,0,0,0,0,0,0,0,0,0,0,0,0,ACB,['ERI'],['ACB'],0,0,0,0,2024,0,0,0,0,0,100,Active,0,Erie,Ox
312633,Brandon Walker,PAS,32,0,0,0,0,0,0,0,0,0,0,0,0,0,0,0,0,0,SOL,['PAS'],['SOL'],0,0,0,0,2024,0,0,0,0,0,100,Active,0,Pasadena,Octopus
570633,Yohan Richards,NEW,23,0,0,0,0,0,0,0,0,0,0,0,0,0,0,0,0,0,SOL,['NEW'],['SOL'],0,0,0,0,2024,0,0,0,0,0,100,Active,0,Newport News,Cape buffalo
81151,Pavin Felipe,BIR,29,0,0,0,0,0,0,0,0,0,0,0,0,0,0,0,0,0,SOL,['BIR'],['SOL'],0,0,0,0,2024,0,0,0,0,0,100,Active,0,Birmingham,Hermit crab
92074,Pablo Pressly,DEN,26,0,0,0,0,0,0,0,0,0,0,0,0,0,0,0,0,0,SOL,['DEN'],['SOL'],0,0,0,0,2024,0,0,0,0,0,100,Active,0,Denver,Land snail
536295,Garrett Villar,SAN,29,0,0,0,0,0,0,0,0,0,0,0,0,0,0,0,0,0,ACB,['SAN'],['ACB'],0,0,0,0,2024,0,0,0,0,0,100,Active,0,Santa Rosa,Panthera hybrid
986140,Tommy Longoria,SAN,25,0,0,0,0,0,0,0,0,0,0,0,0,0,0,0,0,0,ACB,['SAN'],['ACB'],0,0,0,0,2024,0,0,0,0,0,100,Active,0,Santa Rosa,Panthera hybrid
636325,Bryson Bogaerts,SAN,30,0,0,0,0,0,0,0,0,0,0,0,0,0,0,0,0,0,ACB,['SAN'],['ACB'],0,0,0,0,2024,0,0,0,0,0,100,Active,0,Santa Rosa,Panthera hybrid
393857,Carmen Johnson,SAN,29,0,0,0,0,0,0,0,0,0,0,0,0,0,0,0,0,0,SOL,['SAN'],['SOL'],0,0,0,0,2024,0,0,0,0,0,100,Active,0,Santa Rosa,Panthera hybrid
677896,Eguy Smeltzer,ERI,36,0,0,0,0,0,0,0,0,0,0,0,0,0,0,0,0,0,ACB,['ERI'],['ACB'],0,0,0,0,2024,0,0,0,0,0,100,Active,0,Erie,Ox
315858,Jonathan Lopez,MCH,36,0,0,0,0,0,0,0,0,0,0,0,0,0,0,0,0,0,SOL,['MCH'],['SOL'],0,0,0,0,2024,0,0,0,0,0,100,Active,0,McHenry,Otter
156815,Victor Bailey,GRE,26,0,0,0,0,0,0,0,0,0,0,0,0,0,0,0,0,0,ACB,['GRE'],['ACB'],0,0,0,0,2024,0,0,0,0,0,100,Active,0,Greenville,Hamster
320342,Grant Merrifield,STE,25,0,0,0,0,0,0,0,0,0,0,0,0,0,0,0,0,0,SOL,['STE'],['SOL'],0,0,0,0,2024,0,0,0,0,0,100,Active,0,Sterling Heights,Bovid
958914,Kevin Jung,NAS,29,0,0,0,0,0,0,0,0,0,0,0,0,0,0,0,0,0,ACB,['NAS'],['ACB'],0,0,0,0,2024,0,0,0,0,0,100,Active,0,Nashville,Shark
554149,Garrett Taylor,NEI,26,0,0,0,0,0,0,0,0,0,0,0,0,0,0,0,0,0,ACB,['NEI'],['ACB'],0,0,0,0,2024,0,0,0,0,0,100,Active,0,Neilsville,Bat
156487,Corbin Cano,NEI,28,0,0,0,0,0,0,0,0,0,0,0,0,0,0,0,0,0,ACB,['NEI'],['ACB'],0,0,0,0,2024,0,0,0,0,0,100,Active,0,Neilsville,Bat
287224,Jonathan Bautista,DES,29,0,0,0,0,0,0,0,0,0,0,0,0,0,0,0,0,0,ACB,['DES'],['ACB'],0,0,0,0,2024,0,0,0,0,0,100,Active,0,Des Moines,Cattle
315603,Trevor Lynn,SAN,28,0,0,0,0,0,0,0,0,0,0,0,0,0,0,0,0,0,ACB,['SAN'],['ACB'],0,0,0,0,2024,0,0,0,0,0,100,Active,0,Santa Rosa,Panthera hybrid
14648,Zach Schmidt,RAC,27,0,0,0,0,0,0,0,0,0,0,0,0,0,0,0,0,0,SOL,['RAC'],['SOL'],0,0,0,0,2024,0,0,0,0,0,100,Active,0,Racine,Hedgehog
401575,Wander Rodriguez,RAC,31,0,0,0,0,0,0,0,0,0,0,0,0,0,0,0,0,0,SOL,['RAC'],['SOL'],0,0,0,0,2024,0,0,0,0,0,100,Active,0,Racine,Hedgehog
594070,Bryan McGough,VIS,26,0,0,0,0,0,0,0,0,0,0,0,0,0,0,0,0,0,ACB,['VIS'],['ACB'],0,0,0,0,2024,0,0,0,0,0,100,Active,0,Visalia,Tahr
23153,Jack Giolito,STE,31,0,0,0,0,0,0,0,0,0,0,0,0,0,0,0,0,0,SOL,['STE'],['SOL'],0,0,0,0,2024,0,0,0,0,0,100,Active,0,Sterling Heights,Bovid
1028531,Nathan Funderburk,SAN,28,0,0,0,0,0,0,0,0,0,0,0,0,0,0,0,0,0,SOL,['SAN'],['SOL'],0,0,0,0,2024,0,0,0,0,0,100,Active,0,Santa Rosa,Panthera hybrid
493576,Hogan Realmuto,SAN,29,0,0,0,0,0,0,0,0,0,0,0,0,0,0,0,0,0,SOL,['SAN'],['SOL'],0,0,0,0,2024,0,0,0,0,0,100,Active,0,Santa Rosa,Panthera hybrid
428235,Jason Rodon,DEN,33,0,0,0,0,0,0,0,0,0,0,0,0,0,0,0,0,0,SOL,['DEN'],['SOL'],0,0,0,0,2024,0,0,0,0,0,100,Active,0,Denver,Land snail
230080,Ben Albies,JAC,30,0,0,0,0,0,0,0,0,0,0,0,0,0,0,0,0,0,ACB,['JAC'],['ACB'],0,0,0,0,2024,0,0,0,0,0,100,Active,0,Jacksonville,Barnacle
209145,Dylan Rojas,ROC,30,0,0,0,0,0,0,0,0,0,0,0,0,0,0,0,0,0,ACB,['ROC'],['ACB'],0,0,0,0,2024,0,0,0,0,0,100,Active,0,Rockford,Turtle
805220,Beau Hartwig,SAN,28,0,0,0,0,0,0,0,0,0,0,0,0,0,0,0,0,0,ACB,['SAN'],['ACB'],0,0,0,0,2024,0,0,0,0,0,100,Active,0,Santa Rosa,Panthera hybrid
927425,Josh Rodriguez,SAN,33,0,0,0,0,0,0,0,0,0,0,0,0,0,0,0,0,0,SOL,['SAN'],['SOL'],0,0,0,0,2024,0,0,0,0,0,100,Active,0,Santa Rosa,Panthera hybrid
709731,Matt Walker,DES,35,0,0,0,0,0,0,0,0,0,0,0,0,0,0,0,0,0,ACB,['DES'],['ACB'],0,0,0,0,2024,0,0,0,0,0,100,Active,0,Des Moines,Cattle
120326,Jeff Bello,DEN,34,0,0,0,0,0,0,0,0,0,0,0,0,0,0,0,0,0,SOL,['DEN'],['SOL'],0,0,0,0,2024,0,0,0,0,0,100,Active,0,Denver,Land snail
240065,Triston Arraez,GIL,26,0,0,0,0,0,0,0,0,0,0,0,0,0,0,0,0,0,SOL,['GIL'],['SOL'],0,0,0,0,2024,0,0,0,0,0,100,Active,0,Gilbert,Star-nosed mole
418804,Collin Winker,DES,29,0,0,0,0,0,0,0,0,0,0,0,0,0,0,0,0,0,ACB,['DES'],['ACB'],0,0,0,0,2024,0,0,0,0,0,100,Active,0,Des Moines,Cattle
600865,Cole Bart,NEW,30,0,0,0,0,0,0,0,0,0,0,0,0,0,0,0,0,0,SOL,['NEW'],['SOL'],0,0,0,0,2024,0,0,0,0,0,100,Active,0,Newport News,Cape buffalo
612715,Taylor Grossman,SAN,31,0,0,0,0,0,0,0,0,0,0,0,0,0,0,0,0,0,ACB,['SAN'],['ACB'],0,0,0,0,2024,0,0,0,0,0,100,Active,0,Santa Rosa,Panthera hybrid
561210,Dauri Huff,SUN,28,0,0,0,0,0,0,0,0,0,0,0,0,0,0,0,0,0,ACB,['SUN'],['ACB'],0,0,0,0,2024,0,0,0,0,0,100,Active,0,Sunnyvale,Lamprey
955978,Paul Gurriel,HAV,34,0,0,0,0,0,0,0,0,0,0,0,0,0,0,0,0,0,ACB,['HAV'],['ACB'],0,0,0,0,2024,0,0,0,0,0,100,Active,0,Havre de Grace,Earthworm
594533,Domingo Garza,NAS,29,0,0,0,0,0,0,0,0,0,0,0,0,0,0,0,0,0,ACB,['NAS'],['ACB'],0,0,0,0,2024,0,0,0,0,0,100,Active,0,Nashville,Shark
627015,Clint Oviedo,BIR,33,0,0,0,0,0,0,0,0,0,0,0,0,0,0,0,0,0,SOL,['BIR'],['SOL'],0,0,0,0,2024,0,0,0,0,0,100,Active,0,Birmingham,Hermit crab
114397,Luis Romero,RIC,32,0,0,0,0,0,0,0,0,0,0,0,0,0,0,0,0,0,ACB,['RIC'],['ACB'],0,0,0,0,2024,0,0,0,0,0,100,Active,0,Richmond County,Llama
487285,Jeurys Cox,RIC,29,0,0,0,0,0,0,0,0,0,0,0,0,0,0,0,0,0,ACB,['RIC'],['ACB'],0,0,0,0,2024,0,0,0,0,0,100,Active,0,Richmond County,Llama
946263,Kerry Allen,HAV,33,0,0,0,0,0,0,0,0,0,0,0,0,0,0,0,0,0,ACB,['HAV'],['ACB'],0,0,0,0,2024,0,0,0,0,0,100,Active,0,Havre de Grace,Earthworm
432324,Mitch Naylor,HAV,30,0,0,0,0,0,0,0,0,0,0,0,0,0,0,0,0,0,ACB,['HAV'],['ACB'],0,0,0,0,2024,0,0,0,0,0,100,Active,0,Havre de Grace,Earthworm
832301,Josh Taylor,ESC,25,0,0,0,0,0,0,0,0,0,0,0,0,0,0,0,0,0,ACB,['ESC'],['ACB'],0,0,0,0,2024,0,0,0,0,0,100,Active,0,Escondido,Python
686963,Canaan Horwitz,RIC,33,0,0,0,0,0,0,0,0,0,0,0,0,0,0,0,0,0,ACB,['RIC'],['ACB'],0,0,0,0,2024,0,0,0,0,0,100,Active,0,Richmond County,Llama
955180,Luis Martinez,GRE,30,0,0,0,0,0,0,0,0,0,0,0,0,0,0,0,0,0,ACB,['GRE'],['ACB'],0,0,0,0,2024,0,0,0,0,0,100,Active,0,Greenville,Hamster
43659,Phil Ruiz,LEW,34,0,0,0,0,0,0,0,0,0,0,0,0,0,0,0,0,0,SOL,['LEW'],['SOL'],0,0,0,0,2024,0,0,0,0,0,100,Active,0,Lewisville,Bird
783757,Ryan Mantiply,RIC,32,0,0,0,0,0,0,0,0,0,0,0,0,0,0,0,0,0,ACB,['RIC'],['ACB'],0,0,0,0,2024,0,0,0,0,0,100,Active,0,Richmond County,Llama
949692,Nick Moll,HAV,35,0,0,0,0,0,0,0,0,0,0,0,0,0,0,0,0,0,ACB,['HAV'],['ACB'],0,0,0,0,2024,0,0,0,0,0,100,Active,0,Havre de Grace,Earthworm
869897,Yusei Jansen,NEW,24,0,0,0,0,0,0,0,0,0,0,0,0,0,0,0,0,0,SOL,['NEW'],['SOL'],0,0,0,0,2024,0,0,0,0,0,100,Active,0,Newport News,Cape buffalo
228438,Tucker Robles,DES,27,0,0,0,0,0,0,0,0,0,0,0,0,0,0,0,0,0,ACB,['DES'],['ACB'],0,0,0,0,2024,0,0,0,0,0,100,Active,0,Des Moines,Cattle
711397,Adrian Ramirez,SAN,33,0,0,0,0,0,0,0,0,0,0,0,0,0,0,0,0,0,SOL,['SAN'],['SOL'],0,0,0,0,2024,0,0,0,0,0,100,Active,0,Santa Rosa,Panthera hybrid
171526,Paul Moreno,JAC,39,0,0,0,0,0,0,0,0,0,0,0,0,0,0,0,0,0,ACB,['JAC'],['ACB'],0,0,0,0,2024,0,0,0,0,0,100,Active,0,Jacksonville,Barnacle
571184,Freddy Walls,SAN,27,0,0,0,0,0,0,0,0,0,0,0,0,0,0,0,0,0,ACB,['SAN'],['ACB'],0,0,0,0,2024,0,0,0,0,0,100,Active,0,Santa Rosa,Panthera hybrid
234973,Jose Floro,RIC,27,0,0,0,0,0,0,0,0,0,0,0,0,0,0,0,0,0,ACB,['RIC'],['ACB'],0,0,0,0,2024,0,0,0,0,0,100,Active,0,Richmond County,Llama
227957,Bryce Yelich,TAL,32,0,0,0,0,0,0,0,0,0,0,0,0,0,0,0,0,0,ACB,['TAL'],['ACB'],0,0,0,0,2024,0,0,0,0,0,100,Active,0,Tallahassee,Mandrill
980715,Jesus McKenzie,DES,25,0,0,0,0,0,0,0,0,0,0,0,0,0,0,0,0,0,ACB,['DES'],['ACB'],0,0,0,0,2024,0,0,0,0,0,100,Active,0,Des Moines,Cattle
78401,Shohei Strider,THO,27,0,0,0,0,0,0,0,0,0,0,0,0,0,0,0,0,0,ACB,['THO'],['ACB'],0,0,0,0,2024,0,0,0,0,0,100,Active,0,Thousand Oaks,Sole
716375,Kole Herget,GRE,28,0,0,0,0,0,0,0,0,0,0,0,0,0,0,0,0,0,ACB,['GRE'],['ACB'],0,0,0,0,2024,0,0,0,0,0,100,Active,0,Greenville,Hamster
156208,Owen Tatis,TAL,30,0,0,0,0,0,0,0,0,0,0,0,0,0,0,0,0,0,ACB,['TAL'],['ACB'],0,0,0,0,2024,0,0,0,0,0,100,Active,0,Tallahassee,Mandrill
725201,Cal Barrero,BOI,31,0,0,0,0,0,0,0,0,0,0,0,0,0,0,0,0,0,SOL,['BOI'],['SOL'],0,0,0,0,2024,0,0,0,0,0,100,Active,0,Boise City,Swordtail
852132,Manuel Candelario,SAN,27,0,0,0,0,0,0,0,0,0,0,0,0,0,0,0,0,0,ACB,['SAN'],['ACB'],0,0,0,0,2024,0,0,0,0,0,100,Active,0,Santa Rosa,Panthera hybrid
985029,Chase Cease,DES,27,0,0,0,0,0,0,0,0,0,0,0,0,0,0,0,0,0,ACB,['DES'],['ACB'],0,0,0,0,2024,0,0,0,0,0,100,Active,0,Des Moines,Cattle
415238,James Iglesias,DES,31,0,0,0,0,0,0,0,0,0,0,0,0,0,0,0,0,0,ACB,['DES'],['ACB'],0,0,0,0,2024,0,0,0,0,0,100,Active,0,Des Moines,Cattle
686502,Jordan Smith,DES,25,0,0,0,0,0,0,0,0,0,0,0,0,0,0,0,0,0,ACB,['DES'],['ACB'],0,0,0,0,2024,0,0,0,0,0,100,Active,0,Des Moines,Cattle
105054,Will Rucker,RIC,28,0,0,0,0,0,0,0,0,0,0,0,0,0,0,0,0,0,ACB,['RIC'],['ACB'],0,0,0,0,2024,0,0,0,0,0,100,Active,0,Richmond County,Llama
371144,Henry Kirby,MEL,28,0,0,0,0,0,0,0,0,0,0,0,0,0,0,0,0,0,ACB,['MEL'],['ACB'],0,0,0,0,2024,0,0,0,0,0,100,Active,0,Melbourne,Cattle
426746,Oneil Call,VIS,29,0,0,0,0,0,0,0,0,0,0,0,0,0,0,0,0,0,ACB,['VIS'],['ACB'],0,0,0,0,2024,0,0,0,0,0,100,Active,0,Visalia,Tahr
135292,Franmil Haseley,NAS,34,0,0,0,0,0,0,0,0,0,0,0,0,0,0,0,0,0,ACB,['NAS'],['ACB'],0,0,0,0,2024,0,0,0,0,0,100,Active,0,Nashville,Shark
385247,Andrew Wacha,NAS,31,0,0,0,0,0,0,0,0,0,0,0,0,0,0,0,0,0,ACB,['NAS'],['ACB'],0,0,0,0,2024,0,0,0,0,0,100,Active,0,Nashville,Shark
443194,Victor Milone,PAS,31,0,0,0,0,0,0,0,0,0,0,0,0,0,0,0,0,0,SOL,['PAS'],['SOL'],0,0,0,0,2024,0,0,0,0,0,100,Active,0,Pasadena,Octopus
182072,Nick Woo,GRE,29,0,0,0,0,0,0,0,0,0,0,0,0,0,0,0,0,0,ACB,['GRE'],['ACB'],0,0,0,0,2024,0,0,0,0,0,100,Active,0,Greenville,Hamster
336827,Brad Heyward,NEW,28,0,0,0,0,0,0,0,0,0,0,0,0,0,0,0,0,0,SOL,['NEW'],['SOL'],0,0,0,0,2024,0,0,0,0,0,100,Active,0,Newport News,Cape buffalo
621007,Robert Allard,THO,30,0,0,0,0,0,0,0,0,0,0,0,0,0,0,0,0,0,ACB,['THO'],['ACB'],0,0,0,0,2024,0,0,0,0,0,100,Active,0,Thousand Oaks,Sole
13978,Seiya Ohtani,DES,29,0,0,0,0,0,0,0,0,0,0,0,0,0,0,0,0,0,ACB,['DES'],['ACB'],0,0,0,0,2024,0,0,0,0,0,100,Active,0,Des Moines,Cattle
382432,Nick Bethancourt,MCH,28,0,0,0,0,0,0,0,0,0,0,0,0,0,0,0,0,0,SOL,['MCH'],['SOL'],0,0,0,0,2024,0,0,0,0,0,100,Active,0,McHenry,Otter
748321,Brenton McKenzie,JAC,26,0,0,0,0,0,0,0,0,0,0,0,0,0,0,0,0,0,ACB,['JAC'],['ACB'],0,0,0,0,2024,0,0,0,0,0,100,Active,0,Jacksonville,Barnacle
646406,Tayler Bido,RAC,32,0,0,0,0,0,0,0,0,0,0,0,0,0,0,0,0,0,SOL,['RAC'],['SOL'],0,0,0,0,2024,0,0,0,0,0,100,Active,0,Racine,Hedgehog
409380,Cole Smith,ERI,28,0,0,0,0,0,0,0,0,0,0,0,0,0,0,0,0,0,ACB,['ERI'],['ACB'],0,0,0,0,2024,0,0,0,0,0,100,Active,0,Erie,Ox
289752,Tanner Call,BOI,34,0,0,0,0,0,0,0,0,0,0,0,0,0,0,0,0,0,SOL,['BOI'],['SOL'],0,0,0,0,2024,0,0,0,0,0,100,Active,0,Boise City,Swordtail
852106,George Jackson,DEN,37,0,0,0,0,0,0,0,0,0,0,0,0,0,0,0,0,0,SOL,['DEN'],['SOL'],0,0,0,0,2024,0,0,0,0,0,100,Active,0,Denver,Land snail
591981,Nick Vesia,THO,31,0,0,0,0,0,0,0,0,0,0,0,0,0,0,0,0,0,ACB,['THO'],['ACB'],0,0,0,0,2024,0,0,0,0,0,100,Active,0,Thousand Oaks,Sole
631310,Spencer Phillips,HAV,28,0,0,0,0,0,0,0,0,0,0,0,0,0,0,0,0,0,ACB,['HAV'],['ACB'],0,0,0,0,2024,0,0,0,0,0,100,Active,0,Havre de Grace,Earthworm
986565,Marco Rios,VIS,29,0,0,0,0,0,0,0,0,0,0,0,0,0,0,0,0,0,ACB,['VIS'],['ACB'],0,0,0,0,2024,0,0,0,0,0,100,Active,0,Visalia,Tahr
658739,Michael Hatch,HAV,32,0,0,0,0,0,0,0,0,0,0,0,0,0,0,0,0,0,ACB,['HAV'],['ACB'],0,0,0,0,2024,0,0,0,0,0,100,Active,0,Havre de Grace,Earthworm
742370,Kaleb Vavra,NEW,26,0,0,0,0,0,0,0,0,0,0,0,0,0,0,0,0,0,SOL,['NEW'],['SOL'],0,0,0,0,2024,0,0,0,0,0,100,Active,0,Newport News,Cape buffalo
485910,Touki Cowser,GIL,24,0,0,0,0,0,0,0,0,0,0,0,0,0,0,0,0,0,SOL,['GIL'],['SOL'],0,0,0,0,2024,0,0,0,0,0,100,Active,0,Gilbert,Star-nosed mole
621175,Ildemaro Doval,RIC,31,0,0,0,0,0,0,0,0,0,0,0,0,0,0,0,0,0,ACB,['RIC'],['ACB'],0,0,0,0,2024,0,0,0,0,0,100,Active,0,Richmond County,Llama
123816,Carson Smith-Njigba,DES,35,0,0,0,0,0,0,0,0,0,0,0,0,0,0,0,0,0,ACB,['DES'],['ACB'],0,0,0,0,2024,0,0,0,0,0,100,Active,0,Des Moines,Cattle
290288,Jonathan Morton,ERI,29,0,0,0,0,0,0,0,0,0,0,0,0,0,0,0,0,0,ACB,['ERI'],['ACB'],0,0,0,0,2024,0,0,0,0,0,100,Active,0,Erie,Ox
771525,Brett Stallings,NEI,25,0,0,0,0,0,0,0,0,0,0,0,0,0,0,0,0,0,ACB,['NEI'],['ACB'],0,0,0,0,2024,0,0,0,0,0,100,Active,0,Neilsville,Bat
104484,Bruce Jimenez,NEW,27,0,0,0,0,0,0,0,0,0,0,0,0,0,0,0,0,0,SOL,['NEW'],['SOL'],0,0,0,0,2024,0,0,0,0,0,100,Active,0,Newport News,Cape buffalo
104364,Javy Montes,SAN,25,0,0,0,0,0,0,0,0,0,0,0,0,0,0,0,0,0,ACB,['SAN'],['ACB'],0,0,0,0,2024,0,0,0,0,0,100,Active,0,Santa Rosa,Panthera hybrid
121369,Elehuris Arenado,NEW,26,0,0,0,0,0,0,0,0,0,0,0,0,0,0,0,0,0,SOL,['NEW'],['SOL'],0,0,0,0,2024,0,0,0,0,0,100,Active,0,Newport News,Cape buffalo
919118,Javier Yates,TAL,26,0,0,0,0,0,0,0,0,0,0,0,0,0,0,0,0,0,ACB,['TAL'],['ACB'],0,0,0,0,2024,0,0,0,0,0,100,Active,0,Tallahassee,Mandrill
649578,Nick Raley,ESC,27,0,0,0,0,0,0,0,0,0,0,0,0,0,0,0,0,0,ACB,['ESC'],['ACB'],0,0,0,0,2024,0,0,0,0,0,100,Active,0,Escondido,Python
1044546,Andrew La Sorsa,DEN,27,0,0,0,0,0,0,0,0,0,0,0,0,0,0,0,0,0,SOL,['DEN'],['SOL'],0,0,0,0,2024,0,0,0,0,0,100,Active,0,Denver,Land snail
419887,Seiya Anderson,DES,36,0,0,0,0,0,0,0,0,0,0,0,0,0,0,0,0,0,ACB,['DES'],['ACB'],0,0,0,0,2024,0,0,0,0,0,100,Active,0,Des Moines,Cattle
408013,Hunter Ginkel,TAL,30,0,0,0,0,0,0,0,0,0,0,0,0,0,0,0,0,0,ACB,['TAL'],['ACB'],0,0,0,0,2024,0,0,0,0,0,100,Active,0,Tallahassee,Mandrill
716097,Luis Lopez,ERI,33,0,0,0,0,0,0,0,0,0,0,0,0,0,0,0,0,0,ACB,['ERI'],['ACB'],0,0,0,0,2024,0,0,0,0,0,100,Active,0,Erie,Ox
990178,Nate Riley,DEN,30,0,0,0,0,0,0,0,0,0,0,0,0,0,0,0,0,0,SOL,['DEN'],['SOL'],0,0,0,0,2024,0,0,0,0,0,100,Active,0,Denver,Land snail
1018488,Evan Adames,THO,25,0,0,0,0,0,0,0,0,0,0,0,0,0,0,0,0,0,ACB,['THO'],['ACB'],0,0,0,0,2024,0,0,0,0,0,100,Active,0,Thousand Oaks,Sole
147032,Denyi Jackson,RIC,27,0,0,0,0,0,0,0,0,0,0,0,0,0,0,0,0,0,ACB,['RIC'],['ACB'],0,0,0,0,2024,0,0,0,0,0,100,Active,0,Richmond County,Llama
313873,Davis Stanek,PAS,27,0,0,0,0,0,0,0,0,0,0,0,0,0,0,0,0,0,SOL,['PAS'],['SOL'],0,0,0,0,2024,0,0,0,0,0,100,Active,0,Pasadena,Octopus
1016936,Nick Kremer,DES,30,0,0,0,0,0,0,0,0,0,0,0,0,0,0,0,0,0,ACB,['DES'],['ACB'],0,0,0,0,2024,0,0,0,0,0,100,Active,0,Des Moines,Cattle
185355,Matt Canning,TAL,34,0,0,0,0,0,0,0,0,0,0,0,0,0,0,0,0,0,ACB,['TAL'],['ACB'],0,0,0,0,2024,0,0,0,0,0,100,Active,0,Tallahassee,Mandrill
196310,Hanser Miller,GIL,31,0,0,0,0,0,0,0,0,0,0,0,0,0,0,0,0,0,SOL,['GIL'],['SOL'],0,0,0,0,2024,0,0,0,0,0,100,Active,0,Gilbert,Star-nosed mole
858900,Jesus Garcia,NEI,37,0,0,0,0,0,0,0,0,0,0,0,0,0,0,0,0,0,ACB,['NEI'],['ACB'],0,0,0,0,2024,0,0,0,0,0,100,Active,0,Neilsville,Bat
1030613,Zach Rosario,PAS,30,0,0,0,0,0,0,0,0,0,0,0,0,0,0,0,0,0,SOL,['PAS'],['SOL'],0,0,0,0,2024,0,0,0,0,0,100,Active,0,Pasadena,Octopus
40047,Darin Santander,LEW,28,0,0,0,0,0,0,0,0,0,0,0,0,0,0,0,0,0,SOL,['LEW'],['SOL'],0,0,0,0,2024,0,0,0,0,0,100,Active,0,Lewisville,Bird
379623,Keegan Weiss,GRE,28,0,0,0,0,0,0,0,0,0,0,0,0,0,0,0,0,0,ACB,['GRE'],['ACB'],0,0,0,0,2024,0,0,0,0,0,100,Active,0,Greenville,Hamster
29086,Jackson VerHagen,NEW,31,0,0,0,0,0,0,0,0,0,0,0,0,0,0,0,0,0,SOL,['NEW'],['SOL'],0,0,0,0,2024,0,0,0,0,0,100,Active,0,Newport News,Cape buffalo
708180,Mike Smith-Njigba,NEI,27,0,0,0,0,0,0,0,0,0,0,0,0,0,0,0,0,0,ACB,['NEI'],['ACB'],0,0,0,0,2024,0,0,0,0,0,100,Active,0,Neilsville,Bat
427808,Andrew Larnach,THO,24,0,0,0,0,0,0,0,0,0,0,0,0,0,0,0,0,0,ACB,['THO'],['ACB'],0,0,0,0,2024,0,0,0,0,0,100,Active,0,Thousand Oaks,Sole
351576,Zach Trammell,RIC,30,0,0,0,0,0,0,0,0,0,0,0,0,0,0,0,0,0,ACB,['RIC'],['ACB'],0,0,0,0,2024,0,0,0,0,0,100,Active,0,Richmond County,Llama
688747,Enmanuel Perdomo,ROC,32,0,0,0,0,0,0,0,0,0,0,0,0,0,0,0,0,0,ACB,['ROC'],['ACB'],0,0,0,0,2024,0,0,0,0,0,100,Active,0,Rockford,Turtle
253445,Josh Gilbert,MCH,25,0,0,0,0,0,0,0,0,0,0,0,0,0,0,0,0,0,SOL,['MCH'],['SOL'],0,0,0,0,2024,0,0,0,0,0,100,Active,0,McHenry,Otter
885419,Michael Porter,JAC,28,0,0,0,0,0,0,0,0,0,0,0,0,0,0,0,0,0,ACB,['JAC'],['ACB'],0,0,0,0,2024,0,0,0,0,0,100,Active,0,Jacksonville,Barnacle
591988,Kyle Frias,RAC,28,0,0,0,0,0,0,0,0,0,0,0,0,0,0,0,0,0,SOL,['RAC'],['SOL'],0,0,0,0,2024,0,0,0,0,0,100,Active,0,Racine,Hedgehog
524000,Andrew Valdez,THO,32,0,0,0,0,0,0,0,0,0,0,0,0,0,0,0,0,0,ACB,['THO'],['ACB'],0,0,0,0,2024,0,0,0,0,0,100,Active,0,Thousand Oaks,Sole
715114,Brett Perdomo,SUN,36,0,0,0,0,0,0,0,0,0,0,0,0,0,0,0,0,0,ACB,['SUN'],['ACB'],0,0,0,0,2024,0,0,0,0,0,100,Active,0,Sunnyvale,Lamprey
280946,Jhony Rogers,LEW,38,0,0,0,0,0,0,0,0,0,0,0,0,0,0,0,0,0,SOL,['LEW'],['SOL'],0,0,0,0,2024,0,0,0,0,0,100,Active,0,Lewisville,Bird
528210,Seiya Kelly,HAV,27,0,0,0,0,0,0,0,0,0,0,0,0,0,0,0,0,0,ACB,['HAV'],['ACB'],0,0,0,0,2024,0,0,0,0,0,100,Active,0,Havre de Grace,Earthworm
464673,Yennier Wood,SUN,26,0,0,0,0,0,0,0,0,0,0,0,0,0,0,0,0,0,ACB,['SUN'],['ACB'],0,0,0,0,2024,0,0,0,0,0,100,Active,0,Sunnyvale,Lamprey
678542,Peter Otto,NEW,26,0,0,0,0,0,0,0,0,0,0,0,0,0,0,0,0,0,SOL,['NEW'],['SOL'],0,0,0,0,2024,0,0,0,0,0,100,Active,0,Newport News,Cape buffalo
626700,Nick Lowe,DES,23,0,0,0,0,0,0,0,0,0,0,0,0,0,0,0,0,0,ACB,['DES'],['ACB'],0,0,0,0,2024,0,0,0,0,0,100,Active,0,Des Moines,Cattle
1008236,Reid Vargas,HAV,23,0,0,0,0,0,0,0,0,0,0,0,0,0,0,0,0,0,ACB,['HAV'],['ACB'],0,0,0,0,2024,0,0,0,0,0,100,Active,0,Havre de Grace,Earthworm
842110,Hector Guillorme,ESC,24,0,0,0,0,0,0,0,0,0,0,0,0,0,0,0,0,0,ACB,['ESC'],['ACB'],0,0,0,0,2024,0,0,0,0,0,100,Active,0,Escondido,Python
50507,Devin Stowers,RAC,29,0,0,0,0,0,0,0,0,0,0,0,0,0,0,0,0,0,SOL,['RAC'],['SOL'],0,0,0,0,2024,0,0,0,0,0,100,Active,0,Racine,Hedgehog
202933,A.J. Witt,ESC,30,0,0,0,0,0,0,0,0,0,0,0,0,0,0,0,0,0,ACB,['ESC'],['ACB'],0,0,0,0,2024,0,0,0,0,0,100,Active,0,Escondido,Python
694649,Luis Rivera,JAC,29,0,0,0,0,0,0,0,0,0,0,0,0,0,0,0,0,0,ACB,['JAC'],['ACB'],0,0,0,0,2024,0,0,0,0,0,100,Active,0,Jacksonville,Barnacle
957587,Jorge Martinez,ESC,31,0,0,0,0,0,0,0,0,0,0,0,0,0,0,0,0,0,ACB,['ESC'],['ACB'],0,0,0,0,2024,0,0,0,0,0,100,Active,0,Escondido,Python
524981,Nelson Baty,LEW,30,0,0,0,0,0,0,0,0,0,0,0,0,0,0,0,0,0,SOL,['LEW'],['SOL'],0,0,0,0,2024,0,0,0,0,0,100,Active,0,Lewisville,Bird
207274,Corey Kremer,ROC,29,0,0,0,0,0,0,0,0,0,0,0,0,0,0,0,0,0,ACB,['ROC'],['ACB'],0,0,0,0,2024,0,0,0,0,0,100,Active,0,Rockford,Turtle
691152,Eduard Cronenworth,DES,30,0,0,0,0,0,0,0,0,0,0,0,0,0,0,0,0,0,ACB,['DES'],['ACB'],0,0,0,0,2024,0,0,0,0,0,100,Active,0,Des Moines,Cattle
725571,Ryan Kelley,BIR,25,0,0,0,0,0,0,0,0,0,0,0,0,0,0,0,0,0,SOL,['BIR'],['SOL'],0,0,0,0,2024,0,0,0,0,0,100,Active,0,Birmingham,Hermit crab
453310,Colton Velazquez,THO,37,0,0,0,0,0,0,0,0,0,0,0,0,0,0,0,0,0,ACB,['THO'],['ACB'],0,0,0,0,2024,0,0,0,0,0,100,Active,0,Thousand Oaks,Sole
53945,Jake Wells,VIS,27,0,0,0,0,0,0,0,0,0,0,0,0,0,0,0,0,0,ACB,['VIS'],['ACB'],0,0,0,0,2024,0,0,0,0,0,100,Active,0,Visalia,Tahr
53322,Rafael Freeland,GRE,31,0,0,0,0,0,0,0,0,0,0,0,0,0,0,0,0,0,ACB,['GRE'],['ACB'],0,0,0,0,2024,0,0,0,0,0,100,Active,0,Greenville,Hamster
819404,Juan Stallings,LEW,27,0,0,0,0,0,0,0,0,0,0,0,0,0,0,0,0,0,SOL,['LEW'],['SOL'],0,0,0,0,2024,0,0,0,0,0,100,Active,0,Lewisville,Bird
331110,Josh Cousins,TAL,33,0,0,0,0,0,0,0,0,0,0,0,0,0,0,0,0,0,ACB,['TAL'],['ACB'],0,0,0,0,2024,0,0,0,0,0,100,Active,0,Tallahassee,Mandrill
578139,Kris Barraclough,SUN,27,0,0,0,0,0,0,0,0,0,0,0,0,0,0,0,0,0,ACB,['SUN'],['ACB'],0,0,0,0,2024,0,0,0,0,0,100,Active,0,Sunnyvale,Lamprey
183840,Ronny Keller,LEW,29,0,0,0,0,0,0,0,0,0,0,0,0,0,0,0,0,0,SOL,['LEW'],['SOL'],0,0,0,0,2024,0,0,0,0,0,100,Active,0,Lewisville,Bird
227313,MJ Murphy,RIC,27,0,0,0,0,0,0,0,0,0,0,0,0,0,0,0,0,0,ACB,['RIC'],['ACB'],0,0,0,0,2024,0,0,0,0,0,100,Active,0,Richmond County,Llama
930312,Wilmer Lopez,ROC,34,0,0,0,0,0,0,0,0,0,0,0,0,0,0,0,0,0,ACB,['ROC'],['ACB'],0,0,0,0,2024,0,0,0,0,0,100,Active,0,Rockford,Turtle
539270,Andrew Scholtens,GIL,32,0,0,0,0,0,0,0,0,0,0,0,0,0,0,0,0,0,SOL,['GIL'],['SOL'],0,0,0,0,2024,0,0,0,0,0,100,Active,0,Gilbert,Star-nosed mole
428500,Tommy Chisholm,LEW,28,0,0,0,0,0,0,0,0,0,0,0,0,0,0,0,0,0,SOL,['LEW'],['SOL'],0,0,0,0,2024,0,0,0,0,0,100,Active,0,Lewisville,Bird
1009824,Braxton Kelly,JAC,28,0,0,0,0,0,0,0,0,0,0,0,0,0,0,0,0,0,ACB,['JAC'],['ACB'],0,0,0,0,2024,0,0,0,0,0,100,Active,0,Jacksonville,Barnacle
881103,Tyler Tepera,ERI,30,0,0,0,0,0,0,0,0,0,0,0,0,0,0,0,0,0,ACB,['ERI'],['ACB'],0,0,0,0,2024,0,0,0,0,0,100,Active,0,Erie,Ox
875956,Alex Stubbs,NAS,25,0,0,0,0,0,0,0,0,0,0,0,0,0,0,0,0,0,ACB,['NAS'],['ACB'],0,0,0,0,2024,0,0,0,0,0,100,Active,0,Nashville,Shark
38605,Dinelson Bard,NEI,29,0,0,0,0,0,0,0,0,0,0,0,0,0,0,0,0,0,ACB,['NEI'],['ACB'],0,0,0,0,2024,0,0,0,0,0,100,Active,0,Neilsville,Bat
791314,Charlie Reyes,ESC,32,0,0,0,0,0,0,0,0,0,0,0,0,0,0,0,0,0,ACB,['ESC'],['ACB'],0,0,0,0,2024,0,0,0,0,0,100,Active,0,Escondido,Python
893578,Nick Kowar,FAY,28,0,0,0,0,0,0,0,0,0,0,0,0,0,0,0,0,0,SOL,['FAY'],['SOL'],0,0,0,0,2024,0,0,0,0,0,100,Active,0,Fayetteville,Viper
496030,Chasen Stratton,ERI,31,0,0,0,0,0,0,0,0,0,0,0,0,0,0,0,0,0,ACB,['ERI'],['ACB'],0,0,0,0,2024,0,0,0,0,0,100,Active,0,Erie,Ox
550250,Willie Legumina,TAL,36,0,0,0,0,0,0,0,0,0,0,0,0,0,0,0,0,0,ACB,['TAL'],['ACB'],0,0,0,0,2024,0,0,0,0,0,100,Active,0,Tallahassee,Mandrill
35927,Jeurys Topa,TAL,26,0,0,0,0,0,0,0,0,0,0,0,0,0,0,0,0,0,ACB,['TAL'],['ACB'],0,0,0,0,2024,0,0,0,0,0,100,Active,0,Tallahassee,Mandrill
368473,Andruw Yelich,NEI,29,0,0,0,0,0,0,0,0,0,0,0,0,0,0,0,0,0,ACB,['NEI'],['ACB'],0,0,0,0,2024,0,0,0,0,0,100,Active,0,Neilsville,Bat
861239,Jorge Campusano,TAL,24,0,0,0,0,0,0,0,0,0,0,0,0,0,0,0,0,0,ACB,['TAL'],['ACB'],0,0,0,0,2024,0,0,0,0,0,100,Active,0,Tallahassee,Mandrill
414108,Stephen Richardson,GIL,35,0,0,0,0,0,0,0,0,0,0,0,0,0,0,0,0,0,SOL,['GIL'],['SOL'],0,0,0,0,2024,0,0,0,0,0,100,Active,0,Gilbert,Star-nosed mole
671484,Adrian Perez,SUN,33,0,0,0,0,0,0,0,0,0,0,0,0,0,0,0,0,0,ACB,['SUN'],['ACB'],0,0,0,0,2024,0,0,0,0,0,100,Active,0,Sunnyvale,Lamprey
122967,Mike Ramirez,RIC,28,0,0,0,0,0,0,0,0,0,0,0,0,0,0,0,0,0,ACB,['RIC'],['ACB'],0,0,0,0,2024,0,0,0,0,0,100,Active,0,Richmond County,Llama
787641,Jhony Hernandez,NEI,29,0,0,0,0,0,0,0,0,0,0,0,0,0,0,0,0,0,ACB,['NEI'],['ACB'],0,0,0,0,2024,0,0,0,0,0,100,Active,0,Neilsville,Bat
463200,Brennan Staumont,ROC,32,0,0,0,0,0,0,0,0,0,0,0,0,0,0,0,0,0,ACB,['ROC'],['ACB'],0,0,0,0,2024,0,0,0,0,0,100,Active,0,Rockford,Turtle
618545,Elvis Cabrera,SAN,27,0,0,0,0,0,0,0,0,0,0,0,0,0,0,0,0,0,SOL,['SAN'],['SOL'],0,0,0,0,2024,0,0,0,0,0,100,Active,0,Santa Rosa,Panthera hybrid
336343,Aaron deGrom,NEW,29,0,0,0,0,0,0,0,0,0,0,0,0,0,0,0,0,0,SOL,['NEW'],['SOL'],0,0,0,0,2024,0,0,0,0,0,100,Active,0,Newport News,Cape buffalo
129407,Osvaldo Bumgarner,RAC,29,0,0,0,0,0,0,0,0,0,0,0,0,0,0,0,0,0,SOL,['RAC'],['SOL'],0,0,0,0,2024,0,0,0,0,0,100,Active,0,Racine,Hedgehog
747767,Josh Fairchild,NEW,34,0,0,0,0,0,0,0,0,0,0,0,0,0,0,0,0,0,SOL,['NEW'],['SOL'],0,0,0,0,2024,0,0,0,0,0,100,Active,0,Newport News,Cape buffalo
883148,Stephen Abreu,ROC,29,0,0,0,0,0,0,0,0,0,0,0,0,0,0,0,0,0,ACB,['ROC'],['ACB'],0,0,0,0,2024,0,0,0,0,0,100,Active,0,Rockford,Turtle
912776,Juan Cooper,STE,30,0,0,0,0,0,0,0,0,0,0,0,0,0,0,0,0,0,SOL,['STE'],['SOL'],0,0,0,0,2024,0,0,0,0,0,100,Active,0,Sterling Heights,Bovid
374696,Luken Nola,LEW,29,0,0,0,0,0,0,0,0,0,0,0,0,0,0,0,0,0,SOL,['LEW'],['SOL'],0,0,0,0,2024,0,0,0,0,0,100,Active,0,Lewisville,Bird
404121,Vinnie Alexander,VIS,31,0,0,0,0,0,0,0,0,0,0,0,0,0,0,0,0,0,ACB,['VIS'],['ACB'],0,0,0,0,2024,0,0,0,0,0,100,Active,0,Visalia,Tahr
766393,Johnny Garrett,VIS,29,0,0,0,0,0,0,0,0,0,0,0,0,0,0,0,0,0,ACB,['VIS'],['ACB'],0,0,0,0,2024,0,0,0,0,0,100,Active,0,Visalia,Tahr
193655,David Burnes,BOI,36,0,0,0,0,0,0,0,0,0,0,0,0,0,0,0,0,0,SOL,['BOI'],['SOL'],0,0,0,0,2024,0,0,0,0,0,100,Active,0,Boise City,Swordtail
206563,Daulton Estevez,HAV,29,0,0,0,0,0,0,0,0,0,0,0,0,0,0,0,0,0,ACB,['HAV'],['ACB'],0,0,0,0,2024,0,0,0,0,0,100,Active,0,Havre de Grace,Earthworm
269328,Alexis Freeman,RAC,29,0,0,0,0,0,0,0,0,0,0,0,0,0,0,0,0,0,SOL,['RAC'],['SOL'],0,0,0,0,2024,0,0,0,0,0,100,Active,0,Racine,Hedgehog
586459,Alex Witt,ROC,32,0,0,0,0,0,0,0,0,0,0,0,0,0,0,0,0,0,ACB,['ROC'],['ACB'],0,0,0,0,2024,0,0,0,0,0,100,Active,0,Rockford,Turtle
72857,Erasmo Saucedo,HAV,29,0,0,0,0,0,0,0,0,0,0,0,0,0,0,0,0,0,ACB,['HAV'],['ACB'],0,0,0,0,2024,0,0,0,0,0,100,Active,0,Havre de Grace,Earthworm
203074,Rafael Verdugo,DEN,30,0,0,0,0,0,0,0,0,0,0,0,0,0,0,0,0,0,SOL,['DEN'],['SOL'],0,0,0,0,2024,0,0,0,0,0,100,Active,0,Denver,Land snail
81856,Andres Rocchio,GIL,28,0,0,0,0,0,0,0,0,0,0,0,0,0,0,0,0,0,SOL,['GIL'],['SOL'],0,0,0,0,2024,0,0,0,0,0,100,Active,0,Gilbert,Star-nosed mole
949630,Jesse Perez,GRE,29,0,0,0,0,0,0,0,0,0,0,0,0,0,0,0,0,0,ACB,['GRE'],['ACB'],0,0,0,0,2024,0,0,0,0,0,100,Active,0,Greenville,Hamster
