Hashcode,Player,Team,Pos,Age,G,AB,R,H,2B,3B,HR,RBI,SB,CS,BB,SO,SH,SF,HBP,AVG,OBP,SLG,OPS,salary,League,Teams,Leagues,Season,Total_OB,Total_Outs,Game_Fatigue_Factor,Condition,Status,Injured Days
508835,Marcus Semien,TEX,2B,34,0,0,0,0,0,0,0,0,0,0,0,0,0,0,0,0,0,0,0,26000000.0,AL,['TEX'],['AL'],2024,0,0,0,100,Active,0
268861,Julio Rodriguez,SEA,OF,23,0,0,0,0,0,0,0,0,0,0,0,0,0,0,0,0,0,0,0,0.0,AL,['SEA'],['AL'],2024,0,0,0,100,Active,0
604527,Ronald Acuna,ATL,OF,26,0,0,0,0,0,0,0,0,0,0,0,0,0,0,0,0,0,0,0,0.0,NL,['ATL'],['NL'],2024,0,0,0,100,Active,0
913881,Bobby Witt,KC,SS,24,0,0,0,0,0,0,0,0,0,0,0,0,0,0,0,0,0,0,0,0.0,AL,['KC'],['AL'],2024,0,0,0,100,Active,0
864684,Trea Turner,PHI,SS,31,0,0,0,0,0,0,0,0,0,0,0,0,0,0,0,0,0,0,0,27272727.0,NL,['PHI'],['NL'],2024,0,0,0,100,Active,0
77541,Steven Kwan,CLE,OF,27,0,0,0,0,0,0,0,0,0,0,0,0,0,0,0,0,0,0,0,727300.0,AL,['CLE'],['AL'],2024,0,0,0,100,Active,0
898369,Freddie Freeman,LAD,1B,35,0,0,0,0,0,0,0,0,0,0,0,0,0,0,0,0,0,0,0,27000000.0,AL,['LAD'],['AL'],2024,0,0,0,100,Active,0
698420,Austin Riley,ATL,3B,27,0,0,0,0,0,0,0,0,0,0,0,0,0,0,0,0,0,0,0,15000000.0,NL,['ATL'],['NL'],2024,0,0,0,100,Active,0
829179,Lane Thomas,WSH,OF,29,0,0,0,0,0,0,0,0,0,0,0,0,0,0,0,0,0,0,0,2200000.0,NL,['WSH'],['NL'],2024,0,0,0,100,Active,0
29291,Nick Castellanos,PHI,OF,32,0,0,0,0,0,0,0,0,0,0,0,0,0,0,0,0,0,0,0,20000000.0,NL,['PHI'],['NL'],2024,0,0,0,100,Active,0
453643,Teoscar Hernandez,SEA,OF,31,0,0,0,0,0,0,0,0,0,0,0,0,0,0,0,0,0,0,0,0.0,AL,['SEA'],['AL'],2024,0,0,0,100,Active,0
631822,Nathaniel Lowe,TEX,1B,29,0,0,0,0,0,0,0,0,0,0,0,0,0,0,0,0,0,0,0,4050000.0,AL,['TEX'],['AL'],2024,0,0,0,100,Active,0
972320,Alex Bregman,HOU,3B,30,0,0,0,0,0,0,0,0,0,0,0,0,0,0,0,0,0,0,0,30500000.0,AL,['HOU'],['AL'],2024,0,0,0,100,Active,0
840432,Nico Hoerner,CHC,SS,27,0,0,0,0,0,0,0,0,0,0,0,0,0,0,0,0,0,0,0,2525000.0,NL,['CHC'],['NL'],2024,0,0,0,100,Active,0
842624,George Springer,TOR,OF,35,0,0,0,0,0,0,0,0,0,0,0,0,0,0,0,0,0,0,0,24166667.0,AL,['TOR'],['AL'],2024,0,0,0,100,Active,0
621771,Jose Ramirez,CLE,3B,32,0,0,0,0,0,0,0,0,0,0,0,0,0,0,0,0,0,0,0,0.0,AL,['CLE'],['AL'],2024,0,0,0,100,Active,0
296864,Joey Meneses,WSH,1B,32,0,0,0,0,0,0,0,0,0,0,0,0,0,0,0,0,0,0,0,723300.0,NL,['WSH'],['NL'],2024,0,0,0,100,Active,0
777344,Matt Olson,ATL,1B,30,0,0,0,0,0,0,0,0,0,0,0,0,0,0,0,0,0,0,0,21000000.0,NL,['ATL'],['NL'],2024,0,0,0,100,Active,0
883053,Spencer Torkelson,DET,1B,25,0,0,0,0,0,0,0,0,0,0,0,0,0,0,0,0,0,0,0,723100.0,AL,['DET'],['AL'],2024,0,0,0,100,Active,0
974670,Francisco Lindor,NYM,SS,30,0,0,0,0,0,0,0,0,0,0,0,0,0,0,0,0,0,0,0,34100000.0,NL,['NYM'],['NL'],2024,0,0,0,100,Active,0
441426,Vladimir Guerrero,TOR,1B,25,0,0,0,0,0,0,0,0,0,0,0,0,0,0,0,0,0,0,0,0.0,AL,['TOR'],['AL'],2024,0,0,0,100,Active,0
708706,Eugenio Suarez,SEA,3B,33,0,0,0,0,0,0,0,0,0,0,0,0,0,0,0,0,0,0,0,0.0,AL,['SEA'],['AL'],2024,0,0,0,100,Active,0
848361,Xander Bogaerts,SD,SS,32,0,0,0,0,0,0,0,0,0,0,0,0,0,0,0,0,0,0,0,25454545.0,NL,['SD'],['NL'],2024,0,0,0,100,Active,0
758502,Ozzie Albies,ATL,2B,27,0,0,0,0,0,0,0,0,0,0,0,0,0,0,0,0,0,0,0,7000000.0,NL,['ATL'],['NL'],2024,0,0,0,100,Active,0
991968,Gleyber Torres,NYY,2B,27,0,0,0,0,0,0,0,0,0,0,0,0,0,0,0,0,0,0,0,9950000.0,AL,['NYY'],['AL'],2024,0,0,0,100,Active,0
410759,Paul Goldschmidt,STL,1B,37,0,0,0,0,0,0,0,0,0,0,0,0,0,0,0,0,0,0,0,26000000.0,NL,['STL'],['NL'],2024,0,0,0,100,Active,0
956850,Brandon Nimmo,NYM,OF,31,0,0,0,0,0,0,0,0,0,0,0,0,0,0,0,0,0,0,0,18500000.0,NL,['NYM'],['NL'],2024,0,0,0,100,Active,0
528436,Anthony Santander,BAL,OF,29,0,0,0,0,0,0,0,0,0,0,0,0,0,0,0,0,0,0,0,7400000.0,AL,['BAL'],['AL'],2024,0,0,0,100,Active,0
461082,Adley Rutschman,BAL,C,26,0,0,0,0,0,0,0,0,0,0,0,0,0,0,0,0,0,0,0,733900.0,AL,['BAL'],['AL'],2024,0,0,0,100,Active,0
840637,Ty France,SEA,1B,30,0,0,0,0,0,0,0,0,0,0,0,0,0,0,0,0,0,0,0,4100000.0,AL,['SEA'],['AL'],2024,0,0,0,100,Active,0
925981,Bryson Stott,PHI,SS,27,0,0,0,0,0,0,0,0,0,0,0,0,0,0,0,0,0,0,0,734500.0,NL,['PHI'],['NL'],2024,0,0,0,100,Active,0
16828,Jeff McNeil,NYM,2B,32,0,0,0,0,0,0,0,0,0,0,0,0,0,0,0,0,0,0,0,6250000.0,NL,['NYM'],['NL'],2024,0,0,0,100,Active,0
516184,Kyle Schwarber,PHI,OF,31,0,0,0,0,0,0,0,0,0,0,0,0,0,0,0,0,0,0,0,20000000.0,NL,['PHI'],['NL'],2024,0,0,0,100,Active,0
839511,Mookie Betts,LAD,OF,32,0,0,0,0,0,0,0,0,0,0,0,0,0,0,0,0,0,0,0,25416667.0,AL,['LAD'],['AL'],2024,0,0,0,100,Active,0
238037,Christian Walker,ARI,1B,33,0,0,0,0,0,0,0,0,0,0,0,0,0,0,0,0,0,0,0,6500000.0,AL,['ARI'],['AL'],2024,0,0,0,100,Active,0
708093,Spencer Steer,CIN,3B,26,0,0,0,0,0,0,0,0,0,0,0,0,0,0,0,0,0,0,0,720000.0,NL,['CIN'],['NL'],2024,0,0,0,100,Active,0
193121,Ezequiel Tovar,COL,SS,23,0,0,0,0,0,0,0,0,0,0,0,0,0,0,0,0,0,0,0,722000.0,NL,['COL'],['NL'],2024,0,0,0,100,Active,0
437742,Rafael Devers,BOS,3B,27,0,0,0,0,0,0,0,0,0,0,0,0,0,0,0,0,0,0,0,17500000.0,AL,['BOS'],['AL'],2024,0,0,0,100,Active,0
423532,Ian Happ,CHC,OF,30,0,0,0,0,0,0,0,0,0,0,0,0,0,0,0,0,0,0,0,10850000.0,NL,['CHC'],['NL'],2024,0,0,0,100,Active,0
114469,Bryan De La Cruz,MIA,OF,27,0,0,0,0,0,0,0,0,0,0,0,0,0,0,0,0,0,0,0,736000.0,NL,['MIA'],['NL'],2024,0,0,0,100,Active,0
345745,Jeremy Pena,HOU,SS,27,0,0,0,0,0,0,0,0,0,0,0,0,0,0,0,0,0,0,0,0.0,AL,['HOU'],['AL'],2024,0,0,0,100,Active,0
905645,Fernando Tatis,SD,OF,25,0,0,0,0,0,0,0,0,0,0,0,0,0,0,0,0,0,0,0,0.0,NL,['SD'],['NL'],2024,0,0,0,100,Active,0
14113,Luis Arraez,MIA,2B,27,0,0,0,0,0,0,0,0,0,0,0,0,0,0,0,0,0,0,0,6100000.0,NL,['MIA'],['NL'],2024,0,0,0,100,Active,0
162428,Bryan Reynolds,PIT,OF,29,0,0,0,0,0,0,0,0,0,0,0,0,0,0,0,0,0,0,0,7000000.0,NL,['PIT'],['NL'],2024,0,0,0,100,Active,0
520018,Kyle Tucker,HOU,OF,27,0,0,0,0,0,0,0,0,0,0,0,0,0,0,0,0,0,0,0,5000000.0,AL,['HOU'],['AL'],2024,0,0,0,100,Active,0
1024151,Bo Bichette,TOR,SS,26,0,0,0,0,0,0,0,0,0,0,0,0,0,0,0,0,0,0,0,3933333.0,AL,['TOR'],['AL'],2024,0,0,0,100,Active,0
602253,Ketel Marte,ARI,2B,30,0,0,0,0,0,0,0,0,0,0,0,0,0,0,0,0,0,0,0,11600000.0,AL,['ARI'],['AL'],2024,0,0,0,100,Active,0
547988,Juan Soto,SD,OF,25,0,0,0,0,0,0,0,0,0,0,0,0,0,0,0,0,0,0,0,23000000.0,NL,['SD'],['NL'],2024,0,0,0,100,Active,0
468159,Pete Alonso,NYM,1B,29,0,0,0,0,0,0,0,0,0,0,0,0,0,0,0,0,0,0,0,14500000.0,NL,['NYM'],['NL'],2024,0,0,0,100,Active,0
144411,Andrew Vaughn,CWS,1B,26,0,0,0,0,0,0,0,0,0,0,0,0,0,0,0,0,0,0,0,760000.0,AL,['CWS'],['AL'],2024,0,0,0,100,Active,0
808661,Corbin Carroll,ARI,OF,24,0,0,0,0,0,0,0,0,0,0,0,0,0,0,0,0,0,0,0,1625000.0,AL,['ARI'],['AL'],2024,0,0,0,100,Active,0
957163,Dansby Swanson,CHC,SS,30,0,0,0,0,0,0,0,0,0,0,0,0,0,0,0,0,0,0,0,14000000.0,NL,['CHC'],['NL'],2024,0,0,0,100,Active,0
442957,CJ Abrams,WSH,SS,24,0,0,0,0,0,0,0,0,0,0,0,0,0,0,0,0,0,0,0,724200.0,NL,['WSH'],['NL'],2024,0,0,0,100,Active,0
875323,Andrew Benintendi,CWS,OF,30,0,0,0,0,0,0,0,0,0,0,0,0,0,0,0,0,0,0,0,8600000.0,AL,['CWS'],['AL'],2024,0,0,0,100,Active,0
228180,Nolan Arenado,STL,3B,33,0,0,0,0,0,0,0,0,0,0,0,0,0,0,0,0,0,0,0,35000000.0,NL,['STL'],['NL'],2024,0,0,0,100,Active,0
985921,Gunnar Henderson,BAL,3B,23,0,0,0,0,0,0,0,0,0,0,0,0,0,0,0,0,0,0,0,723200.0,AL,['BAL'],['AL'],2024,0,0,0,100,Active,0
870242,Alec Bohm,PHI,3B,28,0,0,0,0,0,0,0,0,0,0,0,0,0,0,0,0,0,0,0,748000.0,NL,['PHI'],['NL'],2024,0,0,0,100,Active,0
206318,Justin Turner,BOS,3B,39,0,0,0,0,0,0,0,0,0,0,0,0,0,0,0,0,0,0,0,8300000.0,AL,['BOS'],['AL'],2024,0,0,0,100,Active,0
398452,Andres Gimenez,CLE,2B,26,0,0,0,0,0,0,0,0,0,0,0,0,0,0,0,0,0,0,0,0.0,AL,['CLE'],['AL'],2024,0,0,0,100,Active,0
196904,Ryan McMahon,COL,3B,29,0,0,0,0,0,0,0,0,0,0,0,0,0,0,0,0,0,0,0,9000000.0,NL,['COL'],['NL'],2024,0,0,0,100,Active,0
1002966,Adolis Garcia,TEX,OF,31,0,0,0,0,0,0,0,0,0,0,0,0,0,0,0,0,0,0,0,0.0,AL,['TEX'],['AL'],2024,0,0,0,100,Active,0
520723,Willy Adames,MIL,SS,29,0,0,0,0,0,0,0,0,0,0,0,0,0,0,0,0,0,0,0,8700000.0,NL,['MIL'],['NL'],2024,0,0,0,100,Active,0
975297,Randy Arozarena,TB,OF,29,0,0,0,0,0,0,0,0,0,0,0,0,0,0,0,0,0,0,0,4150000.0,AL,['TB'],['AL'],2024,0,0,0,100,Active,0
70294,Lourdes Gurriel,ARI,OF,30,0,0,0,0,0,0,0,0,0,0,0,0,0,0,0,0,0,0,0,0.0,AL,['ARI'],['AL'],2024,0,0,0,100,Active,0
647549,Christian Yelich,MIL,OF,32,0,0,0,0,0,0,0,0,0,0,0,0,0,0,0,0,0,0,0,26000000.0,NL,['MIL'],['NL'],2024,0,0,0,100,Active,0
736182,Whit Merrifield,TOR,2B,35,0,0,0,0,0,0,0,0,0,0,0,0,0,0,0,0,0,0,0,6750000.0,AL,['TOR'],['AL'],2024,0,0,0,100,Active,0
278294,Luis Robert,CWS,OF,27,0,0,0,0,0,0,0,0,0,0,0,0,0,0,0,0,0,0,0,0.0,AL,['CWS'],['AL'],2024,0,0,0,100,Active,0
194705,Alex Verdugo,BOS,OF,28,0,0,0,0,0,0,0,0,0,0,0,0,0,0,0,0,0,0,0,6300000.0,AL,['BOS'],['AL'],2024,0,0,0,100,Active,0
992131,Manny Machado,SD,3B,32,0,0,0,0,0,0,0,0,0,0,0,0,0,0,0,0,0,0,0,17090909.0,NL,['SD'],['NL'],2024,0,0,0,100,Active,0
493280,Anthony Volpe,NYY,SS,23,0,0,0,0,0,0,0,0,0,0,0,0,0,0,0,0,0,0,0,720000.0,AL,['NYY'],['AL'],2024,0,0,0,100,Active,0
239398,William Contreras,MIL,C,26,0,0,0,0,0,0,0,0,0,0,0,0,0,0,0,0,0,0,0,739000.0,NL,['MIL'],['NL'],2024,0,0,0,100,Active,0
1781,Jose Abreu,HOU,1B,37,0,0,0,0,0,0,0,0,0,0,0,0,0,0,0,0,0,0,0,0.0,AL,['HOU'],['AL'],2024,0,0,0,100,Active,0
8769,Salvador Perez,KC,C,34,0,0,0,0,0,0,0,0,0,0,0,0,0,0,0,0,0,0,0,20000000.0,AL,['KC'],['AL'],2024,0,0,0,100,Active,0
1043477,Ha-Seong Kim,SD,SS,28,0,0,0,0,0,0,0,0,0,0,0,0,0,0,0,0,0,0,0,7000000.0,NL,['SD'],['NL'],2024,0,0,0,100,Active,0
308960,Masataka Yoshida,BOS,OF,31,0,0,0,0,0,0,0,0,0,0,0,0,0,0,0,0,0,0,0,15600000.0,AL,['BOS'],['AL'],2024,0,0,0,100,Active,0
888518,J.P. Crawford,SEA,SS,29,0,0,0,0,0,0,0,0,0,0,0,0,0,0,0,0,0,0,0,11000000.0,AL,['SEA'],['AL'],2024,0,0,0,100,Active,0
28464,MJ Melendez,KC,C,25,0,0,0,0,0,0,0,0,0,0,0,0,0,0,0,0,0,0,0,726500.0,AL,['KC'],['AL'],2024,0,0,0,100,Active,0
53158,Marcell Ozuna,ATL,OF,33,0,0,0,0,0,0,0,0,0,0,0,0,0,0,0,0,0,0,0,18000000.0,NL,['ATL'],['NL'],2024,0,0,0,100,Active,0
257744,Dominic Smith,WSH,1B,29,0,0,0,0,0,0,0,0,0,0,0,0,0,0,0,0,0,0,0,2000000.0,NL,['WSH'],['NL'],2024,0,0,0,100,Active,0
308845,Daulton Varsho,TOR,C,28,0,0,0,0,0,0,0,0,0,0,0,0,0,0,0,0,0,0,0,3050000.0,AL,['TOR'],['AL'],2024,0,0,0,100,Active,0
399490,Yandy Diaz,TB,3B,33,0,0,0,0,0,0,0,0,0,0,0,0,0,0,0,0,0,0,0,0.0,AL,['TB'],['AL'],2024,0,0,0,100,Active,0
672372,Keibert Ruiz,WSH,C,26,0,0,0,0,0,0,0,0,0,0,0,0,0,0,0,0,0,0,0,1375000.0,NL,['WSH'],['NL'],2024,0,0,0,100,Active,0
466971,Austin Hays,BAL,OF,29,0,0,0,0,0,0,0,0,0,0,0,0,0,0,0,0,0,0,0,3200000.0,AL,['BAL'],['AL'],2024,0,0,0,100,Active,0
161256,Seiya Suzuki,CHC,OF,30,0,0,0,0,0,0,0,0,0,0,0,0,0,0,0,0,0,0,0,18000000.0,NL,['CHC'],['NL'],2024,0,0,0,100,Active,0
465027,Carlos Correa,MIN,SS,30,0,0,0,0,0,0,0,0,0,0,0,0,0,0,0,0,0,0,0,33333333.0,AL,['MIN'],['AL'],2024,0,0,0,100,Active,0
495522,Cal Raleigh,SEA,C,27,0,0,0,0,0,0,0,0,0,0,0,0,0,0,0,0,0,0,0,758300.0,AL,['SEA'],['AL'],2024,0,0,0,100,Active,0
305969,Leody Taveras,TEX,OF,26,0,0,0,0,0,0,0,0,0,0,0,0,0,0,0,0,0,0,0,733445.0,AL,['TEX'],['AL'],2024,0,0,0,100,Active,0
551211,Javier Baez,DET,SS,31,0,0,0,0,0,0,0,0,0,0,0,0,0,0,0,0,0,0,0,0.0,AL,['DET'],['AL'],2024,0,0,0,100,Active,0
561515,Matt Chapman,TOR,3B,31,0,0,0,0,0,0,0,0,0,0,0,0,0,0,0,0,0,0,0,12500000.0,AL,['TOR'],['AL'],2024,0,0,0,100,Active,0
537625,Michael Harris,ATL,OF,23,0,0,0,0,0,0,0,0,0,0,0,0,0,0,0,0,0,0,0,0.0,NL,['ATL'],['NL'],2024,0,0,0,100,Active,0
12261,Jorge Soler,MIA,OF,32,0,0,0,0,0,0,0,0,0,0,0,0,0,0,0,0,0,0,0,15000000.0,NL,['MIA'],['NL'],2024,0,0,0,100,Active,0
1022524,Cody Bellinger,CHC,OF,29,0,0,0,0,0,0,0,0,0,0,0,0,0,0,0,0,0,0,0,12500000.0,NL,['CHC'],['NL'],2024,0,0,0,100,Active,0
859480,Shohei Ohtani,LAA,DH,30,0,0,0,0,0,0,0,0,0,0,0,0,0,0,0,0,0,0,0,30000000.0,AL,['LAA'],['AL'],2024,0,0,0,100,Active,0
374055,DJ LeMahieu,NYY,3B,36,0,0,0,0,0,0,0,0,0,0,0,0,0,0,0,0,0,0,0,15000000.0,AL,['NYY'],['AL'],2024,0,0,0,100,Active,0
860547,Thairo Estrada,SF,2B,28,0,0,0,0,0,0,0,0,0,0,0,0,0,0,0,0,0,0,0,2250000.0,NL,['SF'],['NL'],2024,0,0,0,100,Active,0
148351,Ke'Bryan Hayes,PIT,3B,27,0,0,0,0,0,0,0,0,0,0,0,0,0,0,0,0,0,0,0,10000000.0,NL,['PIT'],['NL'],2024,0,0,0,100,Active,0
596465,Tim Anderson,CWS,SS,31,0,0,0,0,0,0,0,0,0,0,0,0,0,0,0,0,0,0,0,12500000.0,AL,['CWS'],['AL'],2024,0,0,0,100,Active,0
611858,Isaac Paredes,TB,3B,25,0,0,0,0,0,0,0,0,0,0,0,0,0,0,0,0,0,0,0,735000.0,AL,['TB'],['AL'],2024,0,0,0,100,Active,0
254799,J.T. Realmuto,PHI,C,33,0,0,0,0,0,0,0,0,0,0,0,0,0,0,0,0,0,0,0,23875000.0,NL,['PHI'],['NL'],2024,0,0,0,100,Active,0
898500,Orlando Arcia,ATL,2B,30,0,0,0,0,0,0,0,0,0,0,0,0,0,0,0,0,0,0,0,2300000.0,NL,['ATL'],['NL'],2024,0,0,0,100,Active,0
845991,TJ Friedl,CIN,OF,29,0,0,0,0,0,0,0,0,0,0,0,0,0,0,0,0,0,0,0,722500.0,NL,['CIN'],['NL'],2024,0,0,0,100,Active,0
1020528,Elias Diaz,COL,C,33,0,0,0,0,0,0,0,0,0,0,0,0,0,0,0,0,0,0,0,0.0,NL,['COL'],['NL'],2024,0,0,0,100,Active,0
1012925,Brandon Drury,LAA,3B,32,0,0,0,0,0,0,0,0,0,0,0,0,0,0,0,0,0,0,0,8500000.0,AL,['LAA'],['AL'],2024,0,0,0,100,Active,0
793447,James Outman,LAD,OF,27,0,0,0,0,0,0,0,0,0,0,0,0,0,0,0,0,0,0,0,722500.0,AL,['LAD'],['AL'],2024,0,0,0,100,Active,0
871320,Max Muncy,LAD,3B,34,0,0,0,0,0,0,0,0,0,0,0,0,0,0,0,0,0,0,0,13500000.0,AL,['LAD'],['AL'],2024,0,0,0,100,Active,0
758039,J.D. Davis,SF,3B,31,0,0,0,0,0,0,0,0,0,0,0,0,0,0,0,0,0,0,0,4210000.0,NL,['SF'],['NL'],2024,0,0,0,100,Active,0
180082,Tommy Edman,STL,2B,29,0,0,0,0,0,0,0,0,0,0,0,0,0,0,0,0,0,0,0,4200000.0,NL,['STL'],['NL'],2024,0,0,0,100,Active,0
360419,Matt Vierling,DET,OF,28,0,0,0,0,0,0,0,0,0,0,0,0,0,0,0,0,0,0,0,727100.0,AL,['DET'],['AL'],2024,0,0,0,100,Active,0
648628,Josh Jung,TEX,3B,26,0,0,0,0,0,0,0,0,0,0,0,0,0,0,0,0,0,0,0,721485.0,AL,['TEX'],['AL'],2024,0,0,0,100,Active,0
12006,Eddie Rosario,ATL,OF,33,0,0,0,0,0,0,0,0,0,0,0,0,0,0,0,0,0,0,0,9000000.0,NL,['ATL'],['NL'],2024,0,0,0,100,Active,0
396326,Corey Seager,TEX,SS,30,0,0,0,0,0,0,0,0,0,0,0,0,0,0,0,0,0,0,0,35500000.0,AL,['TEX'],['AL'],2024,0,0,0,100,Active,0
301685,Trent Grisham,SD,OF,27,0,0,0,0,0,0,0,0,0,0,0,0,0,0,0,0,0,0,0,3175000.0,NL,['SD'],['NL'],2024,0,0,0,100,Active,0
48994,Mauricio Dubon,HOU,OF,30,0,0,0,0,0,0,0,0,0,0,0,0,0,0,0,0,0,0,0,0.0,AL,['HOU'],['AL'],2024,0,0,0,100,Active,0
537147,Josh Lowe,TB,OF,26,0,0,0,0,0,0,0,0,0,0,0,0,0,0,0,0,0,0,0,723200.0,AL,['TB'],['AL'],2024,0,0,0,100,Active,0
18294,Tyler Stephenson,CIN,C,28,0,0,0,0,0,0,0,0,0,0,0,0,0,0,0,0,0,0,0,740000.0,NL,['CIN'],['NL'],2024,0,0,0,100,Active,0
1041928,Will Smith,LAD,C,29,0,0,0,0,0,0,0,0,0,0,0,0,0,0,0,0,0,0,0,5250000.0,AL,['LAD'],['AL'],2024,0,0,0,100,Active,0
225923,Zach McKinstry,DET,2B,29,0,0,0,0,0,0,0,0,0,0,0,0,0,0,0,0,0,0,0,734500.0,AL,['DET'],['AL'],2024,0,0,0,100,Active,0
157744,Maikel Garcia,KC,SS,24,0,0,0,0,0,0,0,0,0,0,0,0,0,0,0,0,0,0,0,0.0,AL,['KC'],['AL'],2024,0,0,0,100,Active,0
88982,Brent Rooker,OAK,OF,29,0,0,0,0,0,0,0,0,0,0,0,0,0,0,0,0,0,0,0,725000.0,AL,['OAK'],['AL'],2024,0,0,0,100,Active,0
515645,Myles Straw,CLE,OF,29,0,0,0,0,0,0,0,0,0,0,0,0,0,0,0,0,0,0,0,2900000.0,AL,['CLE'],['AL'],2024,0,0,0,100,Active,0
580537,Jake Cronenworth,SD,2B,30,0,0,0,0,0,0,0,0,0,0,0,0,0,0,0,0,0,0,0,4225000.0,NL,['SD'],['NL'],2024,0,0,0,100,Active,0
747382,Jonah Heim,TEX,C,29,0,0,0,0,0,0,0,0,0,0,0,0,0,0,0,0,0,0,0,745660.0,AL,['TEX'],['AL'],2024,0,0,0,100,Active,0
323342,Bryce Harper,PHI,DH,31,0,0,0,0,0,0,0,0,0,0,0,0,0,0,0,0,0,0,0,27538462.0,NL,['PHI'],['NL'],2024,0,0,0,100,Active,0
568666,Eloy Jimenez,CWS,OF,27,0,0,0,0,0,0,0,0,0,0,0,0,0,0,0,0,0,0,0,0.0,AL,['CWS'],['AL'],2024,0,0,0,100,Active,0
265663,Jonathan India,CIN,2B,27,0,0,0,0,0,0,0,0,0,0,0,0,0,0,0,0,0,0,0,760000.0,NL,['CIN'],['NL'],2024,0,0,0,100,Active,0
719781,Josh Naylor,CLE,1B,27,0,0,0,0,0,0,0,0,0,0,0,0,0,0,0,0,0,0,0,3350000.0,AL,['CLE'],['AL'],2024,0,0,0,100,Active,0
29943,Esteury Ruiz,OAK,OF,25,0,0,0,0,0,0,0,0,0,0,0,0,0,0,0,0,0,0,0,720000.0,AL,['OAK'],['AL'],2024,0,0,0,100,Active,0
422421,Shea Langeliers,OAK,C,26,0,0,0,0,0,0,0,0,0,0,0,0,0,0,0,0,0,0,0,720000.0,AL,['OAK'],['AL'],2024,0,0,0,100,Active,0
310133,Luis Garcia,WSH,2B,24,0,0,0,0,0,0,0,0,0,0,0,0,0,0,0,0,0,0,0,0.0,NL,['WSH'],['NL'],2024,0,0,0,100,Active,0
256710,Jack Suwinski,PIT,OF,26,0,0,0,0,0,0,0,0,0,0,0,0,0,0,0,0,0,0,0,725000.0,NL,['PIT'],['NL'],2024,0,0,0,100,Active,0
372153,Wander Franco,TB,SS,23,0,0,0,0,0,0,0,0,0,0,0,0,0,0,0,0,0,0,0,2454546.0,AL,['TB'],['AL'],2024,0,0,0,100,Active,0
809775,Max Kepler,MIN,OF,31,0,0,0,0,0,0,0,0,0,0,0,0,0,0,0,0,0,0,0,8500000.0,AL,['MIN'],['AL'],2024,0,0,0,100,Active,0
575942,J.D. Martinez,LAD,DH,37,0,0,0,0,0,0,0,0,0,0,0,0,0,0,0,0,0,0,0,10000000.0,AL,['LAD'],['AL'],2024,0,0,0,100,Active,0
194476,Will Brennan,CLE,OF,26,0,0,0,0,0,0,0,0,0,0,0,0,0,0,0,0,0,0,0,720100.0,AL,['CLE'],['AL'],2024,0,0,0,100,Active,0
379544,LaMonte Wade,SF,OF,30,0,0,0,0,0,0,0,0,0,0,0,0,0,0,0,0,0,0,0,0.0,NL,['SF'],['NL'],2024,0,0,0,100,Active,0
531578,Triston Casas,BOS,1B,24,0,0,0,0,0,0,0,0,0,0,0,0,0,0,0,0,0,0,0,723500.0,AL,['BOS'],['AL'],2024,0,0,0,100,Active,0
954119,Willson Contreras,STL,C,32,0,0,0,0,0,0,0,0,0,0,0,0,0,0,0,0,0,0,0,10000000.0,NL,['STL'],['NL'],2024,0,0,0,100,Active,0
78090,Michael Massey,KC,2B,26,0,0,0,0,0,0,0,0,0,0,0,0,0,0,0,0,0,0,0,722850.0,AL,['KC'],['AL'],2024,0,0,0,100,Active,0
90995,Lars Nootbaar,STL,OF,27,0,0,0,0,0,0,0,0,0,0,0,0,0,0,0,0,0,0,0,732400.0,NL,['STL'],['NL'],2024,0,0,0,100,Active,0
937243,Ryan Mountcastle,BAL,1B,27,0,0,0,0,0,0,0,0,0,0,0,0,0,0,0,0,0,0,0,738400.0,AL,['BAL'],['AL'],2024,0,0,0,100,Active,0
344435,Jordan Walker,STL,OF,22,0,0,0,0,0,0,0,0,0,0,0,0,0,0,0,0,0,0,0,0.0,NL,['STL'],['NL'],2024,0,0,0,100,Active,0
146337,Kerry Carpenter,DET,OF,27,0,0,0,0,0,0,0,0,0,0,0,0,0,0,0,0,0,0,0,723700.0,AL,['DET'],['AL'],2024,0,0,0,100,Active,0
915660,Connor Joe,PIT,OF,32,0,0,0,0,0,0,0,0,0,0,0,0,0,0,0,0,0,0,0,735000.0,NL,['PIT'],['NL'],2024,0,0,0,100,Active,0
90305,Adam Frazier,BAL,2B,32,0,0,0,0,0,0,0,0,0,0,0,0,0,0,0,0,0,0,0,8000000.0,AL,['BAL'],['AL'],2024,0,0,0,100,Active,0
571735,Yordan Alvarez,HOU,OF,27,0,0,0,0,0,0,0,0,0,0,0,0,0,0,0,0,0,0,0,7833333.0,AL,['HOU'],['AL'],2024,0,0,0,100,Active,0
977333,Geraldo Perdomo,ARI,SS,24,0,0,0,0,0,0,0,0,0,0,0,0,0,0,0,0,0,0,0,738600.0,AL,['ARI'],['AL'],2024,0,0,0,100,Active,0
236436,Nolan Gorman,STL,2B,24,0,0,0,0,0,0,0,0,0,0,0,0,0,0,0,0,0,0,0,726950.0,NL,['STL'],['NL'],2024,0,0,0,100,Active,0
500912,Ryan Noda,OAK,1B,28,0,0,0,0,0,0,0,0,0,0,0,0,0,0,0,0,0,0,0,0.0,AL,['OAK'],['AL'],2024,0,0,0,100,Active,0
75895,Michael Conforto,SF,OF,31,0,0,0,0,0,0,0,0,0,0,0,0,0,0,0,0,0,0,0,18000000.0,NL,['SF'],['NL'],2024,0,0,0,100,Active,0
129765,Ezequiel Duran,TEX,SS,25,0,0,0,0,0,0,0,0,0,0,0,0,0,0,0,0,0,0,0,724170.0,AL,['TEX'],['AL'],2024,0,0,0,100,Active,0
380293,Wilmer Flores,SF,3B,33,0,0,0,0,0,0,0,0,0,0,0,0,0,0,0,0,0,0,0,6500000.0,NL,['SF'],['NL'],2024,0,0,0,100,Active,0
46074,Brice Turang,MIL,2B,24,0,0,0,0,0,0,0,0,0,0,0,0,0,0,0,0,0,0,0,0.0,NL,['MIL'],['NL'],2024,0,0,0,100,Active,0
198408,Brandon Marsh,PHI,OF,26,0,0,0,0,0,0,0,0,0,0,0,0,0,0,0,0,0,0,0,734500.0,NL,['PHI'],['NL'],2024,0,0,0,100,Active,0
168006,Cedric Mullins,BAL,OF,30,0,0,0,0,0,0,0,0,0,0,0,0,0,0,0,0,0,0,0,4100000.0,AL,['BAL'],['AL'],2024,0,0,0,100,Active,0
488387,Chas McCormick,HOU,OF,29,0,0,0,0,0,0,0,0,0,0,0,0,0,0,0,0,0,0,0,752500.0,AL,['HOU'],['AL'],2024,0,0,0,100,Active,0
269378,Harold Ramirez,TB,OF,30,0,0,0,0,0,0,0,0,0,0,0,0,0,0,0,0,0,0,0,0.0,AL,['TB'],['AL'],2024,0,0,0,100,Active,0
201413,Brenton Doyle,COL,OF,26,0,0,0,0,0,0,0,0,0,0,0,0,0,0,0,0,0,0,0,0.0,NL,['COL'],['NL'],2024,0,0,0,100,Active,0
923059,David Peralta,LAD,OF,37,0,0,0,0,0,0,0,0,0,0,0,0,0,0,0,0,0,0,0,6500000.0,AL,['LAD'],['AL'],2024,0,0,0,100,Active,0
868653,Donovan Solano,MIN,2B,36,0,0,0,0,0,0,0,0,0,0,0,0,0,0,0,0,0,0,0,2000000.0,AL,['MIN'],['AL'],2024,0,0,0,100,Active,0
586723,Luis Rengifo,LAA,2B,27,0,0,0,0,0,0,0,0,0,0,0,0,0,0,0,0,0,0,0,2300000.0,AL,['LAA'],['AL'],2024,0,0,0,100,Active,0
723630,Andrew McCutchen,PIT,OF,38,0,0,0,0,0,0,0,0,0,0,0,0,0,0,0,0,0,0,0,5000000.0,NL,['PIT'],['NL'],2024,0,0,0,100,Active,0
940409,Elly De La Cruz,CIN,SS,22,0,0,0,0,0,0,0,0,0,0,0,0,0,0,0,0,0,0,0,0.0,NL,['CIN'],['NL'],2024,0,0,0,100,Active,0
280595,Christopher Morel,CHC,OF,25,0,0,0,0,0,0,0,0,0,0,0,0,0,0,0,0,0,0,0,0.0,NL,['CHC'],['NL'],2024,0,0,0,100,Active,0
893139,Jon Berti,MIA,2B,34,0,0,0,0,0,0,0,0,0,0,0,0,0,0,0,0,0,0,0,2100000.0,NL,['MIA'],['NL'],2024,0,0,0,100,Active,0
455767,Miguel Rojas,LAD,SS,35,0,0,0,0,0,0,0,0,0,0,0,0,0,0,0,0,0,0,0,4250000.0,AL,['LAD'],['AL'],2024,0,0,0,100,Active,0
925280,Yan Gomes,CHC,C,37,0,0,0,0,0,0,0,0,0,0,0,0,0,0,0,0,0,0,0,6000000.0,NL,['CHC'],['NL'],2024,0,0,0,100,Active,0
807428,Francisco Alvarez,NYM,C,22,0,0,0,0,0,0,0,0,0,0,0,0,0,0,0,0,0,0,0,0.0,NL,['NYM'],['NL'],2024,0,0,0,100,Active,0
84037,Riley Greene,DET,OF,24,0,0,0,0,0,0,0,0,0,0,0,0,0,0,0,0,0,0,0,727800.0,AL,['DET'],['AL'],2024,0,0,0,100,Active,0
75805,Brandon Lowe,TB,2B,30,0,0,0,0,0,0,0,0,0,0,0,0,0,0,0,0,0,0,0,5250000.0,AL,['TB'],['AL'],2024,0,0,0,100,Active,0
318734,Alex Call,WSH,OF,30,0,0,0,0,0,0,0,0,0,0,0,0,0,0,0,0,0,0,0,721800.0,NL,['WSH'],['NL'],2024,0,0,0,100,Active,0
839254,Alek Thomas,ARI,OF,24,0,0,0,0,0,0,0,0,0,0,0,0,0,0,0,0,0,0,0,735200.0,AL,['ARI'],['AL'],2024,0,0,0,100,Active,0
483921,Elvis Andrus,CWS,SS,36,0,0,0,0,0,0,0,0,0,0,0,0,0,0,0,0,0,0,0,3000000.0,AL,['CWS'],['AL'],2024,0,0,0,100,Active,0
852341,Anthony Rizzo,NYY,1B,35,0,0,0,0,0,0,0,0,0,0,0,0,0,0,0,0,0,0,0,17000000.0,AL,['NYY'],['AL'],2024,0,0,0,100,Active,0
32900,Jarred Kelenic,SEA,OF,25,0,0,0,0,0,0,0,0,0,0,0,0,0,0,0,0,0,0,0,729400.0,AL,['SEA'],['AL'],2024,0,0,0,100,Active,0
1009618,Alejandro Kirk,TOR,C,25,0,0,0,0,0,0,0,0,0,0,0,0,0,0,0,0,0,0,0,767300.0,AL,['TOR'],['AL'],2024,0,0,0,100,Active,0
140221,Connor Wong,BOS,C,28,0,0,0,0,0,0,0,0,0,0,0,0,0,0,0,0,0,0,0,722000.0,AL,['BOS'],['AL'],2024,0,0,0,100,Active,0
189508,Giancarlo Stanton,NYY,OF,34,0,0,0,0,0,0,0,0,0,0,0,0,0,0,0,0,0,0,0,32000000.0,AL,['NYY'],['AL'],2024,0,0,0,100,Active,0
539235,Sean Murphy,ATL,C,30,0,0,0,0,0,0,0,0,0,0,0,0,0,0,0,0,0,0,0,4000000.0,NL,['ATL'],['NL'],2024,0,0,0,100,Active,0
484025,Kevin Kiermaier,TOR,OF,34,0,0,0,0,0,0,0,0,0,0,0,0,0,0,0,0,0,0,0,9000000.0,AL,['TOR'],['AL'],2024,0,0,0,100,Active,0
199503,Aaron Judge,NYY,OF,32,0,0,0,0,0,0,0,0,0,0,0,0,0,0,0,0,0,0,0,40000000.0,AL,['NYY'],['AL'],2024,0,0,0,100,Active,0
512895,Nolan Jones,COL,OF,26,0,0,0,0,0,0,0,0,0,0,0,0,0,0,0,0,0,0,0,0.0,NL,['COL'],['NL'],2024,0,0,0,100,Active,0
585801,Joey Wiemer,MIL,OF,25,0,0,0,0,0,0,0,0,0,0,0,0,0,0,0,0,0,0,0,0.0,NL,['MIL'],['NL'],2024,0,0,0,100,Active,0
773463,Matt McLain,CIN,SS,25,0,0,0,0,0,0,0,0,0,0,0,0,0,0,0,0,0,0,0,0.0,NL,['CIN'],['NL'],2024,0,0,0,100,Active,0
212085,Yasmani Grandal,CWS,C,35,0,0,0,0,0,0,0,0,0,0,0,0,0,0,0,0,0,0,0,18250000.0,AL,['CWS'],['AL'],2024,0,0,0,100,Active,0
240848,Martin Maldonado,HOU,C,38,0,0,0,0,0,0,0,0,0,0,0,0,0,0,0,0,0,0,0,0.0,AL,['HOU'],['AL'],2024,0,0,0,100,Active,0
476601,Jose Altuve,HOU,2B,34,0,0,0,0,0,0,0,0,0,0,0,0,0,0,0,0,0,0,0,29000000.0,AL,['HOU'],['AL'],2024,0,0,0,100,Active,0
971658,Jesus Sanchez,MIA,OF,27,0,0,0,0,0,0,0,0,0,0,0,0,0,0,0,0,0,0,0,0.0,NL,['MIA'],['NL'],2024,0,0,0,100,Active,0
84019,Ramon Urias,BAL,3B,30,0,0,0,0,0,0,0,0,0,0,0,0,0,0,0,0,0,0,0,0.0,AL,['BAL'],['AL'],2024,0,0,0,100,Active,0
667235,Tony Kemp,OAK,2B,32,0,0,0,0,0,0,0,0,0,0,0,0,0,0,0,0,0,0,0,3725000.0,AL,['OAK'],['AL'],2024,0,0,0,100,Active,0
460377,Charlie Blackmon,COL,OF,38,0,0,0,0,0,0,0,0,0,0,0,0,0,0,0,0,0,0,0,15000000.0,NL,['COL'],['NL'],2024,0,0,0,100,Active,0
588753,Joc Pederson,SF,OF,32,0,0,0,0,0,0,0,0,0,0,0,0,0,0,0,0,0,0,0,19650000.0,NL,['SF'],['NL'],2024,0,0,0,100,Active,0
1016599,Willi Castro,MIN,2B,27,0,0,0,0,0,0,0,0,0,0,0,0,0,0,0,0,0,0,0,1800000.0,AL,['MIN'],['AL'],2024,0,0,0,100,Active,0
107986,Luke Raley,TB,OF,30,0,0,0,0,0,0,0,0,0,0,0,0,0,0,0,0,0,0,0,722300.0,AL,['TB'],['AL'],2024,0,0,0,100,Active,0
681154,Andy Ibanez,DET,2B,31,0,0,0,0,0,0,0,0,0,0,0,0,0,0,0,0,0,0,0,0.0,AL,['DET'],['AL'],2024,0,0,0,100,Active,0
261161,Taylor Ward,LAA,OF,30,0,0,0,0,0,0,0,0,0,0,0,0,0,0,0,0,0,0,0,2750000.0,AL,['LAA'],['AL'],2024,0,0,0,100,Active,0
255517,Michael Taylor,MIN,OF,33,0,0,0,0,0,0,0,0,0,0,0,0,0,0,0,0,0,0,0,0.0,AL,['MIN'],['AL'],2024,0,0,0,100,Active,0
923257,Yainer Diaz,HOU,DH,26,0,0,0,0,0,0,0,0,0,0,0,0,0,0,0,0,0,0,0,720300.0,AL,['HOU'],['AL'],2024,0,0,0,100,Active,0
390130,Edward Olivares,KC,OF,28,0,0,0,0,0,0,0,0,0,0,0,0,0,0,0,0,0,0,0,740750.0,AL,['KC'],['AL'],2024,0,0,0,100,Active,0
494711,Brett Baty,NYM,3B,24,0,0,0,0,0,0,0,0,0,0,0,0,0,0,0,0,0,0,0,0.0,NL,['NYM'],['NL'],2024,0,0,0,100,Active,0
13266,Robbie Grossman,TEX,OF,35,0,0,0,0,0,0,0,0,0,0,0,0,0,0,0,0,0,0,0,2000000.0,AL,['TEX'],['AL'],2024,0,0,0,100,Active,0
303722,Jazz Chisholm,MIA,2B,26,0,0,0,0,0,0,0,0,0,0,0,0,0,0,0,0,0,0,0,0.0,NL,['MIA'],['NL'],2024,0,0,0,100,Active,0
835556,Ryan O'Hearn,BAL,1B,31,0,0,0,0,0,0,0,0,0,0,0,0,0,0,0,0,0,0,0,1400000.0,AL,['BAL'],['AL'],2024,0,0,0,100,Active,0
448654,Seth Brown,OAK,OF,32,0,0,0,0,0,0,0,0,0,0,0,0,0,0,0,0,0,0,0,730000.0,AL,['OAK'],['AL'],2024,0,0,0,100,Active,0
684199,Gabriel Moreno,ARI,C,24,0,0,0,0,0,0,0,0,0,0,0,0,0,0,0,0,0,0,0,722500.0,AL,['ARI'],['AL'],2024,0,0,0,100,Active,0
866016,Brandon Belt,TOR,1B,36,0,0,0,0,0,0,0,0,0,0,0,0,0,0,0,0,0,0,0,9300000.0,AL,['TOR'],['AL'],2024,0,0,0,100,Active,0
733696,Chris Taylor,LAD,OF,34,0,0,0,0,0,0,0,0,0,0,0,0,0,0,0,0,0,0,0,15000000.0,AL,['LAD'],['AL'],2024,0,0,0,100,Active,0
1039903,Jose Siri,TB,OF,29,0,0,0,0,0,0,0,0,0,0,0,0,0,0,0,0,0,0,0,731600.0,AL,['TB'],['AL'],2024,0,0,0,100,Active,0
805015,Edouard Julien,MIN,2B,25,0,0,0,0,0,0,0,0,0,0,0,0,0,0,0,0,0,0,0,0.0,AL,['MIN'],['AL'],2024,0,0,0,100,Active,0
372281,Mike Tauchman,CHC,OF,33,0,0,0,0,0,0,0,0,0,0,0,0,0,0,0,0,0,0,0,0.0,NL,['CHC'],['NL'],2024,0,0,0,100,Active,0
717510,Jake Fraley,CIN,OF,29,0,0,0,0,0,0,0,0,0,0,0,0,0,0,0,0,0,0,0,740000.0,NL,['CIN'],['NL'],2024,0,0,0,100,Active,0
1012255,Kyle Farmer,MIN,SS,34,0,0,0,0,0,0,0,0,0,0,0,0,0,0,0,0,0,0,0,5585000.0,AL,['MIN'],['AL'],2024,0,0,0,100,Active,0
483634,Ji Hwan Bae,PIT,OF,25,0,0,0,0,0,0,0,0,0,0,0,0,0,0,0,0,0,0,0,725000.0,NL,['PIT'],['NL'],2024,0,0,0,100,Active,0
12831,Yoan Moncada,CWS,3B,29,0,0,0,0,0,0,0,0,0,0,0,0,0,0,0,0,0,0,0,0.0,AL,['CWS'],['AL'],2024,0,0,0,100,Active,0
363684,Miguel Cabrera,DET,DH,41,0,0,0,0,0,0,0,0,0,0,0,0,0,0,0,0,0,0,0,32000000.0,AL,['DET'],['AL'],2024,0,0,0,100,Active,0
234496,Jason Heyward,LAD,OF,35,0,0,0,0,0,0,0,0,0,0,0,0,0,0,0,0,0,0,0,720000.0,AL,['LAD'],['AL'],2024,0,0,0,100,Active,0
1022045,Jarren Duran,BOS,OF,28,0,0,0,0,0,0,0,0,0,0,0,0,0,0,0,0,0,0,0,0.0,AL,['BOS'],['AL'],2024,0,0,0,100,Active,0
1009717,Jake Rogers,DET,C,29,0,0,0,0,0,0,0,0,0,0,0,0,0,0,0,0,0,0,0,726000.0,AL,['DET'],['AL'],2024,0,0,0,100,Active,0
799091,Mike Yastrzemski,SF,OF,34,0,0,0,0,0,0,0,0,0,0,0,0,0,0,0,0,0,0,0,6100000.0,NL,['SF'],['NL'],2024,0,0,0,100,Active,0
406201,Christian Vazquez,MIN,C,34,0,0,0,0,0,0,0,0,0,0,0,0,0,0,0,0,0,0,0,0.0,AL,['MIN'],['AL'],2024,0,0,0,100,Active,0
325629,Brendan Donovan,STL,2B,27,0,0,0,0,0,0,0,0,0,0,0,0,0,0,0,0,0,0,0,728600.0,NL,['STL'],['NL'],2024,0,0,0,100,Active,0
862772,Patrick Bailey,SF,C,25,0,0,0,0,0,0,0,0,0,0,0,0,0,0,0,0,0,0,0,0.0,NL,['SF'],['NL'],2024,0,0,0,100,Active,0
17895,Isiah Kiner-Falefa,NYY,SS,29,0,0,0,0,0,0,0,0,0,0,0,0,0,0,0,0,0,0,0,6000000.0,AL,['NYY'],['AL'],2024,0,0,0,100,Active,0
445983,Adam Duvall,BOS,OF,36,0,0,0,0,0,0,0,0,0,0,0,0,0,0,0,0,0,0,0,7000000.0,AL,['BOS'],['AL'],2024,0,0,0,100,Active,0
486969,Brian Anderson,MIL,3B,31,0,0,0,0,0,0,0,0,0,0,0,0,0,0,0,0,0,0,0,3500000.0,NL,['MIL'],['NL'],2024,0,0,0,100,Active,0
559981,Jorge Mateo,BAL,SS,29,0,0,0,0,0,0,0,0,0,0,0,0,0,0,0,0,0,0,0,2000000.0,AL,['BAL'],['AL'],2024,0,0,0,100,Active,0
407915,Aledmys Diaz,OAK,2B,34,0,0,0,0,0,0,0,0,0,0,0,0,0,0,0,0,0,0,0,0.0,AL,['OAK'],['AL'],2024,0,0,0,100,Active,0
705394,Starling Marte,NYM,OF,36,0,0,0,0,0,0,0,0,0,0,0,0,0,0,0,0,0,0,0,20750000.0,NL,['NYM'],['NL'],2024,0,0,0,100,Active,0
809154,Christian Bethancourt,TB,C,33,0,0,0,0,0,0,0,0,0,0,0,0,0,0,0,0,0,0,0,1350000.0,AL,['TB'],['AL'],2024,0,0,0,100,Active,0
871444,Gabriel Arias,CLE,3B,24,0,0,0,0,0,0,0,0,0,0,0,0,0,0,0,0,0,0,0,720100.0,AL,['CLE'],['AL'],2024,0,0,0,100,Active,0
205583,Alec Burleson,STL,OF,25,0,0,0,0,0,0,0,0,0,0,0,0,0,0,0,0,0,0,0,721450.0,NL,['STL'],['NL'],2024,0,0,0,100,Active,0
413388,Akil Baddoo,DET,OF,26,0,0,0,0,0,0,0,0,0,0,0,0,0,0,0,0,0,0,0,0.0,AL,['DET'],['AL'],2024,0,0,0,100,Active,0
825986,Mickey Moniak,LAA,OF,26,0,0,0,0,0,0,0,0,0,0,0,0,0,0,0,0,0,0,0,0.0,AL,['LAA'],['AL'],2024,0,0,0,100,Active,0
749995,Gavin Sheets,CWS,OF,28,0,0,0,0,0,0,0,0,0,0,0,0,0,0,0,0,0,0,0,735000.0,AL,['CWS'],['AL'],2024,0,0,0,100,Active,0
831384,Rowdy Tellez,MIL,1B,29,0,0,0,0,0,0,0,0,0,0,0,0,0,0,0,0,0,0,0,4950000.0,NL,['MIL'],['NL'],2024,0,0,0,100,Active,0
232249,Manuel Margot,TB,OF,30,0,0,0,0,0,0,0,0,0,0,0,0,0,0,0,0,0,0,0,7000000.0,AL,['TB'],['AL'],2024,0,0,0,100,Active,0
867808,Blake Sabol,SF,C,26,0,0,0,0,0,0,0,0,0,0,0,0,0,0,0,0,0,0,0,0.0,NL,['SF'],['NL'],2024,0,0,0,100,Active,0
391600,Jake Meyers,HOU,OF,28,0,0,0,0,0,0,0,0,0,0,0,0,0,0,0,0,0,0,0,732000.0,AL,['HOU'],['AL'],2024,0,0,0,100,Active,0
654141,Mike Trout,LAA,OF,33,0,0,0,0,0,0,0,0,0,0,0,0,0,0,0,0,0,0,0,37116667.0,AL,['LAA'],['AL'],2024,0,0,0,100,Active,0
60925,Nick Pratto,KC,1B,26,0,0,0,0,0,0,0,0,0,0,0,0,0,0,0,0,0,0,0,0.0,AL,['KC'],['AL'],2024,0,0,0,100,Active,0
367265,Byron Buxton,MIN,OF,30,0,0,0,0,0,0,0,0,0,0,0,0,0,0,0,0,0,0,0,15142857.0,AL,['MIN'],['AL'],2024,0,0,0,100,Active,0
822349,Nick Allen,OAK,SS,26,0,0,0,0,0,0,0,0,0,0,0,0,0,0,0,0,0,0,0,720000.0,AL,['OAK'],['AL'],2024,0,0,0,100,Active,0
752637,Taylor Walls,TB,SS,28,0,0,0,0,0,0,0,0,0,0,0,0,0,0,0,0,0,0,0,727600.0,AL,['TB'],['AL'],2024,0,0,0,100,Active,0
902728,Drew Waters,KC,OF,25,0,0,0,0,0,0,0,0,0,0,0,0,0,0,0,0,0,0,0,0.0,AL,['KC'],['AL'],2024,0,0,0,100,Active,0
19512,Jorge Polanco,MIN,2B,31,0,0,0,0,0,0,0,0,0,0,0,0,0,0,0,0,0,0,0,7500000.0,AL,['MIN'],['AL'],2024,0,0,0,100,Active,0
566236,Jean Segura,MIA,2B,34,0,0,0,0,0,0,0,0,0,0,0,0,0,0,0,0,0,0,0,6500000.0,NL,['MIA'],['NL'],2024,0,0,0,100,Active,0
180902,Nick Senzel,CIN,OF,29,0,0,0,0,0,0,0,0,0,0,0,0,0,0,0,0,0,0,0,1950000.0,NL,['CIN'],['NL'],2024,0,0,0,100,Active,0
576196,Kris Bryant,COL,OF,32,0,0,0,0,0,0,0,0,0,0,0,0,0,0,0,0,0,0,0,28000000.0,NL,['COL'],['NL'],2024,0,0,0,100,Active,0
128585,Yuli Gurriel,MIA,1B,40,0,0,0,0,0,0,0,0,0,0,0,0,0,0,0,0,0,0,0,1250000.0,NL,['MIA'],['NL'],2024,0,0,0,100,Active,0
247299,Corey Julks,HOU,OF,28,0,0,0,0,0,0,0,0,0,0,0,0,0,0,0,0,0,0,0,0.0,AL,['HOU'],['AL'],2024,0,0,0,100,Active,0
281067,Oswaldo Cabrera,NYY,OF,25,0,0,0,0,0,0,0,0,0,0,0,0,0,0,0,0,0,0,0,742100.0,AL,['NYY'],['AL'],2024,0,0,0,100,Active,0
581597,Joey Wendle,MIA,3B,34,0,0,0,0,0,0,0,0,0,0,0,0,0,0,0,0,0,0,0,6000000.0,NL,['MIA'],['NL'],2024,0,0,0,100,Active,0
614818,Mitch Garver,TEX,DH,33,0,0,0,0,0,0,0,0,0,0,0,0,0,0,0,0,0,0,0,3900000.0,AL,['TEX'],['AL'],2024,0,0,0,100,Active,0
35263,Nick Fortes,MIA,C,27,0,0,0,0,0,0,0,0,0,0,0,0,0,0,0,0,0,0,0,730000.0,NL,['MIA'],['NL'],2024,0,0,0,100,Active,0
973346,Kyle Isbel,KC,OF,27,0,0,0,0,0,0,0,0,0,0,0,0,0,0,0,0,0,0,0,727500.0,AL,['KC'],['AL'],2024,0,0,0,100,Active,0
660657,Owen Miller,MIL,2B,27,0,0,0,0,0,0,0,0,0,0,0,0,0,0,0,0,0,0,0,731100.0,NL,['MIL'],['NL'],2024,0,0,0,100,Active,0
313436,Cavan Biggio,TOR,2B,29,0,0,0,0,0,0,0,0,0,0,0,0,0,0,0,0,0,0,0,2800000.0,AL,['TOR'],['AL'],2024,0,0,0,100,Active,0
367817,Zach Neto,LAA,SS,23,0,0,0,0,0,0,0,0,0,0,0,0,0,0,0,0,0,0,0,0.0,AL,['LAA'],['AL'],2024,0,0,0,100,Active,0
721701,Will Benson,CIN,OF,26,0,0,0,0,0,0,0,0,0,0,0,0,0,0,0,0,0,0,0,720000.0,NL,['CIN'],['NL'],2024,0,0,0,100,Active,0
512867,Ryan Jeffers,MIN,C,27,0,0,0,0,0,0,0,0,0,0,0,0,0,0,0,0,0,0,0,741650.0,AL,['MIN'],['AL'],2024,0,0,0,100,Active,0
608397,Elehuris Montero,COL,3B,26,0,0,0,0,0,0,0,0,0,0,0,0,0,0,0,0,0,0,0,722000.0,NL,['COL'],['NL'],2024,0,0,0,100,Active,0
223645,Brandon Crawford,SF,SS,37,0,0,0,0,0,0,0,0,0,0,0,0,0,0,0,0,0,0,0,0.0,NL,['SF'],['NL'],2024,0,0,0,100,Active,0
483221,Joey Gallo,MIN,OF,30,0,0,0,0,0,0,0,0,0,0,0,0,0,0,0,0,0,0,0,11000000.0,AL,['MIN'],['AL'],2024,0,0,0,100,Active,0
397117,Andruw Monasterio,MIL,2B,27,0,0,0,0,0,0,0,0,0,0,0,0,0,0,0,0,0,0,0,0.0,NL,['MIL'],['NL'],2024,0,0,0,100,Active,0
306027,Alex Kirilloff,MIN,OF,26,0,0,0,0,0,0,0,0,0,0,0,0,0,0,0,0,0,0,0,0.0,AL,['MIN'],['AL'],2024,0,0,0,100,Active,0
130225,Edmundo Sosa,PHI,SS,28,0,0,0,0,0,0,0,0,0,0,0,0,0,0,0,0,0,0,0,950000.0,NL,['PHI'],['NL'],2024,0,0,0,100,Active,0
354972,Jake McCarthy,ARI,OF,27,0,0,0,0,0,0,0,0,0,0,0,0,0,0,0,0,0,0,0,735600.0,AL,['ARI'],['AL'],2024,0,0,0,100,Active,0
976949,Daniel Vogelbach,NYM,DH,31,0,0,0,0,0,0,0,0,0,0,0,0,0,0,0,0,0,0,0,1500000.0,NL,['NYM'],['NL'],2024,0,0,0,100,Active,0
869944,Jordan Diaz,OAK,2B,24,0,0,0,0,0,0,0,0,0,0,0,0,0,0,0,0,0,0,0,0.0,AL,['OAK'],['AL'],2024,0,0,0,100,Active,0
831863,Nick Madrigal,CHC,2B,27,0,0,0,0,0,0,0,0,0,0,0,0,0,0,0,0,0,0,0,1225000.0,NL,['CHC'],['NL'],2024,0,0,0,100,Active,0
177063,Zack Gelof,OAK,2B,24,0,0,0,0,0,0,0,0,0,0,0,0,0,0,0,0,0,0,0,0.0,AL,['OAK'],['AL'],2024,0,0,0,100,Active,0
525310,Danny Jansen,TOR,C,29,0,0,0,0,0,0,0,0,0,0,0,0,0,0,0,0,0,0,0,3500000.0,AL,['TOR'],['AL'],2024,0,0,0,100,Active,0
268508,Patrick Wisdom,CHC,3B,33,0,0,0,0,0,0,0,0,0,0,0,0,0,0,0,0,0,0,0,763000.0,NL,['CHC'],['NL'],2024,0,0,0,100,Active,0
649286,Travis d'Arnaud,ATL,C,35,0,0,0,0,0,0,0,0,0,0,0,0,0,0,0,0,0,0,0,8000000.0,NL,['ATL'],['NL'],2024,0,0,0,100,Active,0
245032,Ildemaro Vargas,WSH,3B,33,0,0,0,0,0,0,0,0,0,0,0,0,0,0,0,0,0,0,0,975000.0,NL,['WSH'],['NL'],2024,0,0,0,100,Active,0
975468,Matt Thaiss,LAA,C,29,0,0,0,0,0,0,0,0,0,0,0,0,0,0,0,0,0,0,0,740000.0,AL,['LAA'],['AL'],2024,0,0,0,100,Active,0
247433,Harold Castro,COL,2B,30,0,0,0,0,0,0,0,0,0,0,0,0,0,0,0,0,0,0,0,1300000.0,NL,['COL'],['NL'],2024,0,0,0,100,Active,0
163393,Emmanuel Rivera,ARI,3B,28,0,0,0,0,0,0,0,0,0,0,0,0,0,0,0,0,0,0,0,0.0,AL,['ARI'],['AL'],2024,0,0,0,100,Active,0
58440,Miguel Vargas,LAD,2B,24,0,0,0,0,0,0,0,0,0,0,0,0,0,0,0,0,0,0,0,722500.0,AL,['LAD'],['AL'],2024,0,0,0,100,Active,0
910945,JJ Bleday,OAK,OF,26,0,0,0,0,0,0,0,0,0,0,0,0,0,0,0,0,0,0,0,0.0,AL,['OAK'],['AL'],2024,0,0,0,100,Active,0
1026311,Casey Schmitt,SF,3B,25,0,0,0,0,0,0,0,0,0,0,0,0,0,0,0,0,0,0,0,0.0,NL,['SF'],['NL'],2024,0,0,0,100,Active,0
313700,Nick Maton,DET,OF,27,0,0,0,0,0,0,0,0,0,0,0,0,0,0,0,0,0,0,0,726600.0,AL,['DET'],['AL'],2024,0,0,0,100,Active,0
464321,Josh Palacios,PIT,OF,29,0,0,0,0,0,0,0,0,0,0,0,0,0,0,0,0,0,0,0,0.0,NL,['PIT'],['NL'],2024,0,0,0,100,Active,0
732641,Travis Jankowski,TEX,OF,33,0,0,0,0,0,0,0,0,0,0,0,0,0,0,0,0,0,0,0,1250000.0,AL,['TEX'],['AL'],2024,0,0,0,100,Active,0
188316,Oscar Colas,CWS,OF,26,0,0,0,0,0,0,0,0,0,0,0,0,0,0,0,0,0,0,0,0.0,AL,['CWS'],['AL'],2024,0,0,0,100,Active,0
138309,Jake Bauers,NYY,1B,29,0,0,0,0,0,0,0,0,0,0,0,0,0,0,0,0,0,0,0,0.0,AL,['NYY'],['AL'],2024,0,0,0,100,Active,0
721782,Kyle Higashioka,NYY,C,34,0,0,0,0,0,0,0,0,0,0,0,0,0,0,0,0,0,0,0,1462500.0,AL,['NYY'],['AL'],2024,0,0,0,100,Active,0
523585,Jacob Stallings,MIA,C,34,0,0,0,0,0,0,0,0,0,0,0,0,0,0,0,0,0,0,0,3350000.0,NL,['MIA'],['NL'],2024,0,0,0,100,Active,0
851540,Tyler O'Neill,STL,OF,29,0,0,0,0,0,0,0,0,0,0,0,0,0,0,0,0,0,0,0,4950000.0,NL,['STL'],['NL'],2024,0,0,0,100,Active,0
925247,Trey Mancini,CHC,1B,32,0,0,0,0,0,0,0,0,0,0,0,0,0,0,0,0,0,0,0,7000000.0,NL,['CHC'],['NL'],2024,0,0,0,100,Active,0
1030699,Stone Garrett,WSH,OF,28,0,0,0,0,0,0,0,0,0,0,0,0,0,0,0,0,0,0,0,0.0,NL,['WSH'],['NL'],2024,0,0,0,100,Active,0
855108,Jose Caballero,SEA,2B,28,0,0,0,0,0,0,0,0,0,0,0,0,0,0,0,0,0,0,0,0.0,AL,['SEA'],['AL'],2024,0,0,0,100,Active,0
612607,Tyrone Taylor,MIL,OF,30,0,0,0,0,0,0,0,0,0,0,0,0,0,0,0,0,0,0,0,735400.0,NL,['MIL'],['NL'],2024,0,0,0,100,Active,0
243460,Vinnie Pasquantino,KC,1B,27,0,0,0,0,0,0,0,0,0,0,0,0,0,0,0,0,0,0,0,725500.0,AL,['KC'],['AL'],2024,0,0,0,100,Active,0
575585,Santiago Espinal,TOR,2B,29,0,0,0,0,0,0,0,0,0,0,0,0,0,0,0,0,0,0,0,2100000.0,AL,['TOR'],['AL'],2024,0,0,0,100,Active,0
658545,Luis Matos,SF,OF,22,0,0,0,0,0,0,0,0,0,0,0,0,0,0,0,0,0,0,0,0.0,NL,['SF'],['NL'],2024,0,0,0,100,Active,0
937948,Kevin Newman,CIN,SS,31,0,0,0,0,0,0,0,0,0,0,0,0,0,0,0,0,0,0,0,2662000.0,NL,['CIN'],['NL'],2024,0,0,0,100,Active,0
289856,Henry Davis,PIT,C,25,0,0,0,0,0,0,0,0,0,0,0,0,0,0,0,0,0,0,0,0.0,NL,['PIT'],['NL'],2024,0,0,0,100,Active,0
862975,Andrew Knizner,STL,C,29,0,0,0,0,0,0,0,0,0,0,0,0,0,0,0,0,0,0,0,1100000.0,NL,['STL'],['NL'],2024,0,0,0,100,Active,0
921008,Christian Encarnacion-Strand,CIN,3B,24,0,0,0,0,0,0,0,0,0,0,0,0,0,0,0,0,0,0,0,0.0,NL,['CIN'],['NL'],2024,0,0,0,100,Active,0
810032,Zack Short,DET,SS,29,0,0,0,0,0,0,0,0,0,0,0,0,0,0,0,0,0,0,0,0.0,AL,['DET'],['AL'],2024,0,0,0,100,Active,0
800472,Garrett Hampson,MIA,2B,30,0,0,0,0,0,0,0,0,0,0,0,0,0,0,0,0,0,0,0,0.0,NL,['MIA'],['NL'],2024,0,0,0,100,Active,0
668486,Dylan Carlson,STL,OF,25,0,0,0,0,0,0,0,0,0,0,0,0,0,0,0,0,0,0,0,742400.0,NL,['STL'],['NL'],2024,0,0,0,100,Active,0
630620,Stuart Fairchild,CIN,OF,28,0,0,0,0,0,0,0,0,0,0,0,0,0,0,0,0,0,0,0,722500.0,NL,['CIN'],['NL'],2024,0,0,0,100,Active,0
962816,Mike Ford,SEA,1B,32,0,0,0,0,0,0,0,0,0,0,0,0,0,0,0,0,0,0,0,0.0,AL,['SEA'],['AL'],2024,0,0,0,100,Active,0
1009272,Mark Vientos,NYM,DH,24,0,0,0,0,0,0,0,0,0,0,0,0,0,0,0,0,0,0,0,0.0,NL,['NYM'],['NL'],2024,0,0,0,100,Active,0
1032075,Royce Lewis,MIN,SS,25,0,0,0,0,0,0,0,0,0,0,0,0,0,0,0,0,0,0,0,0.0,AL,['MIN'],['AL'],2024,0,0,0,100,Active,0
997767,Freddy Fermin,KC,C,29,0,0,0,0,0,0,0,0,0,0,0,0,0,0,0,0,0,0,0,0.0,AL,['KC'],['AL'],2024,0,0,0,100,Active,0
834779,Gio Urshela,LAA,3B,33,0,0,0,0,0,0,0,0,0,0,0,0,0,0,0,0,0,0,0,8400000.0,AL,['LAA'],['AL'],2024,0,0,0,100,Active,0
270651,Matt Wallner,MIN,OF,26,0,0,0,0,0,0,0,0,0,0,0,0,0,0,0,0,0,0,0,0.0,AL,['MIN'],['AL'],2024,0,0,0,100,Active,0
22885,Evan Longoria,ARI,3B,39,0,0,0,0,0,0,0,0,0,0,0,0,0,0,0,0,0,0,0,4000000.0,AL,['ARI'],['AL'],2024,0,0,0,100,Active,0
1024355,Mitch Haniger,SF,OF,33,0,0,0,0,0,0,0,0,0,0,0,0,0,0,0,0,0,0,0,8000000.0,NL,['SF'],['NL'],2024,0,0,0,100,Active,0
614289,Joey Votto,CIN,1B,41,0,0,0,0,0,0,0,0,0,0,0,0,0,0,0,0,0,0,0,25000000.0,NL,['CIN'],['NL'],2024,0,0,0,100,Active,0
376307,Jordan Westburg,BAL,SS,25,0,0,0,0,0,0,0,0,0,0,0,0,0,0,0,0,0,0,0,0.0,AL,['BAL'],['AL'],2024,0,0,0,100,Active,0
114482,James McCann,BAL,C,34,0,0,0,0,0,0,0,0,0,0,0,0,0,0,0,0,0,0,0,12150000.0,AL,['BAL'],['AL'],2024,0,0,0,100,Active,0
682901,Alan Trejo,COL,SS,28,0,0,0,0,0,0,0,0,0,0,0,0,0,0,0,0,0,0,0,722000.0,NL,['COL'],['NL'],2024,0,0,0,100,Active,0
333292,Carlos Santana,MIL,1B,38,0,0,0,0,0,0,0,0,0,0,0,0,0,0,0,0,0,0,0,6750000.0,NL,"['PIT', 'MIL']",['NL'],2024,0,0,0,100,Active,0
919670,Tucupita Marcano,PIT,OF,25,0,0,0,0,0,0,0,0,0,0,0,0,0,0,0,0,0,0,0,0.0,NL,['PIT'],['NL'],2024,0,0,0,100,Active,0
591356,Rob Refsnyder,BOS,OF,33,0,0,0,0,0,0,0,0,0,0,0,0,0,0,0,0,0,0,0,1200000.0,AL,['BOS'],['AL'],2024,0,0,0,100,Active,0
186220,Victor Caratini,MIL,C,31,0,0,0,0,0,0,0,0,0,0,0,0,0,0,0,0,0,0,0,2800000.0,NL,['MIL'],['NL'],2024,0,0,0,100,Active,0
308043,Josh Bell,MIA,1B,32,0,0,0,0,0,0,0,0,0,0,0,0,0,0,0,0,0,0,0,16500000.0,NL,"['MIA', 'CLE']","['NL', 'AL']",2024,0,0,0,100,Active,0
342395,Nick Ahmed,ARI,SS,34,0,0,0,0,0,0,0,0,0,0,0,0,0,0,0,0,0,0,0,10375000.0,AL,['ARI'],['AL'],2024,0,0,0,100,Active,0
80556,Bo Naylor,CLE,C,24,0,0,0,0,0,0,0,0,0,0,0,0,0,0,0,0,0,0,0,0.0,AL,['CLE'],['AL'],2024,0,0,0,100,Active,0
689001,Jake Burger,MIA,3B,28,0,0,0,0,0,0,0,0,0,0,0,0,0,0,0,0,0,0,0,0.0,NL,"['MIA', 'CWS']","['NL', 'AL']",2024,0,0,0,100,Active,0
10831,Liover Peguero,PIT,SS,23,0,0,0,0,0,0,0,0,0,0,0,0,0,0,0,0,0,0,0,0.0,NL,['PIT'],['NL'],2024,0,0,0,100,Active,0
521256,Kevin Pillar,ATL,OF,35,0,0,0,0,0,0,0,0,0,0,0,0,0,0,0,0,0,0,0,3000000.0,NL,['ATL'],['NL'],2024,0,0,0,100,Active,0
192979,Tommy Pham,ARI,OF,36,0,0,0,0,0,0,0,0,0,0,0,0,0,0,0,0,0,0,0,6000000.0,AL,"['ARI', 'NYM']","['NL', 'AL']",2024,0,0,0,100,Active,0
343476,Christian Arroyo,BOS,2B,29,0,0,0,0,0,0,0,0,0,0,0,0,0,0,0,0,0,0,0,2000000.0,AL,['BOS'],['AL'],2024,0,0,0,100,Active,0
700739,Josh Smith,TEX,OF,27,0,0,0,0,0,0,0,0,0,0,0,0,0,0,0,0,0,0,0,0.0,AL,['TEX'],['AL'],2024,0,0,0,100,Active,0
65586,Randal Grichuk,LAA,OF,33,0,0,0,0,0,0,0,0,0,0,0,0,0,0,0,0,0,0,0,0.0,AL,"['LAA', 'COL']","['NL', 'AL']",2024,0,0,0,100,Active,0
558873,Matt Duffy,KC,3B,33,0,0,0,0,0,0,0,0,0,0,0,0,0,0,0,0,0,0,0,1500000.0,AL,['KC'],['AL'],2024,0,0,0,100,Active,0
999710,Pavin Smith,ARI,OF,28,0,0,0,0,0,0,0,0,0,0,0,0,0,0,0,0,0,0,0,0.0,AL,['ARI'],['AL'],2024,0,0,0,100,Active,0
868055,Sal Frelick,MIL,OF,24,0,0,0,0,0,0,0,0,0,0,0,0,0,0,0,0,0,0,0,0.0,NL,['MIL'],['NL'],2024,0,0,0,100,Active,0
649764,Matt Carpenter,SD,DH,38,0,0,0,0,0,0,0,0,0,0,0,0,0,0,0,0,0,0,0,6500000.0,NL,['SD'],['NL'],2024,0,0,0,100,Active,0
296964,Reese McGuire,BOS,C,29,0,0,0,0,0,0,0,0,0,0,0,0,0,0,0,0,0,0,0,1225000.0,AL,['BOS'],['AL'],2024,0,0,0,100,Active,0
232072,Endy Rodriguez,PIT,C,24,0,0,0,0,0,0,0,0,0,0,0,0,0,0,0,0,0,0,0,0.0,NL,['PIT'],['NL'],2024,0,0,0,100,Active,0
750707,Austin Slater,SF,OF,31,0,0,0,0,0,0,0,0,0,0,0,0,0,0,0,0,0,0,0,3200000.0,NL,['SF'],['NL'],2024,0,0,0,100,Active,0
540737,Jake Cave,PHI,OF,31,0,0,0,0,0,0,0,0,0,0,0,0,0,0,0,0,0,0,0,950000.0,NL,['PHI'],['NL'],2024,0,0,0,100,Active,0
411819,Trevor Larnach,MIN,OF,27,0,0,0,0,0,0,0,0,0,0,0,0,0,0,0,0,0,0,0,733650.0,AL,['MIN'],['AL'],2024,0,0,0,100,Active,0
892008,Logan O'Hoppe,LAA,C,24,0,0,0,0,0,0,0,0,0,0,0,0,0,0,0,0,0,0,0,730000.0,AL,['LAA'],['AL'],2024,0,0,0,100,Active,0
135609,Jared Triolo,PIT,3B,26,0,0,0,0,0,0,0,0,0,0,0,0,0,0,0,0,0,0,0,0.0,NL,['PIT'],['NL'],2024,0,0,0,100,Active,0
479345,Luke Maile,CIN,C,33,0,0,0,0,0,0,0,0,0,0,0,0,0,0,0,0,0,0,0,1175000.0,NL,['CIN'],['NL'],2024,0,0,0,100,Active,0
1031729,Austin Barnes,LAD,C,34,0,0,0,0,0,0,0,0,0,0,0,0,0,0,0,0,0,0,0,3500000.0,AL,['LAD'],['AL'],2024,0,0,0,100,Active,0
186435,Brendan Rodgers,COL,2B,28,0,0,0,0,0,0,0,0,0,0,0,0,0,0,0,0,0,0,0,2700000.0,NL,['COL'],['NL'],2024,0,0,0,100,Active,0
60475,Mark Canha,MIL,OF,35,0,0,0,0,0,0,0,0,0,0,0,0,0,0,0,0,0,0,0,11500000.0,NL,"['MIL', 'NYM']",['NL'],2024,0,0,0,100,Active,0
691909,Oswald Peraza,NYY,SS,24,0,0,0,0,0,0,0,0,0,0,0,0,0,0,0,0,0,0,0,0.0,AL,['NYY'],['AL'],2024,0,0,0,100,Active,0
265117,Oscar Gonzalez,CLE,OF,26,0,0,0,0,0,0,0,0,0,0,0,0,0,0,0,0,0,0,0,722600.0,AL,['CLE'],['AL'],2024,0,0,0,100,Active,0
850134,Enrique Hernandez,LAD,OF,33,0,0,0,0,0,0,0,0,0,0,0,0,0,0,0,0,0,0,0,0.0,AL,"['BOS', 'LAD']",['AL'],2024,0,0,0,100,Active,0
255200,Jason Delay,PIT,C,29,0,0,0,0,0,0,0,0,0,0,0,0,0,0,0,0,0,0,0,720000.0,NL,['PIT'],['NL'],2024,0,0,0,100,Active,0
299203,Pablo Reyes,BOS,3B,31,0,0,0,0,0,0,0,0,0,0,0,0,0,0,0,0,0,0,0,0.0,AL,['BOS'],['AL'],2024,0,0,0,100,Active,0
602026,Jesse Winker,MIL,OF,31,0,0,0,0,0,0,0,0,0,0,0,0,0,0,0,0,0,0,0,8250000.0,NL,['MIL'],['NL'],2024,0,0,0,100,Active,0
211891,Lenyn Sosa,CWS,2B,24,0,0,0,0,0,0,0,0,0,0,0,0,0,0,0,0,0,0,0,0.0,AL,['CWS'],['AL'],2024,0,0,0,100,Active,0
123850,Luis Campusano,SD,C,26,0,0,0,0,0,0,0,0,0,0,0,0,0,0,0,0,0,0,0,722700.0,NL,['SD'],['NL'],2024,0,0,0,100,Active,0
202425,DJ Stewart,NYM,OF,30,0,0,0,0,0,0,0,0,0,0,0,0,0,0,0,0,0,0,0,0.0,NL,['NYM'],['NL'],2024,0,0,0,100,Active,0
44757,Jake Alu,WSH,3B,27,0,0,0,0,0,0,0,0,0,0,0,0,0,0,0,0,0,0,0,0.0,NL,['WSH'],['NL'],2024,0,0,0,100,Active,0
197007,Trevor Story,BOS,2B,31,0,0,0,0,0,0,0,0,0,0,0,0,0,0,0,0,0,0,0,20000000.0,AL,['BOS'],['AL'],2024,0,0,0,100,Active,0
485782,Kole Calhoun,CLE,OF,36,0,0,0,0,0,0,0,0,0,0,0,0,0,0,0,0,0,0,0,0.0,AL,['CLE'],['AL'],2024,0,0,0,100,Active,0
418819,Jose Trevino,NYY,C,31,0,0,0,0,0,0,0,0,0,0,0,0,0,0,0,0,0,0,0,2360000.0,AL,['NYY'],['AL'],2024,0,0,0,100,Active,0
757998,Chad Wallach,LAA,C,32,0,0,0,0,0,0,0,0,0,0,0,0,0,0,0,0,0,0,0,0.0,AL,['LAA'],['AL'],2024,0,0,0,100,Active,0
661131,Tyler Freeman,CLE,3B,25,0,0,0,0,0,0,0,0,0,0,0,0,0,0,0,0,0,0,0,0.0,AL,['CLE'],['AL'],2024,0,0,0,100,Active,0
747148,Francisco Mejia,TB,C,28,0,0,0,0,0,0,0,0,0,0,0,0,0,0,0,0,0,0,0,0.0,AL,['TB'],['AL'],2024,0,0,0,100,Active,0
215021,Johan Rojas,PHI,OF,24,0,0,0,0,0,0,0,0,0,0,0,0,0,0,0,0,0,0,0,0.0,NL,['PHI'],['NL'],2024,0,0,0,100,Active,0
462336,Anthony Rendon,LAA,3B,34,0,0,0,0,0,0,0,0,0,0,0,0,0,0,0,0,0,0,0,38571428.0,AL,['LAA'],['AL'],2024,0,0,0,100,Active,0
704561,Zach Remillard,CWS,3B,30,0,0,0,0,0,0,0,0,0,0,0,0,0,0,0,0,0,0,0,0.0,AL,['CWS'],['AL'],2024,0,0,0,100,Active,0
317744,Tom Murphy,SEA,C,33,0,0,0,0,0,0,0,0,0,0,0,0,0,0,0,0,0,0,0,1625000.0,AL,['SEA'],['AL'],2024,0,0,0,100,Active,0
606737,Dylan Moore,SEA,OF,32,0,0,0,0,0,0,0,0,0,0,0,0,0,0,0,0,0,0,0,2083333.0,AL,['SEA'],['AL'],2024,0,0,0,100,Active,0
790202,Corey Dickerson,WSH,OF,35,0,0,0,0,0,0,0,0,0,0,0,0,0,0,0,0,0,0,0,2250000.0,NL,['WSH'],['NL'],2024,0,0,0,100,Active,0
26687,Cam Gallagher,CLE,C,31,0,0,0,0,0,0,0,0,0,0,0,0,0,0,0,0,0,0,0,1250000.0,AL,['CLE'],['AL'],2024,0,0,0,100,Active,0
647828,Blake Perkins,MIL,OF,28,0,0,0,0,0,0,0,0,0,0,0,0,0,0,0,0,0,0,0,0.0,NL,['MIL'],['NL'],2024,0,0,0,100,Active,0
97605,Riley Adams,WSH,C,28,0,0,0,0,0,0,0,0,0,0,0,0,0,0,0,0,0,0,0,728800.0,NL,['WSH'],['NL'],2024,0,0,0,100,Active,0
700055,Nelson Cruz,SD,DH,44,0,0,0,0,0,0,0,0,0,0,0,0,0,0,0,0,0,0,0,1000000.0,NL,['SD'],['NL'],2024,0,0,0,100,Active,0
781113,Jose Miranda,MIN,3B,26,0,0,0,0,0,0,0,0,0,0,0,0,0,0,0,0,0,0,0,727850.0,AL,['MIN'],['AL'],2024,0,0,0,100,Active,0
15699,Michael Toglia,COL,OF,26,0,0,0,0,0,0,0,0,0,0,0,0,0,0,0,0,0,0,0,0.0,NL,['COL'],['NL'],2024,0,0,0,100,Active,0
535239,Kody Clemens,PHI,3B,28,0,0,0,0,0,0,0,0,0,0,0,0,0,0,0,0,0,0,0,0.0,NL,['PHI'],['NL'],2024,0,0,0,100,Active,0
711655,Enmanuel Valdez,BOS,2B,25,0,0,0,0,0,0,0,0,0,0,0,0,0,0,0,0,0,0,0,0.0,AL,['BOS'],['AL'],2024,0,0,0,100,Active,0
488803,Rougned Odor,SD,2B,30,0,0,0,0,0,0,0,0,0,0,0,0,0,0,0,0,0,0,0,800000.0,NL,['SD'],['NL'],2024,0,0,0,100,Active,0
881950,Jeimer Candelario,CHC,3B,30,0,0,0,0,0,0,0,0,0,0,0,0,0,0,0,0,0,0,0,5000000.0,NL,"['WSH', 'CHC']",['NL'],2024,0,0,0,100,Active,0
290007,Jonathan Schoop,DET,2B,32,0,0,0,0,0,0,0,0,0,0,0,0,0,0,0,0,0,0,0,7500000.0,AL,['DET'],['AL'],2024,0,0,0,100,Active,0
269417,Ramon Laureano,CLE,OF,30,0,0,0,0,0,0,0,0,0,0,0,0,0,0,0,0,0,0,0,0.0,AL,"['OAK', 'CLE']",['AL'],2024,0,0,0,100,Active,0
902992,Kevin Smith,OAK,3B,28,0,0,0,0,0,0,0,0,0,0,0,0,0,0,0,0,0,0,0,0.0,AL,['OAK'],['AL'],2024,0,0,0,100,Active,0
736268,Willie Calhoun,NYY,OF,29,0,0,0,0,0,0,0,0,0,0,0,0,0,0,0,0,0,0,0,0.0,AL,['NYY'],['AL'],2024,0,0,0,100,Active,0
266603,Jose Barrero,CIN,SS,26,0,0,0,0,0,0,0,0,0,0,0,0,0,0,0,0,0,0,0,730000.0,NL,['CIN'],['NL'],2024,0,0,0,100,Active,0
237633,Miles Mastrobuoni,CHC,2B,28,0,0,0,0,0,0,0,0,0,0,0,0,0,0,0,0,0,0,0,720500.0,NL,['CHC'],['NL'],2024,0,0,0,100,Active,0
1009048,Miguel Amaya,CHC,C,25,0,0,0,0,0,0,0,0,0,0,0,0,0,0,0,0,0,0,0,0.0,NL,['CHC'],['NL'],2024,0,0,0,100,Active,0
899322,Austin Nola,SD,C,34,0,0,0,0,0,0,0,0,0,0,0,0,0,0,0,0,0,0,0,2350000.0,NL,['SD'],['NL'],2024,0,0,0,100,Active,0
852725,Omar Narvaez,NYM,C,32,0,0,0,0,0,0,0,0,0,0,0,0,0,0,0,0,0,0,0,0.0,NL,['NYM'],['NL'],2024,0,0,0,100,Active,0
23444,Billy McKinney,NYY,OF,30,0,0,0,0,0,0,0,0,0,0,0,0,0,0,0,0,0,0,0,0.0,AL,['NYY'],['AL'],2024,0,0,0,100,Active,0
24418,Wil Myers,CIN,OF,33,0,0,0,0,0,0,0,0,0,0,0,0,0,0,0,0,0,0,0,6000000.0,NL,['CIN'],['NL'],2024,0,0,0,100,Active,0
30650,Amed Rosario,LAD,SS,28,0,0,0,0,0,0,0,0,0,0,0,0,0,0,0,0,0,0,0,7800000.0,AL,"['LAD', 'CLE']",['AL'],2024,0,0,0,100,Active,0
634064,Parker Meadows,DET,OF,24,0,0,0,0,0,0,0,0,0,0,0,0,0,0,0,0,0,0,0,0.0,AL,['DET'],['AL'],2024,0,0,0,100,Active,0
465950,Josh Rojas,SEA,2B,30,0,0,0,0,0,0,0,0,0,0,0,0,0,0,0,0,0,0,0,2575000.0,AL,"['ARI', 'SEA']",['AL'],2024,0,0,0,100,Active,0
331133,Tyler Soderstrom,OAK,C,22,0,0,0,0,0,0,0,0,0,0,0,0,0,0,0,0,0,0,0,0.0,AL,['OAK'],['AL'],2024,0,0,0,100,Active,0
222396,David Villar,SF,3B,27,0,0,0,0,0,0,0,0,0,0,0,0,0,0,0,0,0,0,0,723750.0,NL,['SF'],['NL'],2024,0,0,0,100,Active,0
311650,Dairon Blanco,KC,OF,31,0,0,0,0,0,0,0,0,0,0,0,0,0,0,0,0,0,0,0,0.0,AL,['KC'],['AL'],2024,0,0,0,100,Active,0
309301,Mike Zunino,CLE,C,33,0,0,0,0,0,0,0,0,0,0,0,0,0,0,0,0,0,0,0,6000000.0,AL,['CLE'],['AL'],2024,0,0,0,100,Active,0
873152,Lawrence Butler,OAK,OF,24,0,0,0,0,0,0,0,0,0,0,0,0,0,0,0,0,0,0,0,0.0,AL,['OAK'],['AL'],2024,0,0,0,100,Active,0
564408,Masyn Winn,STL,SS,22,0,0,0,0,0,0,0,0,0,0,0,0,0,0,0,0,0,0,0,0.0,NL,['STL'],['NL'],2024,0,0,0,100,Active,0
306059,Ryan McKenna,BAL,OF,27,0,0,0,0,0,0,0,0,0,0,0,0,0,0,0,0,0,0,0,725800.0,AL,['BAL'],['AL'],2024,0,0,0,100,Active,0
1047951,Matthew Batten,SD,3B,29,0,0,0,0,0,0,0,0,0,0,0,0,0,0,0,0,0,0,0,0.0,NL,['SD'],['NL'],2024,0,0,0,100,Active,0
433703,Brett Wisely,SF,2B,25,0,0,0,0,0,0,0,0,0,0,0,0,0,0,0,0,0,0,0,0.0,NL,['SF'],['NL'],2024,0,0,0,100,Active,0
151250,Garrett Cooper,SD,1B,33,0,0,0,0,0,0,0,0,0,0,0,0,0,0,0,0,0,0,0,3900000.0,NL,"['MIA', 'SD']",['NL'],2024,0,0,0,100,Active,0
355022,Davis Schneider,TOR,2B,25,0,0,0,0,0,0,0,0,0,0,0,0,0,0,0,0,0,0,0,0.0,AL,['TOR'],['AL'],2024,0,0,0,100,Active,0
765640,Nick Gonzales,PIT,2B,25,0,0,0,0,0,0,0,0,0,0,0,0,0,0,0,0,0,0,0,0.0,NL,['PIT'],['NL'],2024,0,0,0,100,Active,0
570230,Mike Moustakas,COL,3B,36,0,0,0,0,0,0,0,0,0,0,0,0,0,0,0,0,0,0,0,720000.0,NL,"['LAA', 'COL']","['NL', 'AL']",2024,0,0,0,100,Active,0
939400,Rafael Ortega,NYM,OF,33,0,0,0,0,0,0,0,0,0,0,0,0,0,0,0,0,0,0,0,0.0,NL,['NYM'],['NL'],2024,0,0,0,100,Active,0
1018115,Noelvi Marte,CIN,3B,22,0,0,0,0,0,0,0,0,0,0,0,0,0,0,0,0,0,0,0,0.0,NL,['CIN'],['NL'],2024,0,0,0,100,Active,0
676127,Garrett Stubbs,PHI,C,31,0,0,0,0,0,0,0,0,0,0,0,0,0,0,0,0,0,0,0,741000.0,NL,['PHI'],['NL'],2024,0,0,0,100,Active,0
57713,Eduardo Escobar,NYM,3B,35,0,0,0,0,0,0,0,0,0,0,0,0,0,0,0,0,0,0,0,9500000.0,NL,"['LAA', 'NYM']","['NL', 'AL']",2024,0,0,0,100,Active,0
908559,Tucker Barnhart,CHC,C,33,0,0,0,0,0,0,0,0,0,0,0,0,0,0,0,0,0,0,0,3250000.0,NL,['CHC'],['NL'],2024,0,0,0,100,Active,0
370525,Nolan Schanuel,LAA,1B,22,0,0,0,0,0,0,0,0,0,0,0,0,0,0,0,0,0,0,0,0.0,AL,['LAA'],['AL'],2024,0,0,0,100,Active,0
644871,Avisail Garcia,MIA,OF,33,0,0,0,0,0,0,0,0,0,0,0,0,0,0,0,0,0,0,0,0.0,NL,['MIA'],['NL'],2024,0,0,0,100,Active,0
1005584,Victor Robles,WSH,OF,27,0,0,0,0,0,0,0,0,0,0,0,0,0,0,0,0,0,0,0,2325000.0,NL,['WSH'],['NL'],2024,0,0,0,100,Active,0
659820,Luis Guillorme,NYM,2B,30,0,0,0,0,0,0,0,0,0,0,0,0,0,0,0,0,0,0,0,1600000.0,NL,['NYM'],['NL'],2024,0,0,0,100,Active,0
218216,Jacob Young,WSH,OF,25,0,0,0,0,0,0,0,0,0,0,0,0,0,0,0,0,0,0,0,0.0,NL,['WSH'],['NL'],2024,0,0,0,100,Active,0
524002,Yu Chang,BOS,3B,29,0,0,0,0,0,0,0,0,0,0,0,0,0,0,0,0,0,0,0,850000.0,AL,['BOS'],['AL'],2024,0,0,0,100,Active,0
216854,Jackie Bradley,KC,OF,34,0,0,0,0,0,0,0,0,0,0,0,0,0,0,0,0,0,0,0,0.0,AL,['KC'],['AL'],2024,0,0,0,100,Active,0
45426,Jesus Aguilar,OAK,1B,34,0,0,0,0,0,0,0,0,0,0,0,0,0,0,0,0,0,0,0,0.0,AL,['OAK'],['AL'],2024,0,0,0,100,Active,0
198669,Jared Walsh,LAA,1B,31,0,0,0,0,0,0,0,0,0,0,0,0,0,0,0,0,0,0,0,2650000.0,AL,['LAA'],['AL'],2024,0,0,0,100,Active,0
308799,Josh Harrison,PHI,2B,37,0,0,0,0,0,0,0,0,0,0,0,0,0,0,0,0,0,0,0,2000000.0,NL,['PHI'],['NL'],2024,0,0,0,100,Active,0
1029408,Rene Pinto,TB,C,27,0,0,0,0,0,0,0,0,0,0,0,0,0,0,0,0,0,0,0,0.0,AL,['TB'],['AL'],2024,0,0,0,100,Active,0
693357,David Fry,CLE,C,28,0,0,0,0,0,0,0,0,0,0,0,0,0,0,0,0,0,0,0,0.0,AL,['CLE'],['AL'],2024,0,0,0,100,Active,0
781108,Alika Williams,PIT,SS,25,0,0,0,0,0,0,0,0,0,0,0,0,0,0,0,0,0,0,0,0.0,NL,['PIT'],['NL'],2024,0,0,0,100,Active,0
499236,Ronny Mauricio,NYM,SS,23,0,0,0,0,0,0,0,0,0,0,0,0,0,0,0,0,0,0,0,0.0,NL,['NYM'],['NL'],2024,0,0,0,100,Active,0
662594,Jose Herrera,ARI,C,27,0,0,0,0,0,0,0,0,0,0,0,0,0,0,0,0,0,0,0,724300.0,AL,['ARI'],['AL'],2024,0,0,0,100,Active,0
763267,Tyler Nevin,DET,3B,27,0,0,0,0,0,0,0,0,0,0,0,0,0,0,0,0,0,0,0,0.0,AL,['DET'],['AL'],2024,0,0,0,100,Active,0
1038046,Eric Hosmer,CHC,1B,34,0,0,0,0,0,0,0,0,0,0,0,0,0,0,0,0,0,0,0,720000.0,NL,['CHC'],['NL'],2024,0,0,0,100,Active,0
306835,Richie Palacios,STL,OF,27,0,0,0,0,0,0,0,0,0,0,0,0,0,0,0,0,0,0,0,0.0,NL,['STL'],['NL'],2024,0,0,0,100,Active,0
844520,Romy Gonzalez,CWS,2B,28,0,0,0,0,0,0,0,0,0,0,0,0,0,0,0,0,0,0,0,723000.0,AL,['CWS'],['AL'],2024,0,0,0,100,Active,0
668263,Everson Pereira,NYY,OF,23,0,0,0,0,0,0,0,0,0,0,0,0,0,0,0,0,0,0,0,0.0,AL,['NYY'],['AL'],2024,0,0,0,100,Active,0
657687,Jace Peterson,ARI,3B,34,0,0,0,0,0,0,0,0,0,0,0,0,0,0,0,0,0,0,0,4500000.0,AL,"['OAK', 'ARI']",['AL'],2024,0,0,0,100,Active,0
1028135,Dominic Fletcher,ARI,OF,26,0,0,0,0,0,0,0,0,0,0,0,0,0,0,0,0,0,0,0,0.0,AL,['ARI'],['AL'],2024,0,0,0,100,Active,0
835393,Nick Gordon,MIN,OF,28,0,0,0,0,0,0,0,0,0,0,0,0,0,0,0,0,0,0,0,735400.0,AL,['MIN'],['AL'],2024,0,0,0,100,Active,0
855845,Michael Chavis,WSH,2B,29,0,0,0,0,0,0,0,0,0,0,0,0,0,0,0,0,0,0,0,1000000.0,NL,['WSH'],['NL'],2024,0,0,0,100,Active,0
852463,Sam Haggerty,SEA,OF,30,0,0,0,0,0,0,0,0,0,0,0,0,0,0,0,0,0,0,0,726600.0,AL,['SEA'],['AL'],2024,0,0,0,100,Active,0
782198,Jose Azocar,SD,OF,28,0,0,0,0,0,0,0,0,0,0,0,0,0,0,0,0,0,0,0,0.0,NL,['SD'],['NL'],2024,0,0,0,100,Active,0
124163,Jonathan Davis,MIA,OF,32,0,0,0,0,0,0,0,0,0,0,0,0,0,0,0,0,0,0,0,0.0,NL,['MIA'],['NL'],2024,0,0,0,100,Active,0
231552,Matt Mervis,CHC,1B,26,0,0,0,0,0,0,0,0,0,0,0,0,0,0,0,0,0,0,0,0.0,NL,['CHC'],['NL'],2024,0,0,0,100,Active,0
1037578,David Fletcher,LAA,2B,30,0,0,0,0,0,0,0,0,0,0,0,0,0,0,0,0,0,0,0,6000000.0,AL,['LAA'],['AL'],2024,0,0,0,100,Active,0
93382,Jonah Bride,OAK,2B,28,0,0,0,0,0,0,0,0,0,0,0,0,0,0,0,0,0,0,0,0.0,AL,['OAK'],['AL'],2024,0,0,0,100,Active,0
541763,Cade Marlowe,SEA,OF,27,0,0,0,0,0,0,0,0,0,0,0,0,0,0,0,0,0,0,0,0.0,AL,['SEA'],['AL'],2024,0,0,0,100,Active,0
810741,Jonathan Aranda,TB,2B,26,0,0,0,0,0,0,0,0,0,0,0,0,0,0,0,0,0,0,0,0.0,AL,['TB'],['AL'],2024,0,0,0,100,Active,0
387055,Carter Kieboom,WSH,3B,27,0,0,0,0,0,0,0,0,0,0,0,0,0,0,0,0,0,0,0,0.0,NL,['WSH'],['NL'],2024,0,0,0,100,Active,0
509029,Osleivis Basabe,TB,SS,24,0,0,0,0,0,0,0,0,0,0,0,0,0,0,0,0,0,0,0,0.0,AL,['TB'],['AL'],2024,0,0,0,100,Active,0
349961,Joey Bart,SF,C,27,0,0,0,0,0,0,0,0,0,0,0,0,0,0,0,0,0,0,0,735000.0,NL,['SF'],['NL'],2024,0,0,0,100,Active,0
1017016,Luken Baker,STL,1B,27,0,0,0,0,0,0,0,0,0,0,0,0,0,0,0,0,0,0,0,0.0,NL,['STL'],['NL'],2024,0,0,0,100,Active,0
248123,Cristian Pache,PHI,OF,25,0,0,0,0,0,0,0,0,0,0,0,0,0,0,0,0,0,0,0,0.0,NL,['PHI'],['NL'],2024,0,0,0,100,Active,0
577327,Miguel Andujar,PIT,OF,29,0,0,0,0,0,0,0,0,0,0,0,0,0,0,0,0,0,0,0,1525000.0,NL,['PIT'],['NL'],2024,0,0,0,100,Active,0
159629,David Hensley,HOU,DH,28,0,0,0,0,0,0,0,0,0,0,0,0,0,0,0,0,0,0,0,722600.0,AL,['HOU'],['AL'],2024,0,0,0,100,Active,0
240696,Curtis Mead,TB,3B,23,0,0,0,0,0,0,0,0,0,0,0,0,0,0,0,0,0,0,0,0.0,AL,['TB'],['AL'],2024,0,0,0,100,Active,0
348323,Ceddanne Rafaela,BOS,OF,24,0,0,0,0,0,0,0,0,0,0,0,0,0,0,0,0,0,0,0,0.0,AL,['BOS'],['AL'],2024,0,0,0,100,Active,0
409092,Hunter Dozier,KC,3B,33,0,0,0,0,0,0,0,0,0,0,0,0,0,0,0,0,0,0,0,7500000.0,AL,['KC'],['AL'],2024,0,0,0,100,Active,0
1044594,Hanser Alberto,CWS,2B,31,0,0,0,0,0,0,0,0,0,0,0,0,0,0,0,0,0,0,0,454285.0,AL,['CWS'],['AL'],2024,0,0,0,100,Active,0
658977,Andrew Velazquez,LAA,SS,30,0,0,0,0,0,0,0,0,0,0,0,0,0,0,0,0,0,0,0,0.0,AL,['LAA'],['AL'],2024,0,0,0,100,Active,0
20161,Brayan Rocchio,CLE,SS,23,0,0,0,0,0,0,0,0,0,0,0,0,0,0,0,0,0,0,0,0.0,AL,['CLE'],['AL'],2024,0,0,0,100,Active,0
119427,Brett Sullivan,SD,C,30,0,0,0,0,0,0,0,0,0,0,0,0,0,0,0,0,0,0,0,0.0,NL,['SD'],['NL'],2024,0,0,0,100,Active,0
982720,Curt Casali,CIN,C,35,0,0,0,0,0,0,0,0,0,0,0,0,0,0,0,0,0,0,0,2500000.0,NL,['CIN'],['NL'],2024,0,0,0,100,Active,0
62435,Brandon Dixon,SD,3B,32,0,0,0,0,0,0,0,0,0,0,0,0,0,0,0,0,0,0,0,0.0,NL,['SD'],['NL'],2024,0,0,0,100,Active,0
614920,Xavier Edwards,MIA,2B,25,0,0,0,0,0,0,0,0,0,0,0,0,0,0,0,0,0,0,0,0.0,NL,['MIA'],['NL'],2024,0,0,0,100,Active,0
889533,Vidal Brujan,TB,2B,26,0,0,0,0,0,0,0,0,0,0,0,0,0,0,0,0,0,0,0,0.0,AL,['TB'],['AL'],2024,0,0,0,100,Active,0
507486,Taylor Motter,STL,SS,35,0,0,0,0,0,0,0,0,0,0,0,0,0,0,0,0,0,0,0,775000.0,NL,['STL'],['NL'],2024,0,0,0,100,Active,0
1031175,Wilyer Abreu,BOS,OF,25,0,0,0,0,0,0,0,0,0,0,0,0,0,0,0,0,0,0,0,0.0,AL,['BOS'],['AL'],2024,0,0,0,100,Active,0
934102,Vaughn Grissom,ATL,2B,23,0,0,0,0,0,0,0,0,0,0,0,0,0,0,0,0,0,0,0,0.0,NL,['ATL'],['NL'],2024,0,0,0,100,Active,0
381925,Yonathan Daza,COL,OF,30,0,0,0,0,0,0,0,0,0,0,0,0,0,0,0,0,0,0,0,730000.0,NL,['COL'],['NL'],2024,0,0,0,100,Active,0
764395,Henry Ramos,CIN,OF,32,0,0,0,0,0,0,0,0,0,0,0,0,0,0,0,0,0,0,0,0.0,NL,['CIN'],['NL'],2024,0,0,0,100,Active,0
176440,Mike Brosseau,MIL,3B,30,0,0,0,0,0,0,0,0,0,0,0,0,0,0,0,0,0,0,0,1400000.0,NL,['MIL'],['NL'],2024,0,0,0,100,Active,0
898735,Conner Capel,OAK,OF,27,0,0,0,0,0,0,0,0,0,0,0,0,0,0,0,0,0,0,0,720000.0,AL,['OAK'],['AL'],2024,0,0,0,100,Active,0
140591,Sam Hilliard,ATL,OF,30,0,0,0,0,0,0,0,0,0,0,0,0,0,0,0,0,0,0,0,750000.0,NL,['ATL'],['NL'],2024,0,0,0,100,Active,0
697928,Michael Busch,LAD,2B,26,0,0,0,0,0,0,0,0,0,0,0,0,0,0,0,0,0,0,0,0.0,AL,['LAD'],['AL'],2024,0,0,0,100,Active,0
332342,Nick Martini,CIN,OF,34,0,0,0,0,0,0,0,0,0,0,0,0,0,0,0,0,0,0,0,0.0,NL,['CIN'],['NL'],2024,0,0,0,100,Active,0
116228,Trayce Thompson,LAD,OF,33,0,0,0,0,0,0,0,0,0,0,0,0,0,0,0,0,0,0,0,1450000.0,AL,"['LAD', 'CWS']",['AL'],2024,0,0,0,100,Active,0
998899,Austin Wells,NYY,C,25,0,0,0,0,0,0,0,0,0,0,0,0,0,0,0,0,0,0,0,0.0,AL,['NYY'],['AL'],2024,0,0,0,100,Active,0
510837,Hunter Goodman,COL,OF,25,0,0,0,0,0,0,0,0,0,0,0,0,0,0,0,0,0,0,0,0.0,NL,['COL'],['NL'],2024,0,0,0,100,Active,0
441647,Aaron Hicks,NYY,OF,35,0,0,0,0,0,0,0,0,0,0,0,0,0,0,0,0,0,0,0,10785714.0,AL,"['NYY', 'BAL']",['AL'],2024,0,0,0,100,Active,0
632326,Franchy Cordero,NYY,OF,30,0,0,0,0,0,0,0,0,0,0,0,0,0,0,0,0,0,0,0,1000000.0,AL,['NYY'],['AL'],2024,0,0,0,100,Active,0
584446,Luke Voit,MIL,1B,33,0,0,0,0,0,0,0,0,0,0,0,0,0,0,0,0,0,0,0,2000000.0,NL,['MIL'],['NL'],2024,0,0,0,100,Active,0
882750,Ben Rortvedt,NYY,C,27,0,0,0,0,0,0,0,0,0,0,0,0,0,0,0,0,0,0,0,0.0,AL,['NYY'],['AL'],2024,0,0,0,100,Active,0
56017,Dane Myers,MIA,OF,28,0,0,0,0,0,0,0,0,0,0,0,0,0,0,0,0,0,0,0,0.0,NL,['MIA'],['NL'],2024,0,0,0,100,Active,0
701414,Clint Frazier,CWS,OF,30,0,0,0,0,0,0,0,0,0,0,0,0,0,0,0,0,0,0,0,0.0,AL,['CWS'],['AL'],2024,0,0,0,100,Active,0
96298,Nicky Lopez,ATL,SS,29,0,0,0,0,0,0,0,0,0,0,0,0,0,0,0,0,0,0,0,3700000.0,NL,"['ATL', 'KC']","['NL', 'AL']",2024,0,0,0,100,Active,0
683853,Garrett Mitchell,MIL,OF,26,0,0,0,0,0,0,0,0,0,0,0,0,0,0,0,0,0,0,0,724300.0,NL,['MIL'],['NL'],2024,0,0,0,100,Active,0
154666,Danny Mendick,NYM,SS,31,0,0,0,0,0,0,0,0,0,0,0,0,0,0,0,0,0,0,0,1000000.0,NL,['NYM'],['NL'],2024,0,0,0,100,Active,0
723505,Korey Lee,CWS,C,26,0,0,0,0,0,0,0,0,0,0,0,0,0,0,0,0,0,0,0,0.0,AL,['CWS'],['AL'],2024,0,0,0,100,Active,0
281119,Brett Phillips,LAA,OF,30,0,0,0,0,0,0,0,0,0,0,0,0,0,0,0,0,0,0,0,1200000.0,AL,['LAA'],['AL'],2024,0,0,0,100,Active,0
493117,Jason Vosler,CIN,3B,31,0,0,0,0,0,0,0,0,0,0,0,0,0,0,0,0,0,0,0,1000000.0,NL,['CIN'],['NL'],2024,0,0,0,100,Active,0
560116,Nick Loftin,KC,3B,26,0,0,0,0,0,0,0,0,0,0,0,0,0,0,0,0,0,0,0,0.0,AL,['KC'],['AL'],2024,0,0,0,100,Active,0
642276,Evan Carter,TEX,OF,22,0,0,0,0,0,0,0,0,0,0,0,0,0,0,0,0,0,0,0,0.0,AL,['TEX'],['AL'],2024,0,0,0,100,Active,0
453150,Michael Stefanic,LAA,2B,28,0,0,0,0,0,0,0,0,0,0,0,0,0,0,0,0,0,0,0,0.0,AL,['LAA'],['AL'],2024,0,0,0,100,Active,0
669252,Colton Cowser,BAL,OF,24,0,0,0,0,0,0,0,0,0,0,0,0,0,0,0,0,0,0,0,0.0,AL,['BAL'],['AL'],2024,0,0,0,100,Active,0
970793,Estevan Florial,NYY,OF,26,0,0,0,0,0,0,0,0,0,0,0,0,0,0,0,0,0,0,0,0.0,AL,['NYY'],['AL'],2024,0,0,0,100,Active,0
809123,Juan Yepez,STL,OF,26,0,0,0,0,0,0,0,0,0,0,0,0,0,0,0,0,0,0,0,0.0,NL,['STL'],['NL'],2024,0,0,0,100,Active,0
1041424,Samad Taylor,KC,2B,26,0,0,0,0,0,0,0,0,0,0,0,0,0,0,0,0,0,0,0,0.0,AL,['KC'],['AL'],2024,0,0,0,100,Active,0
503069,Jonathan Arauz,NYM,2B,26,0,0,0,0,0,0,0,0,0,0,0,0,0,0,0,0,0,0,0,0.0,NL,['NYM'],['NL'],2024,0,0,0,100,Active,0
893586,Franmil Reyes,KC,DH,29,0,0,0,0,0,0,0,0,0,0,0,0,0,0,0,0,0,0,0,2000000.0,AL,['KC'],['AL'],2024,0,0,0,100,Active,0
671193,Josh Donaldson,MIL,3B,38,0,0,0,0,0,0,0,0,0,0,0,0,0,0,0,0,0,0,0,21750000.0,NL,"['NYY', 'MIL']","['NL', 'AL']",2024,0,0,0,100,Active,0
816643,Jo Adell,LAA,OF,25,0,0,0,0,0,0,0,0,0,0,0,0,0,0,0,0,0,0,0,0.0,AL,['LAA'],['AL'],2024,0,0,0,100,Active,0
156805,Tomas Nido,NYM,C,30,0,0,0,0,0,0,0,0,0,0,0,0,0,0,0,0,0,0,0,0.0,NL,['NYM'],['NL'],2024,0,0,0,100,Active,0
621582,Heliot Ramos,SF,OF,25,0,0,0,0,0,0,0,0,0,0,0,0,0,0,0,0,0,0,0,0.0,NL,['SF'],['NL'],2024,0,0,0,100,Active,0
453000,Tim Locastro,NYM,OF,32,0,0,0,0,0,0,0,0,0,0,0,0,0,0,0,0,0,0,0,1400000.0,NL,['NYM'],['NL'],2024,0,0,0,100,Active,0
335945,Brad Miller,TEX,OF,34,0,0,0,0,0,0,0,0,0,0,0,0,0,0,0,0,0,0,0,4000000.0,AL,['TEX'],['AL'],2024,0,0,0,100,Active,0
896540,Wade Meckler,SF,OF,24,0,0,0,0,0,0,0,0,0,0,0,0,0,0,0,0,0,0,0,0.0,NL,['SF'],['NL'],2024,0,0,0,100,Active,0
499123,Luis Urias,MIL,2B,27,0,0,0,0,0,0,0,0,0,0,0,0,0,0,0,0,0,0,0,0.0,NL,"['BOS', 'MIL']","['NL', 'AL']",2024,0,0,0,100,Active,0
682978,Darick Hall,PHI,DH,29,0,0,0,0,0,0,0,0,0,0,0,0,0,0,0,0,0,0,0,724500.0,NL,['PHI'],['NL'],2024,0,0,0,100,Active,0
559509,Michael Brantley,HOU,OF,37,0,0,0,0,0,0,0,0,0,0,0,0,0,0,0,0,0,0,0,12000000.0,AL,['HOU'],['AL'],2024,0,0,0,100,Active,0
738328,Nate Eaton,KC,OF,27,0,0,0,0,0,0,0,0,0,0,0,0,0,0,0,0,0,0,0,722200.0,AL,['KC'],['AL'],2024,0,0,0,100,Active,0
765115,Bubba Thompson,TEX,OF,26,0,0,0,0,0,0,0,0,0,0,0,0,0,0,0,0,0,0,0,724305.0,AL,['TEX'],['AL'],2024,0,0,0,100,Active,0
253385,Trey Cabbage,LAA,OF,27,0,0,0,0,0,0,0,0,0,0,0,0,0,0,0,0,0,0,0,0.0,AL,['LAA'],['AL'],2024,0,0,0,100,Active,0
821881,Carson Kelly,DET,C,30,0,0,0,0,0,0,0,0,0,0,0,0,0,0,0,0,0,0,0,4275000.0,AL,"['ARI', 'DET']",['AL'],2024,0,0,0,100,Active,0
655348,Jake Lamb,LAA,OF,34,0,0,0,0,0,0,0,0,0,0,0,0,0,0,0,0,0,0,0,288960.0,AL,['LAA'],['AL'],2024,0,0,0,100,Active,0
538465,Jose Fermin,STL,2B,25,0,0,0,0,0,0,0,0,0,0,0,0,0,0,0,0,0,0,0,0.0,NL,['STL'],['NL'],2024,0,0,0,100,Active,0
405459,Tyler Wade,OAK,3B,29,0,0,0,0,0,0,0,0,0,0,0,0,0,0,0,0,0,0,0,0.0,AL,['OAK'],['AL'],2024,0,0,0,100,Active,0
637565,Kyle Lewis,ARI,DH,29,0,0,0,0,0,0,0,0,0,0,0,0,0,0,0,0,0,0,0,1610000.0,AL,['ARI'],['AL'],2024,0,0,0,100,Active,0
396131,Ernie Clement,TOR,2B,28,0,0,0,0,0,0,0,0,0,0,0,0,0,0,0,0,0,0,0,0.0,AL,['TOR'],['AL'],2024,0,0,0,100,Active,0
691421,C.J. Cron,LAA,1B,34,0,0,0,0,0,0,0,0,0,0,0,0,0,0,0,0,0,0,0,7250000.0,AL,"['LAA', 'COL']","['NL', 'AL']",2024,0,0,0,100,Active,0
420724,Bobby Dalbec,BOS,1B,29,0,0,0,0,0,0,0,0,0,0,0,0,0,0,0,0,0,0,0,0.0,AL,['BOS'],['AL'],2024,0,0,0,100,Active,0
104091,Terrin Vavra,BAL,2B,27,0,0,0,0,0,0,0,0,0,0,0,0,0,0,0,0,0,0,0,722100.0,AL,['BAL'],['AL'],2024,0,0,0,100,Active,0
671646,Carlos Perez,CWS,C,28,0,0,0,0,0,0,0,0,0,0,0,0,0,0,0,0,0,0,0,0.0,AL,"['OAK', 'CWS']",['AL'],2024,0,0,0,100,Active,0
70092,Derek Hill,WSH,OF,28,0,0,0,0,0,0,0,0,0,0,0,0,0,0,0,0,0,0,0,0.0,NL,['WSH'],['NL'],2024,0,0,0,100,Active,0
882598,Taylor Trammell,SEA,OF,27,0,0,0,0,0,0,0,0,0,0,0,0,0,0,0,0,0,0,0,726700.0,AL,['SEA'],['AL'],2024,0,0,0,100,Active,0
186292,Paul DeJong,TOR,SS,31,0,0,0,0,0,0,0,0,0,0,0,0,0,0,0,0,0,0,0,9166666.0,AL,"['STL', 'TOR', 'SF']","['NL', 'AL']",2024,0,0,0,100,Active,0
780435,Jurickson Profar,SD,OF,31,0,0,0,0,0,0,0,0,0,0,0,0,0,0,0,0,0,0,0,7750000.0,NL,"['SD', 'COL']",['NL'],2024,0,0,0,100,Active,0
880064,Bryce Johnson,SF,OF,28,0,0,0,0,0,0,0,0,0,0,0,0,0,0,0,0,0,0,0,0.0,NL,['SF'],['NL'],2024,0,0,0,100,Active,0
309066,Jared Young,CHC,1B,29,0,0,0,0,0,0,0,0,0,0,0,0,0,0,0,0,0,0,0,0.0,NL,['CHC'],['NL'],2024,0,0,0,100,Active,0
918908,Sam Huff,TEX,C,26,0,0,0,0,0,0,0,0,0,0,0,0,0,0,0,0,0,0,0,0.0,AL,['TEX'],['AL'],2024,0,0,0,100,Active,0
118316,Cody Thomas,OAK,OF,30,0,0,0,0,0,0,0,0,0,0,0,0,0,0,0,0,0,0,0,0.0,AL,['OAK'],['AL'],2024,0,0,0,100,Active,0
369245,Jonny DeLuca,LAD,OF,26,0,0,0,0,0,0,0,0,0,0,0,0,0,0,0,0,0,0,0,0.0,AL,['LAD'],['AL'],2024,0,0,0,100,Active,0
937937,TJ Hopkins,CIN,OF,27,0,0,0,0,0,0,0,0,0,0,0,0,0,0,0,0,0,0,0,0.0,NL,['CIN'],['NL'],2024,0,0,0,100,Active,0
347582,Sandy Leon,TEX,C,35,0,0,0,0,0,0,0,0,0,0,0,0,0,0,0,0,0,0,0,0.0,AL,['TEX'],['AL'],2024,0,0,0,100,Active,0
53331,J.P. Martinez,TEX,OF,28,0,0,0,0,0,0,0,0,0,0,0,0,0,0,0,0,0,0,0,0.0,AL,['TEX'],['AL'],2024,0,0,0,100,Active,0
850153,Kyren Paris,LAA,SS,22,0,0,0,0,0,0,0,0,0,0,0,0,0,0,0,0,0,0,0,0.0,AL,['LAA'],['AL'],2024,0,0,0,100,Active,0
70093,Grae Kessinger,HOU,SS,27,0,0,0,0,0,0,0,0,0,0,0,0,0,0,0,0,0,0,0,0.0,AL,['HOU'],['AL'],2024,0,0,0,100,Active,0
496179,Spencer Horwitz,TOR,1B,26,0,0,0,0,0,0,0,0,0,0,0,0,0,0,0,0,0,0,0,0.0,AL,['TOR'],['AL'],2024,0,0,0,100,Active,0
102500,Jordyn Adams,LAA,OF,24,0,0,0,0,0,0,0,0,0,0,0,0,0,0,0,0,0,0,0,0.0,AL,['LAA'],['AL'],2024,0,0,0,100,Active,0
1023207,Marco Luciano,SF,SS,23,0,0,0,0,0,0,0,0,0,0,0,0,0,0,0,0,0,0,0,0.0,NL,['SF'],['NL'],2024,0,0,0,100,Active,0
448634,Hunter Renfroe,CIN,OF,32,0,0,0,0,0,0,0,0,0,0,0,0,0,0,0,0,0,0,0,11900000.0,NL,"['LAA', 'CIN']","['NL', 'AL']",2024,0,0,0,100,Active,0
877896,Sean Bouchard,COL,OF,28,0,0,0,0,0,0,0,0,0,0,0,0,0,0,0,0,0,0,0,0.0,NL,['COL'],['NL'],2024,0,0,0,100,Active,0
940387,Coco Montes,COL,2B,28,0,0,0,0,0,0,0,0,0,0,0,0,0,0,0,0,0,0,0,0.0,NL,['COL'],['NL'],2024,0,0,0,100,Active,0
1030265,Dominic Canzone,ARI,OF,27,0,0,0,0,0,0,0,0,0,0,0,0,0,0,0,0,0,0,0,0.0,AL,"['ARI', 'SEA']",['AL'],2024,0,0,0,100,Active,0
861033,Ivan Herrera,STL,C,24,0,0,0,0,0,0,0,0,0,0,0,0,0,0,0,0,0,0,0,0.0,NL,['STL'],['NL'],2024,0,0,0,100,Active,0
435678,Andrew Stevenson,MIN,OF,30,0,0,0,0,0,0,0,0,0,0,0,0,0,0,0,0,0,0,0,0.0,AL,['MIN'],['AL'],2024,0,0,0,100,Active,0
632574,Eguy Rosario,SD,3B,25,0,0,0,0,0,0,0,0,0,0,0,0,0,0,0,0,0,0,0,0.0,NL,['SD'],['NL'],2024,0,0,0,100,Active,0
159906,Adam Haseley,CWS,OF,28,0,0,0,0,0,0,0,0,0,0,0,0,0,0,0,0,0,0,0,0.0,AL,['CWS'],['AL'],2024,0,0,0,100,Active,0
462149,Blake Rutherford,WSH,OF,27,0,0,0,0,0,0,0,0,0,0,0,0,0,0,0,0,0,0,0,0.0,NL,['WSH'],['NL'],2024,0,0,0,100,Active,0
354064,Andre Lipcius,DET,3B,26,0,0,0,0,0,0,0,0,0,0,0,0,0,0,0,0,0,0,0,0.0,AL,['DET'],['AL'],2024,0,0,0,100,Active,0
303925,Junior Caminero,TB,3B,21,0,0,0,0,0,0,0,0,0,0,0,0,0,0,0,0,0,0,0,0.0,AL,['TB'],['AL'],2024,0,0,0,100,Active,0
299454,Joey Ortiz,BAL,SS,26,0,0,0,0,0,0,0,0,0,0,0,0,0,0,0,0,0,0,0,0.0,AL,['BAL'],['AL'],2024,0,0,0,100,Active,0
707642,Peyton Burdick,MIA,OF,27,0,0,0,0,0,0,0,0,0,0,0,0,0,0,0,0,0,0,0,0.0,NL,['MIA'],['NL'],2024,0,0,0,100,Active,0
613085,David Hamilton,BOS,SS,27,0,0,0,0,0,0,0,0,0,0,0,0,0,0,0,0,0,0,0,0.0,AL,['BOS'],['AL'],2024,0,0,0,100,Active,0
91252,Tyler Fitzgerald,SF,SS,27,0,0,0,0,0,0,0,0,0,0,0,0,0,0,0,0,0,0,0,0.0,NL,['SF'],['NL'],2024,0,0,0,100,Active,0
331731,Oneil Cruz,PIT,SS,26,0,0,0,0,0,0,0,0,0,0,0,0,0,0,0,0,0,0,0,720000.0,NL,['PIT'],['NL'],2024,0,0,0,100,Active,0
787587,Canaan Smith-Njigba,PIT,OF,25,0,0,0,0,0,0,0,0,0,0,0,0,0,0,0,0,0,0,0,725000.0,NL,['PIT'],['NL'],2024,0,0,0,100,Active,0
125095,Harrison Bader,CIN,OF,30,0,0,0,0,0,0,0,0,0,0,0,0,0,0,0,0,0,0,0,0.0,NL,"['NYY', 'CIN']","['NL', 'AL']",2024,0,0,0,100,Active,0
994478,Travis Blankenhorn,WSH,3B,28,0,0,0,0,0,0,0,0,0,0,0,0,0,0,0,0,0,0,0,0.0,NL,['WSH'],['NL'],2024,0,0,0,100,Active,0
608579,Oscar Mercado,STL,OF,29,0,0,0,0,0,0,0,0,0,0,0,0,0,0,0,0,0,0,0,0.0,NL,['STL'],['NL'],2024,0,0,0,100,Active,0
940426,Ji-Man Choi,SD,1B,33,0,0,0,0,0,0,0,0,0,0,0,0,0,0,0,0,0,0,0,0.0,NL,"['PIT', 'SD']",['NL'],2024,0,0,0,100,Active,0
600227,Jasson Dominguez,NYY,OF,21,0,0,0,0,0,0,0,0,0,0,0,0,0,0,0,0,0,0,0,0.0,AL,['NYY'],['AL'],2024,0,0,0,100,Active,0
951324,Jose Tena,CLE,SS,23,0,0,0,0,0,0,0,0,0,0,0,0,0,0,0,0,0,0,0,0.0,AL,['CLE'],['AL'],2024,0,0,0,100,Active,0
71831,Jordan Lawlar,ARI,SS,22,0,0,0,0,0,0,0,0,0,0,0,0,0,0,0,0,0,0,0,0.0,AL,['ARI'],['AL'],2024,0,0,0,100,Active,0
952756,Logan Porter,KC,C,29,0,0,0,0,0,0,0,0,0,0,0,0,0,0,0,0,0,0,0,0.0,AL,['KC'],['AL'],2024,0,0,0,100,Active,0
885701,Heston Kjerstad,BAL,1B,25,0,0,0,0,0,0,0,0,0,0,0,0,0,0,0,0,0,0,0,0.0,AL,['BAL'],['AL'],2024,0,0,0,100,Active,0
494400,Kolten Wong,LAD,2B,34,0,0,0,0,0,0,0,0,0,0,0,0,0,0,0,0,0,0,0,10000000.0,AL,"['LAD', 'SEA']",['AL'],2024,0,0,0,100,Active,0
243371,Kyle Stowers,BAL,OF,26,0,0,0,0,0,0,0,0,0,0,0,0,0,0,0,0,0,0,0,722200.0,AL,['BAL'],['AL'],2024,0,0,0,100,Active,0
567680,Rodolfo Castro,PHI,2B,25,0,0,0,0,0,0,0,0,0,0,0,0,0,0,0,0,0,0,0,725000.0,NL,"['PIT', 'PHI']",['NL'],2024,0,0,0,100,Active,0
638323,Nelson Velazquez,CHC,OF,25,0,0,0,0,0,0,0,0,0,0,0,0,0,0,0,0,0,0,0,0.0,NL,"['CHC', 'KC']","['NL', 'AL']",2024,0,0,0,100,Active,0
208871,Jon Singleton,MIL,1B,33,0,0,0,0,0,0,0,0,0,0,0,0,0,0,0,0,0,0,0,0.0,NL,"['HOU', 'MIL']","['NL', 'AL']",2024,0,0,0,100,Active,0
573776,Kyle Garlick,MIN,OF,32,0,0,0,0,0,0,0,0,0,0,0,0,0,0,0,0,0,0,0,750000.0,AL,['MIN'],['AL'],2024,0,0,0,100,Active,0
675050,Edwin Rios,CHC,1B,30,0,0,0,0,0,0,0,0,0,0,0,0,0,0,0,0,0,0,0,1000000.0,NL,['CHC'],['NL'],2024,0,0,0,100,Active,0
663886,Drew Millas,WSH,C,26,0,0,0,0,0,0,0,0,0,0,0,0,0,0,0,0,0,0,0,0.0,NL,['WSH'],['NL'],2024,0,0,0,100,Active,0
396334,Nathan Lukes,TOR,OF,30,0,0,0,0,0,0,0,0,0,0,0,0,0,0,0,0,0,0,0,0.0,AL,['TOR'],['AL'],2024,0,0,0,100,Active,0
621922,Bligh Madris,HOU,OF,28,0,0,0,0,0,0,0,0,0,0,0,0,0,0,0,0,0,0,0,0.0,AL,['HOU'],['AL'],2024,0,0,0,100,Active,0
101521,Chris Owings,PIT,2B,33,0,0,0,0,0,0,0,0,0,0,0,0,0,0,0,0,0,0,0,100000.0,NL,['PIT'],['NL'],2024,0,0,0,100,Active,0
619033,Austin Hedges,TEX,C,32,0,0,0,0,0,0,0,0,0,0,0,0,0,0,0,0,0,0,0,5000000.0,AL,"['PIT', 'TEX']","['NL', 'AL']",2024,0,0,0,100,Active,0
805827,Darin Ruf,SF,OF,38,0,0,0,0,0,0,0,0,0,0,0,0,0,0,0,0,0,0,0,3000000.0,NL,"['MIL', 'SF']",['NL'],2024,0,0,0,100,Active,0
867729,Jorge Alfaro,BOS,C,31,0,0,0,0,0,0,0,0,0,0,0,0,0,0,0,0,0,0,0,0.0,AL,"['BOS', 'COL']","['NL', 'AL']",2024,0,0,0,100,Active,0
324745,Alfonso Rivas,SD,1B,28,0,0,0,0,0,0,0,0,0,0,0,0,0,0,0,0,0,0,0,0.0,NL,"['PIT', 'SD']",['NL'],2024,0,0,0,100,Active,0
670814,Jordan Luplow,TOR,OF,31,0,0,0,0,0,0,0,0,0,0,0,0,0,0,0,0,0,0,0,0.0,AL,"['TOR', 'MIN']",['AL'],2024,0,0,0,100,Active,0
16878,Seby Zavala,ARI,C,31,0,0,0,0,0,0,0,0,0,0,0,0,0,0,0,0,0,0,0,732000.0,AL,"['ARI', 'CWS']",['AL'],2024,0,0,0,100,Active,0
302715,Eric Haase,CLE,C,31,0,0,0,0,0,0,0,0,0,0,0,0,0,0,0,0,0,0,0,740100.0,AL,"['CLE', 'DET']",['AL'],2024,0,0,0,100,Active,0
603021,Mark Mathias,SF,DH,30,0,0,0,0,0,0,0,0,0,0,0,0,0,0,0,0,0,0,0,0.0,NL,"['PIT', 'SF']",['NL'],2024,0,0,0,100,Active,0
303443,Tyler Heineman,PIT,C,33,0,0,0,0,0,0,0,0,0,0,0,0,0,0,0,0,0,0,0,0.0,NL,"['PIT', 'TOR']","['NL', 'AL']",2024,0,0,0,100,Active,0
949089,Raimel Tapia,TB,OF,30,0,0,0,0,0,0,0,0,0,0,0,0,0,0,0,0,0,0,0,2000000.0,AL,"['BOS', 'TB', 'MIL']","['NL', 'AL']",2024,0,0,0,100,Active,0
959216,Luis Torrens,SEA,C,28,0,0,0,0,0,0,0,0,0,0,0,0,0,0,0,0,0,0,0,1200000.0,AL,"['CHC', 'SEA']","['NL', 'AL']",2024,0,0,0,100,Active,0
572132,AJ Pollock,SF,OF,36,0,0,0,0,0,0,0,0,0,0,0,0,0,0,0,0,0,0,0,7000000.0,NL,"['SEA', 'SF']","['NL', 'AL']",2024,0,0,0,100,Active,0
671769,Gary Sanchez,NYM,C,31,0,0,0,0,0,0,0,0,0,0,0,0,0,0,0,0,0,0,0,0.0,NL,"['SD', 'NYM']",['NL'],2024,0,0,0,100,Active,0
266444,Matt Beaty,SF,1B,31,0,0,0,0,0,0,0,0,0,0,0,0,0,0,0,0,0,0,0,1250000.0,NL,"['KC', 'SF']","['NL', 'AL']",2024,0,0,0,100,Active,0
794021,Austin Wynns,SF,C,33,0,0,0,0,0,0,0,0,0,0,0,0,0,0,0,0,0,0,0,0.0,NL,"['LAD', 'COL', 'SF']","['NL', 'AL']",2024,0,0,0,100,Active,0
321727,Jake Marisnick,CWS,OF,33,0,0,0,0,0,0,0,0,0,0,0,0,0,0,0,0,0,0,0,866636.0,AL,"['LAD', 'CWS', 'DET']",['AL'],2024,0,0,0,100,Active,0
