Rk,Player,Age,Team,Lg,WAR,W,L,W-L%,ERA,G,GS,GF,CG,SHO,SV,IP,H,R,ER,HR,BB,IBB,SO,HBP,BK,WP,BF,ERA+,FIP,WHIP,H9,HR9,BB9,SO9,SO/BB,Awards,Player-additional
1,Max Fried*,32,NYY,AL,0.8,2,1,.667,2.97,5,5,0,0,0,0,33.1,19,11,11,1,8,0,23,2,0,0,127,143,3.08,0.810,5.1,0.3,2.2,6.2,2.88,,friedma01
2,Sandy Alcantara,30,MIA,NL,0.7,2,1,.667,2.67,4,4,0,1,1,0,30.1,20,10,9,3,6,0,22,1,0,1,116,153,3.70,0.857,5.9,0.9,1.8,6.5,3.67,,alcansa01
3,George Kirby,28,SEA,AL,0.5,2,2,.500,3.25,4,4,0,1,0,0,27.2,20,10,10,3,6,0,22,1,0,0,103,124,3.75,0.940,6.5,1.0,2.0,7.2,3.67,,kirbyge01
4,José Soriano,27,LAA,AL,1.8,4,0,1.000,0.33,4,4,0,0,0,0,27.0,9,1,1,1,9,1,31,0,0,0,97,1317,2.35,0.667,3.0,0.3,3.0,10.3,3.44,,soriajo02
5,Parker Messick*,25,CLE,AL,1.6,3,0,1.000,1.05,4,4,0,0,0,0,25.2,13,3,3,1,7,0,25,0,0,1,93,413,2.54,0.779,4.6,0.4,2.5,8.8,3.57,,messipa01
6,Yoshinobu Yamamoto,27,LAD,NL,0.7,2,1,.667,2.10,4,4,0,0,0,0,25.2,18,6,6,3,3,0,21,1,0,0,95,186,3.52,0.818,6.3,1.1,1.1,7.4,7.00,,yamamyo01
7,Bryan Woo,26,SEA,AL,0.6,0,2,.000,2.16,4,4,0,0,0,0,25.0,18,8,6,0,5,0,20,1,1,0,97,188,2.29,0.920,6.5,0.0,1.8,7.2,4.00,,woobr01
8,Jeffrey Springs*,33,ATH,AL,1.4,3,0,1.000,1.46,4,4,0,0,0,0,24.2,11,4,4,0,8,0,20,0,0,0,91,319,2.52,0.770,4.0,0.0,2.9,7.3,2.50,,sprinje01
9,Seth Lugo,36,KCR,AL,1.0,1,1,.500,1.48,4,4,0,0,0,0,24.1,18,5,4,0,6,0,21,0,0,0,92,288,2.18,0.986,6.7,0.0,2.2,7.8,3.50,,lugose01
10,Tarik Skubal*,29,DET,AL,1.0,2,2,.500,2.22,4,4,0,0,0,0,24.1,19,7,6,1,4,0,23,1,0,0,95,196,2.43,0.945,7.0,0.4,1.5,8.5,5.75,,skubata01
11,Framber Valdez*,32,DET,AL,0.5,1,1,.500,3.75,4,4,0,0,0,0,24.0,23,11,10,0,7,0,13,1,0,1,104,116,3.08,1.250,8.6,0.0,2.6,4.9,1.86,,valdefr01
12,Logan Webb,29,SFG,NL,-0.2,1,2,.333,5.25,4,4,0,0,0,0,24.0,24,15,14,1,9,0,21,1,0,0,105,74,3.21,1.375,9.0,0.4,3.4,7.9,2.33,,webblo01
13,Logan Gilbert,29,SEA,AL,0.1,1,2,.333,4.18,4,4,0,0,0,0,23.2,22,11,11,2,4,0,25,0,0,2,91,97,2.66,1.099,8.4,0.8,1.5,9.5,6.25,,gilbelo01
14,Emerson Hancock,27,SEA,AL,0.7,2,1,.667,2.28,4,4,0,0,0,0,23.2,14,6,6,2,4,0,25,1,0,1,85,178,2.79,0.761,5.3,0.8,1.5,9.5,6.25,,hancoem01
15,Nolan McLean,24,NYM,NL,0.7,1,1,.500,2.28,4,4,0,0,0,0,23.2,10,7,6,1,8,0,28,1,0,0,89,171,2.49,0.761,3.8,0.4,3.0,10.6,3.50,,mcleano01
16,Trevor Rogers*,28,BAL,AL,0.7,2,1,.667,3.04,4,4,0,0,0,0,23.2,24,8,8,1,6,0,20,1,0,2,98,142,2.91,1.268,9.1,0.4,2.3,7.6,3.33,,rogertr01
17,Bryce Elder,27,ATL,NL,1.0,2,1,.667,0.77,4,4,0,0,0,0,23.1,17,4,2,1,7,0,23,1,0,0,91,523,2.78,1.029,6.6,0.4,2.7,8.9,3.29,,elderbr01
18,Jack Kochanowicz,25,LAA,AL,0.4,2,0,1.000,3.47,4,4,0,0,0,0,23.1,14,10,9,1,15,0,18,0,0,1,99,127,4.11,1.243,5.4,0.4,5.8,6.9,1.20,,kochaja01
19,Clay Holmes,33,NYM,NL,0.9,2,2,.500,1.96,4,4,0,0,0,0,23.0,16,5,5,2,9,0,16,1,1,2,93,200,4.21,1.087,6.3,0.8,3.5,6.3,1.78,,holmecl01
20,Rhett Lowder,24,CIN,NL,0.7,2,1,.667,3.52,4,4,0,0,0,0,23.0,19,10,9,1,7,0,15,0,0,0,94,122,3.34,1.130,7.4,0.4,2.7,5.9,2.14,,lowderh01
21,Eduardo Rodríguez*,33,ARI,NL,0.6,1,0,1.000,1.96,4,4,0,0,0,0,23.0,19,6,5,2,9,0,14,0,0,0,96,212,4.25,1.217,7.4,0.8,3.5,5.5,1.56,,rodried05
22,Braxton Ashcraft,26,PIT,NL,0.5,1,1,.500,2.38,4,4,0,0,0,0,22.2,17,9,6,0,7,0,27,1,0,0,91,173,1.84,1.059,6.8,0.0,2.8,10.7,3.86,,ashcrbr01
23,Kris Bubic*,28,KCR,AL,0.3,2,1,.667,3.97,4,4,0,0,0,0,22.2,14,10,10,2,10,0,26,0,0,3,89,108,3.34,1.059,5.6,0.8,4.0,10.3,2.60,,bubickr01
24,Reid Detmers*,26,LAA,AL,0.4,1,1,.500,3.57,4,4,0,0,0,0,22.2,18,10,9,1,6,0,26,2,0,0,94,123,2.51,1.059,7.1,0.4,2.4,10.3,4.33,,detmere01
25,Michael King,31,SDP,NL,0.6,2,1,.667,2.78,4,4,0,0,0,0,22.2,16,8,7,1,10,0,20,3,0,0,93,148,3.70,1.147,6.4,0.4,4.0,7.9,2.00,,kingmi01
26,Jesús Luzardo*,28,PHI,NL,-0.2,1,3,.250,7.94,4,4,0,0,0,0,22.2,28,21,20,3,5,0,30,0,0,3,98,54,2.90,1.456,11.1,1.2,2.0,11.9,6.00,,luzarje01
27,Landen Roupp,27,SFG,NL,0.4,3,1,.750,2.38,4,4,0,0,0,0,22.2,15,8,6,0,7,0,24,2,0,1,90,163,2.24,0.971,6.0,0.0,2.8,9.5,3.43,,rouppla01
28,Gavin Williams,26,CLE,AL,0.8,2,1,.667,2.38,4,4,0,0,0,0,22.2,10,6,6,3,16,0,29,0,0,0,89,183,4.45,1.147,4.0,1.2,6.4,11.5,1.81,,williga01
29,Chase Burns,23,CIN,NL,1.0,1,1,.500,2.42,4,4,0,0,0,0,22.1,15,6,6,3,9,0,22,0,0,0,88,178,4.15,1.075,6.0,1.2,3.6,8.9,2.44,,burnsch01
30,Kevin Gausman,35,TOR,AL,0.7,0,1,.000,2.42,4,4,0,0,0,0,22.1,14,7,6,2,5,0,31,0,1,0,88,187,2.23,0.851,5.6,0.8,2.0,12.5,6.20,,gausmke01
31,Aaron Nola,33,PHI,NL,0.9,1,1,.500,4.03,4,4,0,0,0,0,22.1,23,10,10,3,6,0,24,0,0,0,93,106,3.57,1.299,9.3,1.2,2.4,9.7,4.00,,nolaaa01
32,Robbie Ray*,34,SFG,NL,0.7,2,2,.500,2.42,4,4,0,0,0,0,22.1,13,6,6,4,10,0,24,0,0,0,88,160,4.69,1.030,5.2,1.6,4.0,9.7,2.40,,rayro02
33,Cristopher Sánchez*,29,PHI,NL,1.4,2,1,.667,2.01,4,4,0,0,0,0,22.1,24,7,5,1,7,0,31,0,0,0,95,212,1.91,1.388,9.7,0.4,2.8,12.5,4.43,,sanchcr01
34,Shane Baz,27,BAL,AL,0.1,0,2,.000,4.91,4,4,0,0,0,0,22.0,26,12,12,2,8,0,19,2,0,0,97,88,3.99,1.545,10.6,0.8,3.3,7.8,2.38,,bazsh01
35,Mike Burrows,26,HOU,AL,-0.2,1,3,.250,6.55,4,4,0,0,0,0,22.0,33,16,16,5,7,0,18,1,0,0,103,67,5.58,1.818,13.5,2.0,2.9,7.4,2.57,,burromi01
36,Shota Imanaga*,32,CHC,NL,0.5,1,1,.500,2.45,4,4,0,0,0,0,22.0,12,6,6,2,5,0,31,0,0,2,82,150,2.21,0.773,4.9,0.8,2.0,12.7,6.20,,imanash01
37,Mitch Keller,30,PIT,NL,0.6,1,1,.500,2.86,4,4,0,0,0,0,22.0,18,7,7,1,9,0,14,1,1,0,90,144,3.85,1.227,7.4,0.4,3.7,5.7,1.56,,kellemi03
38,Chris Sale*,37,ATL,NL,0.4,3,1,.750,3.27,4,4,0,0,0,0,22.0,17,8,8,4,6,0,22,3,0,0,89,123,4.76,1.045,7.0,1.6,2.5,9.0,3.67,,salech01
39,Taj Bradley,25,MIN,AL,1.3,3,0,1.000,1.25,4,4,0,0,0,0,21.2,19,3,3,0,8,0,29,2,0,1,93,357,1.88,1.246,7.9,0.0,3.3,12.0,3.63,,bradlta01
40,Nathan Eovaldi,36,TEX,AL,-0.1,2,2,.500,5.40,4,4,0,0,0,0,21.2,25,13,13,4,7,0,26,1,0,3,97,70,4.28,1.477,10.4,1.7,2.9,10.8,3.71,,eovalna01
41,Grant Holmes,30,ATL,NL,0.4,1,1,.500,3.32,4,4,0,0,0,0,21.2,14,8,8,2,10,0,17,0,0,1,88,121,4.18,1.108,5.8,0.8,4.2,7.1,1.70,,holmegr01
42,Michael McGreevy,25,STL,NL,0.5,1,1,.500,2.49,4,4,0,0,0,0,21.2,15,6,6,3,3,0,12,0,0,0,82,156,4.28,0.831,6.2,1.2,1.2,5.0,4.00,,mcgremi01
43,Jacob Misiorowski,24,MIL,NL,0.4,1,1,.500,3.32,4,4,0,0,0,0,21.2,13,8,8,4,9,0,33,2,0,0,88,118,4.04,1.015,5.4,1.7,3.7,13.7,3.67,,misioja01
44,Cam Schlittler,25,NYY,AL,0.7,2,1,.667,2.49,4,4,0,0,0,0,21.2,15,6,6,0,1,0,30,0,0,0,81,172,0.54,0.738,6.2,0.0,0.4,12.5,30.00,,schlica01
45,Randy Vásquez,27,SDP,NL,0.7,1,0,1.000,2.49,4,4,0,0,0,0,21.2,20,6,6,1,8,0,25,1,0,0,90,165,2.71,1.292,8.3,0.4,3.3,10.4,3.13,,vasqura02
46,Steven Matz*,35,TBR,AL,0.3,3,0,1.000,3.80,4,4,0,0,0,0,21.1,16,9,9,2,6,0,21,1,0,2,85,114,3.40,1.031,6.8,0.8,2.5,8.9,3.50,,matzst01
47,Joe Ryan,30,MIN,AL,0.4,2,1,.667,3.80,4,4,0,0,0,0,21.1,15,10,9,1,6,0,22,2,0,1,85,117,2.84,0.984,6.3,0.4,2.5,9.3,3.67,,ryanjo04
48,MacKenzie Gore*,27,TEX,AL,0.4,2,1,.667,3.00,4,4,0,0,0,0,21.0,12,7,7,2,11,0,30,1,0,0,85,126,3.26,1.095,5.1,0.9,4.7,12.9,2.73,,gorema01
49,Matthew Liberatore*,26,STL,NL,0.0,0,1,.000,4.29,4,4,0,0,0,0,21.0,25,10,10,5,8,0,12,0,0,1,94,90,6.26,1.571,10.7,2.1,3.4,5.1,1.50,,liberma01
50,Freddy Peralta,30,NYM,NL,0.2,1,1,.500,3.86,4,4,0,0,0,0,21.0,16,9,9,3,8,0,25,1,0,1,89,102,3.93,1.143,6.9,1.3,3.4,10.7,3.13,,peralfr01
51,Michael Wacha,34,KCR,AL,1.1,2,0,1.000,0.43,3,3,0,0,0,0,21.0,10,1,1,1,5,0,17,1,0,0,74,998,3.03,0.714,4.3,0.4,2.1,7.3,3.40,,wachami01
52,Ryan Weathers*,26,NYY,AL,0.1,0,2,.000,4.29,4,4,0,0,0,0,21.0,22,10,10,4,7,0,28,0,0,2,90,100,3.98,1.381,9.4,1.7,3.0,12.0,4.00,,weathry01
53,Joey Cantillo*,26,CLE,AL,0.6,1,0,1.000,2.61,4,4,0,0,0,0,20.2,16,7,6,2,9,0,24,0,0,2,81,167,3.41,1.210,7.0,0.9,3.9,10.5,2.67,,cantijo01
54,Dylan Cease,30,TOR,AL,0.8,0,0,,1.74,4,4,0,0,0,0,20.2,14,6,4,0,12,0,32,1,0,0,89,260,1.96,1.258,6.1,0.0,5.2,13.9,2.67,,ceasedy01
55,Foster Griffin*,30,WSN,NL,0.7,2,0,1.000,3.05,4,4,0,0,0,0,20.2,19,7,7,3,7,0,19,1,0,0,87,131,4.38,1.258,8.3,1.3,3.0,8.3,2.71,,grifffo01
56,Reynaldo López,32,ATL,NL,0.4,1,0,1.000,2.18,4,4,0,0,0,0,20.2,15,8,5,3,8,0,19,1,0,1,84,186,4.52,1.113,6.5,1.3,3.5,8.3,2.38,,lopezre01
57,Simeon Woods Richardson,25,MIN,AL,0.0,0,3,.000,6.10,4,4,0,0,0,0,20.2,26,15,14,4,7,0,11,0,0,1,92,73,5.64,1.597,11.3,1.7,3.0,4.8,1.57,,woodssi01
58,Mick Abel,24,MIN,AL,0.6,1,2,.333,3.98,4,3,0,0,0,0,20.1,22,9,9,0,10,1,23,3,0,0,93,112,2.82,1.574,9.7,0.0,4.4,10.2,2.30,,abelmi01
59,Sean Burke,26,CHW,AL,0.3,0,2,.000,4.43,4,3,0,0,0,0,20.1,20,11,10,2,6,0,17,1,0,1,87,102,3.81,1.279,8.9,0.9,2.7,7.5,2.83,,burkese01
60,Sonny Gray,36,BOS,AL,0.0,2,1,.667,4.43,4,4,0,0,0,0,20.1,22,11,10,3,4,0,11,1,1,0,88,95,4.74,1.279,9.7,1.3,1.8,4.9,2.75,,grayso01
61,Jack Leiter,26,TEX,AL,0.0,1,1,.500,4.87,4,4,0,0,0,0,20.1,21,11,11,3,9,0,24,1,0,0,90,77,4.20,1.475,9.3,1.3,4.0,10.6,2.67,,leiteja01
62,Carmen Mlodzinski,27,PIT,NL,0.9,1,0,1.000,1.77,4,3,0,0,0,0,20.1,19,4,4,0,8,0,20,1,0,0,87,233,2.53,1.328,8.4,0.0,3.5,8.9,2.50,,mlodzca01
63,Ryne Nelson,28,ARI,NL,-0.3,1,1,.500,3.54,4,4,0,0,0,0,20.1,13,14,8,4,8,0,19,0,0,0,86,118,5.04,1.033,5.8,1.8,3.5,8.4,2.38,,nelsory01
64,Andrew Abbott*,27,CIN,NL,0.1,0,2,.000,5.85,4,4,0,0,0,0,20.0,26,13,13,2,8,0,12,0,0,0,90,74,4.47,1.700,11.7,0.9,3.6,5.4,1.50,,abbotan01
65,Jack Flaherty,30,DET,AL,0.3,0,1,.000,4.05,4,4,0,0,0,0,20.0,14,10,9,1,14,0,21,3,0,1,88,108,4.27,1.400,6.3,0.5,6.3,9.5,1.50,,flaheja01
66,Zac Gallen,30,ARI,NL,0.1,1,1,.500,3.60,4,4,0,0,0,0,20.0,22,9,8,2,7,0,11,0,0,0,85,116,4.42,1.450,9.9,0.9,3.2,5.0,1.57,,galleza01
67,Eury Pérez,23,MIA,NL,-0.3,1,1,.500,5.40,4,4,0,0,0,0,20.0,20,15,12,4,11,0,20,2,0,0,91,76,5.72,1.550,9.0,1.8,5.0,9.0,1.82,,perezeu02
68,Kyle Bradish,29,BAL,AL,-0.2,1,2,.333,5.49,4,4,0,0,0,0,19.2,22,14,12,1,10,0,21,0,0,0,88,79,3.22,1.627,10.1,0.5,4.6,9.6,2.10,,bradiky01
69,Slade Cecconi,27,CLE,AL,0.0,0,2,.000,5.03,4,4,0,0,0,0,19.2,17,12,11,3,10,0,18,3,0,1,88,87,5.30,1.373,7.8,1.4,4.6,8.2,1.80,,ceccosl01
70,Connelly Early*,24,BOS,AL,0.6,1,0,1.000,2.29,4,4,0,0,0,0,19.2,15,5,5,1,10,0,20,2,0,2,84,183,3.63,1.271,6.9,0.5,4.6,9.2,2.00,,earlyco01
71,Max Meyer,27,MIA,NL,0.3,1,0,1.000,4.12,4,4,0,0,0,0,19.2,17,9,9,2,9,0,20,0,0,0,88,100,3.83,1.322,7.8,0.9,4.1,9.2,2.22,,meyerma01
72,Bailey Ober,30,MIN,AL,0.2,2,0,1.000,5.49,4,4,0,0,0,0,19.2,20,12,12,2,5,0,14,1,0,0,85,81,3.98,1.271,9.2,0.9,2.3,6.4,2.80,,oberba01
73,David Peterson*,30,NYM,NL,-0.4,0,3,.000,6.41,4,4,0,0,0,0,19.2,26,15,14,1,10,0,21,1,0,1,97,61,3.37,1.831,11.9,0.5,4.6,9.6,2.10,,peterda01
74,Dustin May,28,STL,NL,-0.6,2,2,.500,6.98,4,4,0,0,0,0,19.1,27,16,15,2,4,0,15,2,0,2,84,56,3.89,1.603,12.6,0.9,1.9,7.0,3.75,,maydu01
75,Chris Paddack,30,MIA,NL,-0.1,0,3,.000,5.59,4,3,0,0,0,0,19.1,23,13,12,4,5,0,18,1,0,2,87,74,4.93,1.448,10.7,1.9,2.3,8.4,3.60,,paddach01
76,Luis Severino,32,ATH,AL,0.1,0,2,.000,5.59,4,4,0,0,0,0,19.1,17,12,12,2,16,0,24,0,0,0,86,84,4.51,1.707,7.9,0.9,7.4,11.2,1.50,,severlu01
77,Garrett Crochet*,27,BOS,AL,-0.6,2,2,.500,7.58,4,4,0,0,0,0,19.0,23,18,16,3,7,0,22,4,0,2,92,55,4.64,1.579,10.9,1.4,3.3,10.4,3.14,,crochga01
78,Chase Dollander,24,COL,NL,0.4,2,1,.667,3.32,5,0,1,0,0,0,19.0,15,7,7,3,6,0,23,1,0,0,80,140,3.90,1.105,7.1,1.4,2.8,10.9,3.83,,dollach01
79,Jake Irvin,29,WSN,NL,-0.1,1,2,.333,6.16,4,4,0,0,0,0,19.0,17,13,13,3,11,0,21,1,0,0,87,65,4.90,1.474,8.1,1.4,5.2,9.9,1.91,,irvinja01
80,Chad Patrick,27,MIL,NL,0.8,1,0,1.000,0.95,4,3,0,0,0,0,19.0,15,2,2,1,7,0,9,0,0,0,75,414,4.01,1.158,7.1,0.5,3.3,4.3,1.29,,patrich01
81,Tyler Mahle,31,SFG,NL,-0.5,0,3,.000,7.23,4,4,0,0,0,0,18.2,24,15,15,6,12,0,21,0,0,3,88,54,7.03,1.929,11.6,2.9,5.8,10.1,1.75,,mahlety01
82,Tanner Bibee,27,CLE,AL,-0.2,0,2,.000,6.38,4,4,0,0,0,0,18.1,24,13,13,4,6,0,18,0,0,1,82,69,5.02,1.636,11.8,2.0,2.9,8.8,3.00,,bibeeta01
83,Luis Castillo,33,SEA,AL,-0.4,0,1,.000,5.40,4,4,0,0,0,0,18.1,26,15,11,1,7,0,17,1,0,0,88,75,3.33,1.800,12.8,0.5,3.4,8.3,2.43,,castilu02
84,Jacob Lopez*,28,ATH,AL,-0.1,1,1,.500,6.38,4,4,0,0,0,0,18.1,19,13,13,3,17,0,16,0,0,0,90,73,6.33,1.964,9.3,1.5,8.3,7.9,0.94,,lopezja04
85,Will Warren,27,NYY,AL,0.1,1,0,1.000,2.45,4,4,0,0,0,0,18.1,17,9,5,2,6,0,20,1,0,1,80,175,3.55,1.255,8.3,1.0,2.9,9.8,3.33,,warrewi01
86,Tyler Glasnow,32,LAD,NL,0.2,1,0,1.000,4.00,3,3,0,0,0,0,18.0,13,8,8,2,4,0,22,0,0,0,71,98,2.83,0.944,6.5,1.0,2.0,11.0,5.50,,glasnty01
87,Yusei Kikuchi*,35,LAA,AL,-0.4,0,2,.000,7.50,4,4,0,0,0,0,18.0,24,15,15,3,10,0,19,0,0,3,89,59,4.89,1.889,12.0,1.5,5.0,9.5,1.90,,kikucyu01
88,Davis Martin,29,CHW,AL,0.7,2,1,.667,2.50,3,3,0,0,0,0,18.0,16,5,5,2,4,0,15,1,0,1,70,180,3.78,1.111,8.0,1.0,2.0,7.5,3.75,,martida03
89,Shohei Ohtani,31,LAD,NL,0.8,2,0,1.000,0.50,3,3,0,0,0,0,18.0,7,2,1,0,6,0,18,1,0,0,69,786,2.33,0.722,3.5,0.0,3.0,9.0,3.00,,ohtansh01
90,Paul Skenes,24,PIT,NL,0.2,3,1,.750,4.00,4,4,0,0,0,0,18.0,10,8,8,2,7,0,18,2,0,0,72,103,4.11,0.944,5.0,1.0,3.5,9.0,2.57,,skenepa01
91,Walker Buehler,31,SDP,NL,0.1,1,1,.500,4.58,4,4,0,0,0,0,17.2,16,9,9,1,6,0,18,1,0,0,73,90,3.05,1.245,8.2,0.5,3.1,9.2,3.00,,buehlwa01
92,Brady Singer,29,CIN,NL,0.1,1,1,.500,5.60,4,4,0,0,0,0,17.2,27,12,11,3,3,0,14,2,0,1,84,77,4.64,1.698,13.8,1.5,1.5,7.1,4.67,,singebr01
93,Anthony Kay*,31,CHW,AL,0.7,1,0,1.000,2.60,4,2,0,0,0,0,17.1,13,5,5,2,9,0,12,3,1,0,78,174,5.36,1.269,6.8,1.0,4.7,6.2,1.33,,kayan01
94,Colin Rea,35,CHC,NL,0.2,2,0,1.000,3.63,4,1,1,0,0,1,17.1,14,7,7,2,3,0,15,1,0,0,69,102,3.63,0.981,7.3,1.0,1.6,7.8,5.00,,reaco01
95,Brandon Sproat,25,MIL,NL,-0.4,0,1,.000,6.88,4,2,0,0,0,0,17.0,18,13,13,4,11,0,16,0,0,0,74,57,6.29,1.706,9.5,2.1,5.8,8.5,1.45,,sproabr01
96,Justin Wrobleski*,25,LAD,NL,0.5,2,0,1.000,2.12,3,2,1,0,0,0,17.0,8,4,4,0,5,0,6,0,0,0,63,186,3.34,0.765,4.2,0.0,2.6,3.2,1.20,,wroblju01
97,Edward Cabrera,28,CHC,NL,0.5,1,0,1.000,1.62,3,3,0,0,0,0,16.2,10,3,3,0,9,0,13,0,0,0,66,228,3.23,1.140,5.4,0.0,4.9,7.0,1.44,,cabreed02
98,Janson Junk,30,MIA,NL,0.1,0,2,.000,4.32,3,3,0,0,0,0,16.2,17,9,8,2,4,0,12,0,0,1,69,96,4.01,1.260,9.2,1.1,2.2,6.5,3.00,,junkja01
99,Michael Lorenzen,34,COL,NL,-0.8,1,2,.333,8.10,5,4,0,0,0,0,16.2,32,20,15,4,5,0,13,3,1,0,93,58,6.17,2.220,17.3,2.2,2.7,7.0,2.60,,lorenmi01
100,Nick Martinez,35,TBR,AL,0.7,0,0,,2.16,3,3,0,0,0,0,16.2,12,4,4,3,4,0,11,0,0,0,66,201,4.91,0.960,6.5,1.6,2.2,5.9,2.75,,martini01
101,Brandon Pfaadt,27,ARI,NL,-0.3,0,1,.000,5.94,3,3,0,0,0,0,16.2,17,12,11,3,6,0,11,1,0,1,73,70,5.45,1.380,9.2,1.6,3.2,5.9,1.83,,pfaadbr01
102,Cole Ragans*,28,KCR,AL,0.2,0,3,.000,3.78,4,4,0,0,0,0,16.2,13,8,7,3,10,0,16,0,0,0,67,114,5.39,1.380,7.0,1.6,5.4,8.6,1.60,,raganco01
103,Tomoyuki Sugano,36,COL,NL,0.7,1,0,1.000,2.16,3,3,0,0,0,0,16.2,10,4,4,4,3,0,12,0,0,0,63,216,5.39,0.780,5.4,2.2,1.6,6.5,4.00,,suganto01
104,Jameson Taillon,34,CHC,NL,-0.2,0,1,.000,4.86,3,3,0,0,0,0,16.2,15,10,9,5,6,1,17,1,0,0,71,76,6.29,1.260,8.1,2.7,3.2,9.2,2.83,,taillja01
105,Brandon Woodruff,33,MIL,NL,0.0,1,0,1.000,4.32,3,3,0,0,0,0,16.2,15,9,8,3,3,1,16,1,0,0,69,91,4.31,1.080,8.1,1.6,1.6,8.6,5.33,,woodrbr01
106,J.T. Ginn,27,ATH,AL,0.5,0,0,,3.31,5,2,2,0,0,0,16.1,9,6,6,2,7,0,11,0,0,0,63,142,4.70,0.980,5.0,1.1,3.9,6.1,1.57,,ginnjt01
107,Keider Montero,25,DET,AL,0.4,1,1,.500,3.31,3,3,0,0,0,0,16.1,12,7,6,0,2,0,15,0,0,0,63,133,1.70,0.857,6.6,0.0,1.1,8.3,7.50,,monteke01
108,Noah Cameron*,26,KCR,AL,0.1,1,0,1.000,3.94,3,3,0,0,0,0,16.0,16,7,7,2,4,0,14,0,0,0,67,109,3.79,1.250,9.0,1.1,2.3,7.9,3.50,,camerno01
109,Erick Fedde,33,CHW,AL,0.3,0,3,.000,3.38,3,2,0,0,0,0,16.0,14,7,6,2,3,0,12,2,0,0,64,134,4.23,1.063,7.9,1.1,1.7,6.8,4.00,,feddeer01
110,Adrian Houser,33,SFG,NL,-0.3,0,2,.000,5.06,3,3,0,0,0,0,16.0,20,11,9,1,5,0,10,0,0,2,74,77,3.67,1.563,11.3,0.6,2.8,5.6,2.00,,housead01
111,Casey Mize,29,DET,AL,0.4,1,1,.500,3.94,3,3,0,0,0,0,16.0,17,7,7,2,6,0,18,0,0,0,71,111,3.67,1.438,9.6,1.1,3.4,10.1,3.00,,mizeca01
112,Nick Pivetta,33,SDP,NL,0.1,1,2,.333,4.50,4,4,0,0,0,0,16.0,12,8,8,0,6,0,24,0,0,0,66,92,1.29,1.125,6.8,0.0,3.4,13.5,4.00,,pivetni01
113,Drew Rasmussen,30,TBR,AL,0.8,1,0,1.000,1.13,3,3,0,0,0,0,16.0,8,3,2,2,1,0,17,0,0,0,59,386,2.86,0.563,4.5,1.1,0.6,9.6,17.00,,rasmudr01
114,Joe Boyle,26,TBR,AL,-0.1,0,1,.000,5.17,3,3,0,0,0,0,15.2,11,11,9,1,6,0,16,0,0,1,66,84,3.10,1.085,6.3,0.6,3.4,9.2,2.67,,boylejo01
115,Cade Cavalli,27,WSN,NL,0.0,0,1,.000,4.60,4,4,0,0,0,0,15.2,15,10,8,0,12,0,13,3,0,1,74,88,4.38,1.723,8.6,0.0,6.9,7.5,1.08,,cavalca01
116,Aaron Civale,31,ATH,AL,0.7,2,0,1.000,1.72,3,3,0,0,0,0,15.2,10,3,3,2,5,0,12,0,0,2,62,272,4.25,0.957,5.7,1.1,2.9,6.9,2.40,,civalaa01
117,Jacob deGrom,38,TEX,AL,0.5,1,0,1.000,2.87,3,3,0,0,0,0,15.2,11,5,5,3,4,1,22,0,0,2,61,132,3.61,0.957,6.3,1.7,2.3,12.6,5.50,,degroja01
118,Kyle Freeland*,33,COL,NL,0.7,1,1,.500,2.30,3,3,0,0,0,0,15.2,13,4,4,1,4,0,13,4,0,1,67,203,3.87,1.085,7.5,0.6,2.3,7.5,3.25,,freelky01
119,Brad Lord,26,WSN,NL,0.1,1,0,1.000,4.60,7,0,1,0,0,0,15.2,15,8,8,3,4,1,12,2,0,1,67,88,5.27,1.213,8.6,1.7,2.3,6.9,3.00,,lordbr02
120,Miles Mikolas,37,WSN,NL,-0.9,0,3,.000,11.49,4,3,0,0,0,0,15.2,25,22,20,6,9,0,11,0,0,0,81,35,8.47,2.170,14.4,3.4,5.2,6.3,1.22,,mikolmi01
121,Michael Soroka,28,ARI,NL,0.4,3,0,1.000,2.87,3,3,0,0,0,0,15.2,13,5,5,1,6,0,23,3,0,0,67,146,2.79,1.213,7.5,0.6,3.4,13.2,3.83,,sorokmi01
122,Lance McCullers Jr.,32,HOU,AL,0.0,1,0,1.000,5.87,3,3,0,0,0,0,15.1,14,10,10,1,6,0,17,0,0,0,61,75,2.97,1.304,8.2,0.6,3.5,10.0,2.83,,mcculla02
123,Brandon Williamson*,28,CIN,NL,0.1,1,1,.500,5.28,3,3,0,0,0,0,15.1,12,9,9,3,9,0,10,1,0,1,67,82,6.36,1.370,7.0,1.8,5.3,5.9,1.11,,willibr02
124,Zack Littell,30,WSN,NL,0.3,0,1,.000,4.20,3,2,0,0,0,0,15.0,16,7,7,5,5,0,10,0,0,0,66,96,7.17,1.400,9.6,3.0,3.0,6.0,2.00,,litteza01
125,Andre Pallante,27,STL,NL,-0.1,1,1,.500,4.80,3,3,0,0,0,0,15.0,15,9,8,1,8,0,7,2,0,0,70,81,5.10,1.533,9.0,0.6,4.8,4.2,0.88,,pallaan01
126,Emmet Sheehan,26,LAD,NL,-0.3,2,0,1.000,6.60,3,3,0,0,0,0,15.0,16,11,11,4,6,0,14,0,0,2,65,60,5.97,1.467,9.6,2.4,3.6,8.4,2.33,,sheehem01
127,Brent Suter*,36,LAA,AL,0.4,0,1,.000,2.40,7,1,4,0,0,0,15.0,13,5,4,2,6,1,15,0,0,1,59,185,4.10,1.267,7.8,1.2,3.6,9.0,2.50,,suterbr01
128,Brayan Bello,27,BOS,AL,-0.3,1,1,.500,6.14,3,3,0,0,0,0,14.2,19,12,10,2,9,0,9,0,0,0,72,69,5.55,1.909,11.7,1.2,5.5,5.5,1.00,,bellobr01
129,Ben Brown,26,CHC,NL,0.1,0,0,,3.07,6,0,1,0,0,0,14.2,10,5,5,1,5,0,14,0,0,4,57,121,3.17,1.023,6.1,0.6,3.1,8.6,2.80,,brownbe02
130,Kyle Harrison*,24,MIL,NL,0.3,1,1,.500,3.07,3,3,0,0,0,0,14.2,12,5,5,2,4,0,15,2,0,1,60,129,4.12,1.091,7.4,1.2,2.5,9.2,3.75,,harriky01
131,Kumar Rocker,26,TEX,AL,0.1,0,1,.000,4.30,3,3,0,0,0,0,14.2,15,7,7,2,7,0,14,1,0,2,67,88,4.67,1.500,9.2,1.2,4.3,8.6,2.00,,rockeku01
132,Taijuan Walker,33,PHI,NL,-0.2,1,2,.333,7.36,3,3,0,0,0,0,14.2,21,13,12,4,7,0,12,0,0,0,71,59,6.51,1.909,12.9,2.5,4.3,7.4,1.71,,walketa01
133,Ryan Weiss,29,HOU,AL,-0.3,0,2,.000,6.75,6,1,3,0,0,0,14.2,20,12,11,4,10,0,18,0,0,0,72,65,6.30,2.045,12.3,2.5,6.1,11.0,1.80,,weissry01
134,Andrew Painter,23,PHI,NL,0.5,1,0,1.000,3.77,3,2,0,0,0,0,14.1,16,6,6,0,3,0,16,0,0,0,61,114,1.56,1.326,10.0,0.0,1.9,10.0,5.33,,paintan01
135,Martín Pérez*,35,ATL,NL,0.2,0,1,.000,3.14,3,2,1,0,0,0,14.1,9,5,5,1,4,0,6,0,0,0,53,130,4.07,0.907,5.7,0.6,2.5,3.8,1.50,,perezma02
136,Ranger Suárez*,30,BOS,AL,-0.1,1,1,.500,5.02,3,3,0,0,0,0,14.1,16,8,8,2,5,0,11,0,0,0,60,84,4.49,1.465,10.0,1.3,3.1,6.9,2.20,,suarera01
137,Aaron Ashby*,28,MIL,NL,0.2,5,0,1.000,3.21,11,1,0,0,0,0,14.0,13,5,5,1,6,0,22,0,0,2,59,123,2.24,1.357,8.4,0.6,3.9,14.1,3.67,,ashbyaa01
138,Bubba Chandler,23,PIT,NL,0.1,0,1,.000,3.86,3,3,0,0,0,0,14.0,10,7,6,2,12,0,14,0,0,1,63,108,5.60,1.571,6.4,1.3,7.7,9.0,1.17,,chandbu01
139,Kyle Leahy,29,STL,NL,-0.1,1,2,.333,5.14,3,3,0,0,0,0,14.0,16,8,8,1,8,0,7,1,0,1,64,76,5.03,1.714,10.3,0.6,5.1,4.5,0.88,,leahyky01
140,Kodai Senga,33,NYM,NL,-0.3,0,2,.000,7.07,3,3,0,0,0,0,14.0,17,11,11,2,7,0,19,0,0,0,64,56,3.81,1.714,10.9,1.3,4.5,12.2,2.71,,sengako01
141,Shane McClanahan*,29,TBR,AL,0.1,1,1,.500,3.95,3,3,0,0,0,0,13.2,5,8,6,1,11,0,13,0,0,1,59,110,4.63,1.171,3.3,0.7,7.2,8.6,1.18,,mcclash01
142,Germán Márquez,31,SDP,NL,-0.2,2,1,.667,5.54,3,3,0,0,0,0,13.0,18,8,8,5,4,0,10,0,0,1,59,75,7.55,1.692,12.5,3.5,2.8,6.9,2.50,,marquge01
143,Tobias Myers,27,NYM,NL,0.1,0,1,.000,3.46,6,0,2,0,0,0,13.0,9,6,5,2,1,1,9,0,0,0,48,114,4.01,0.769,6.2,1.4,0.7,6.2,9.00,,myersto01
144,Roki Sasaki,24,LAD,NL,-0.2,0,2,.000,6.23,3,3,0,0,0,0,13.0,14,9,9,3,10,0,15,0,0,1,63,64,6.17,1.846,9.7,2.1,6.9,10.4,1.50,,sasakro01
145,AJ Blubaugh,25,HOU,AL,-0.5,2,2,.500,7.82,8,0,0,0,0,0,12.2,14,11,11,3,8,0,10,0,0,2,60,56,6.56,1.737,9.9,2.1,5.7,7.1,1.25,,blubaaj01
146,Eric Lauer*,31,TOR,AL,-0.3,1,2,.333,7.82,3,3,0,0,0,0,12.2,11,11,11,3,9,0,12,0,0,0,57,59,6.48,1.579,7.8,2.1,6.4,8.5,1.33,,lauerer01
147,Yohan Ramírez,31,PIT,NL,0.6,2,0,1.000,2.13,9,0,2,0,0,0,12.2,6,3,3,0,7,3,15,1,0,2,52,195,2.69,1.026,4.3,0.0,5.0,10.7,2.14,,ramiryo01
148,Ryan Feltner,29,COL,NL,-0.2,1,1,.500,7.30,3,3,0,0,0,0,12.1,15,10,10,3,6,0,9,0,0,0,56,64,6.33,1.703,10.9,2.2,4.4,6.6,1.50,,feltnry01
149,Sean Newcomb*,33,CHW,AL,0.2,0,0,,4.38,9,0,0,0,0,0,12.1,12,6,6,0,5,1,13,0,0,0,53,104,2.28,1.378,8.8,0.0,3.6,9.5,2.60,,newcose01
150,Cade Povich*,26,BAL,AL,0.5,1,0,1.000,2.19,2,1,0,0,0,0,12.1,9,3,3,1,3,0,7,0,0,0,48,200,3.82,0.973,6.6,0.7,2.2,5.1,2.33,,povicca01
151,Antonio Senzatela,31,COL,NL,0.8,0,0,,0.00,5,0,1,0,0,1,12.1,4,0,0,0,3,0,15,0,0,0,43,,1.47,0.568,2.9,0.0,2.2,10.9,5.00,,senzaan01
152,Sean Manaea*,34,NYM,NL,0.2,0,0,,2.25,4,0,3,0,0,0,12.0,10,3,3,1,6,0,10,0,0,0,51,177,4.08,1.333,7.5,0.8,4.5,7.5,1.67,,manaese01
153,Jacob Latz*,30,TEX,AL,0.5,0,1,.000,1.54,9,1,3,0,0,0,11.2,4,2,2,1,3,0,10,0,0,0,43,248,3.34,0.600,3.1,0.8,2.3,7.7,3.33,,latzja01
154,Isaac Mattson,30,PIT,NL,0.4,0,0,,1.54,11,0,1,0,0,0,11.2,12,2,2,0,6,0,9,0,0,0,51,271,3.17,1.543,9.3,0.0,4.6,6.9,1.50,,mattsis01
155,Kai-Wei Teng,27,HOU,AL,0.3,1,0,1.000,2.31,8,0,1,0,0,0,11.2,6,3,3,2,4,0,11,0,0,2,45,191,4.54,0.857,4.6,1.5,3.1,8.5,2.75,,tengka01
156,Hogan Harris*,29,ATH,AL,0.4,1,0,1.000,2.38,11,0,1,0,0,1,11.1,7,4,3,0,12,1,11,0,0,0,53,198,4.40,1.676,5.6,0.0,9.5,8.7,0.92,,harriho03
157,Ron Marinaccio,30,SDP,NL,0.1,0,0,,3.97,7,0,3,0,0,0,11.1,9,5,5,2,2,0,10,0,0,0,42,105,4.23,0.971,7.1,1.6,1.6,7.9,5.00,,marinro01
158,Connor Phillips,25,CIN,NL,0.6,1,0,1.000,2.38,10,0,3,0,0,1,11.1,6,3,3,1,11,0,12,1,0,1,51,184,5.37,1.500,4.8,0.8,8.7,9.5,1.09,,phillco01
159,Chris Bassitt,37,BAL,AL,-0.4,0,2,.000,9.00,3,3,0,0,0,0,11.0,19,12,11,1,7,0,5,3,0,0,61,49,6.17,2.364,15.5,0.8,5.7,4.1,0.71,,bassich01
160,Kyle Hart*,33,SDP,NL,-0.1,0,0,,4.91,6,0,0,0,0,0,11.0,8,6,6,0,5,0,6,1,0,0,45,85,3.71,1.182,6.5,0.0,4.1,4.9,1.20,,hartky01
161,Cole Sulser,36,TBR,AL,-0.2,1,0,1.000,4.91,7,1,1,0,0,0,11.0,16,8,6,1,6,0,8,0,0,2,54,89,4.53,2.000,13.1,0.8,4.9,6.5,1.33,,sulseco01
162,Louis Varland,28,TOR,AL,0.6,1,1,.500,0.00,10,0,2,0,0,0,11.0,8,3,0,0,3,0,16,0,0,0,41,,1.08,1.000,6.5,0.0,2.5,13.1,5.33,,varlalo01
163,Ryan Watson,28,BOS,AL,-0.2,0,0,,7.36,8,0,4,0,0,0,11.0,11,9,9,3,7,0,6,1,0,0,52,58,7.80,1.636,9.0,2.5,5.7,4.9,0.86,,watsory01
164,Tyler Wells,31,BAL,AL,-0.1,0,1,.000,4.91,9,0,4,0,0,0,11.0,12,7,6,2,4,0,11,1,0,1,49,89,4.90,1.455,9.8,1.6,3.3,9.0,2.75,,wellsty01
165,Valente Bellozo,26,COL,NL,-0.4,0,1,.000,7.59,3,0,2,0,0,0,10.2,10,10,9,5,7,2,8,1,0,0,48,62,10.01,1.594,8.4,4.2,5.9,6.8,1.14,,bellova01
166,Hunter Brown,27,HOU,AL,0.7,1,0,1.000,0.84,2,2,0,0,0,0,10.2,5,1,1,0,6,0,17,0,0,0,43,525,1.67,1.031,4.2,0.0,5.1,14.3,2.83,,brownhu01
167,Tyler Phillips,28,MIA,NL,0.3,0,0,,0.84,5,0,3,0,0,1,10.2,6,2,1,0,5,0,12,1,0,3,45,497,2.61,1.031,5.1,0.0,4.2,10.1,2.40,,phillty01
168,PJ Poulin*,29,WSN,NL,0.1,2,0,1.000,4.22,11,2,1,0,0,0,10.2,10,5,5,3,7,0,7,0,0,1,46,96,7.48,1.594,8.4,2.5,5.9,5.9,1.00,,poulipj01
169,Shaun Anderson,31,LAA,AL,-0.3,1,0,1.000,6.97,4,0,2,0,0,0,10.1,11,9,8,3,5,0,7,1,0,1,46,64,7.33,1.548,9.6,2.6,4.4,6.1,1.40,,andersh01
170,Sam Bachman,26,LAA,AL,0.2,0,0,,3.48,7,0,0,0,0,0,10.1,6,4,4,0,8,0,11,0,0,1,43,129,3.36,1.355,5.2,0.0,7.0,9.6,1.38,,bachmsa01
171,JT Brubaker,32,SFG,NL,0.1,0,0,,2.61,8,0,3,0,0,0,10.1,10,3,3,1,8,0,8,0,0,2,45,151,5.20,1.742,8.7,0.9,7.0,7.0,1.00,,brubajt01
172,Taylor Clarke,33,ARI,NL,0.0,1,0,1.000,3.48,10,0,1,0,0,0,10.1,7,4,4,1,0,0,6,1,0,0,37,122,3.56,0.677,6.1,0.9,0.0,5.2,,,clarkta01
173,Yoendrys Gómez,26,TBR,AL,-0.1,0,0,,6.97,5,0,4,0,0,0,10.1,12,8,8,5,5,2,6,0,1,1,48,63,9.75,1.645,10.5,4.4,4.4,5.2,1.20,,gomezyo01
174,Brent Headrick*,28,NYY,AL,0.2,1,0,1.000,1.74,12,0,2,0,0,0,10.1,12,3,2,0,5,1,12,0,0,0,48,250,2.30,1.645,10.5,0.0,4.4,10.5,2.40,,headrbr01
175,Jordan Leasure,27,CHW,AL,0.2,1,0,1.000,3.48,9,1,2,0,0,0,10.1,6,4,4,2,4,0,9,0,1,0,40,131,5.10,0.968,5.2,1.7,3.5,7.8,2.25,,leasujo01
176,Jovani Morán*,29,BOS,AL,0.3,0,0,,1.74,5,0,3,0,0,0,10.1,4,2,2,1,5,1,12,0,0,0,40,245,3.56,0.871,3.5,0.9,4.4,10.5,2.40,,moranjo01
177,David Morgan,26,SDP,NL,0.4,2,0,1.000,0.00,7,0,4,0,0,0,10.1,5,1,0,0,7,1,10,1,0,0,42,,3.56,1.161,4.4,0.0,6.1,8.7,1.43,,morgada01
178,Riley O'Brien,31,STL,NL,0.8,2,0,1.000,0.00,10,0,7,0,0,5,10.1,4,1,0,0,0,0,11,1,0,2,35,,1.33,0.387,3.5,0.0,0.0,9.6,,,obrieri01
179,JoJo Romero*,29,STL,NL,0.7,0,0,,0.00,9,0,0,0,0,0,10.1,6,0,0,0,3,0,6,1,0,0,39,,3.17,0.871,5.2,0.0,2.6,5.2,2.00,,romerjo01
180,Max Scherzer,41,TOR,AL,-0.5,1,2,.333,9.58,3,3,0,0,0,0,10.1,11,11,11,4,4,0,9,1,0,0,46,48,7.91,1.452,9.6,3.5,3.5,7.8,2.25,,scherma01
181,Drew Anderson,32,DET,AL,-0.2,0,0,,7.20,6,0,1,0,0,1,10.0,9,8,8,2,7,0,9,1,0,1,47,62,6.37,1.600,8.1,1.8,6.3,8.1,1.29,,anderdr02
182,Graham Ashcraft,28,CIN,NL,0.4,0,0,,1.80,10,0,1,0,0,0,10.0,7,3,2,0,4,0,13,0,0,1,38,244,1.77,1.100,6.3,0.0,3.6,11.7,3.25,,ashcrgr01
183,Javier Assad,28,CHC,NL,-0.3,1,1,.500,8.10,2,2,0,0,0,0,10.0,12,9,9,2,4,0,6,0,0,0,45,46,5.77,1.600,10.8,1.8,3.6,5.4,1.50,,assadja01
184,Osvaldo Bido,30,ATL,NL,-0.1,1,0,1.000,6.30,6,0,4,0,0,1,10.0,7,7,7,1,5,0,6,2,0,4,41,65,5.37,1.200,6.3,0.9,4.5,5.4,1.20,,bidoos01
185,Jimmy Herget,32,COL,NL,0.6,0,1,.000,1.80,9,2,2,0,0,1,10.0,6,2,2,0,2,0,7,1,0,0,38,262,2.67,0.800,5.4,0.0,1.8,6.3,3.50,,hergeji01
186,Jordan Hicks,29,CHW,AL,0.0,0,1,.000,5.40,10,0,3,0,0,1,10.0,11,6,6,0,8,1,6,0,0,0,46,85,4.37,1.900,9.9,0.0,7.2,5.4,0.75,,hicksjo03
187,Dennis Santana,30,PIT,NL,0.6,2,1,.667,0.90,10,0,5,0,0,2,10.0,3,2,1,0,4,0,6,1,0,0,37,467,3.47,0.700,2.7,0.0,3.6,5.4,1.50,,santade01
188,Cade Smith,27,CLE,AL,-0.1,2,0,1.000,4.50,10,0,8,0,0,4,10.0,11,6,5,1,3,1,11,0,0,4,45,99,3.17,1.400,9.9,0.9,2.7,9.9,3.67,,smithca06
189,Angel Zerpa*,26,MIL,NL,-0.3,0,1,.000,5.40,9,0,3,0,0,2,10.0,12,6,6,1,4,0,4,0,0,1,41,74,4.87,1.600,10.8,0.9,3.6,3.6,1.00,,zerpaan01
190,Tyler Alexander*,31,TEX,AL,0.4,0,0,,0.93,9,0,4,0,0,2,9.2,10,2,1,0,3,0,9,1,0,0,42,414,2.55,1.345,9.3,0.0,2.8,8.4,3.00,,alexaty01
191,Grant Anderson,29,MIL,NL,0.0,0,1,.000,3.72,9,0,1,0,0,0,9.2,6,5,4,0,5,1,9,0,0,0,39,108,2.86,1.138,5.6,0.0,4.7,8.4,1.80,,andergr01
192,Patrick Corbin*,36,TOR,AL,0.1,0,0,,4.66,2,2,0,0,0,0,9.2,10,5,5,2,2,0,9,2,0,0,41,99,5.24,1.241,9.3,1.9,1.9,8.4,4.50,,corbipa01
193,Mason Englert,26,TBR,AL,-0.3,0,1,.000,8.38,7,1,3,0,0,1,9.2,17,10,9,3,2,1,7,0,0,0,47,53,6.37,1.966,15.8,2.8,1.9,6.5,3.50,,englema01
194,Braydon Fisher,25,TOR,AL,0.2,0,0,,0.93,8,0,2,0,0,0,9.2,6,3,1,1,1,0,12,1,0,1,33,496,2.65,0.724,5.6,0.9,0.9,11.2,12.00,,fishebr02
195,Bradgley Rodriguez,22,SDP,NL,0.4,0,0,,0.93,8,0,1,0,0,0,9.2,10,1,1,0,2,0,10,0,0,0,40,452,1.72,1.241,9.3,0.0,1.9,9.3,5.00,,rodribr01
196,Tyler Rogers,35,TOR,AL,0.4,1,1,.500,0.93,9,0,1,0,0,0,9.2,8,2,1,0,4,3,5,0,0,0,41,496,3.37,1.241,7.4,0.0,3.7,4.7,1.25,,rogerty01
197,Jesse Scholtens,32,TBR,AL,0.6,1,0,1.000,0.00,2,0,1,0,0,0,9.2,5,0,0,0,3,0,7,1,0,0,36,,2.96,0.828,4.7,0.0,2.8,6.5,2.33,,scholje01
198,Gregory Soto*,31,PIT,NL,0.5,0,0,,0.93,10,0,4,0,0,1,9.2,2,1,1,1,5,0,15,1,0,2,37,452,3.27,0.724,1.9,0.9,4.7,14.0,3.00,,sotogr01
199,Justin Sterner,29,ATH,AL,-0.1,0,2,.000,4.66,9,0,2,0,0,0,9.2,14,6,5,1,5,1,10,0,0,0,48,102,4.00,1.966,13.0,0.9,4.7,9.3,2.00,,sternju01
200,Matt Svanson,27,STL,NL,-0.9,0,1,.000,13.97,8,0,1,0,0,0,9.2,18,15,15,3,6,0,9,1,0,0,53,28,7.51,2.483,16.8,2.8,5.6,8.4,1.50,,svansma01
201,Grant Taylor,24,CHW,AL,0.4,0,0,,1.86,8,4,0,0,0,0,9.2,7,2,2,0,3,0,13,0,0,0,39,246,1.41,1.034,6.5,0.0,2.8,12.1,4.33,,taylogr02
202,Zach Agnos,25,COL,NL,-0.3,0,0,,6.75,6,0,3,0,0,1,9.1,13,8,7,0,5,1,9,0,0,0,45,70,2.85,1.929,12.5,0.0,4.8,8.7,1.80,,agnosza01
203,Clayton Beeter,27,WSN,NL,0.2,1,0,1.000,3.86,9,0,3,0,0,2,9.1,4,4,4,2,8,2,7,1,0,4,42,106,7.35,1.286,3.9,1.9,7.7,6.8,0.88,,beetecl01
204,Matthew Boyd*,35,CHC,NL,-0.3,1,1,.500,6.75,2,2,0,0,0,0,9.1,8,8,7,1,3,0,17,0,0,0,37,56,1.88,1.179,7.7,1.0,2.9,16.4,5.67,,boydma01
205,Cristian Javier,29,HOU,AL,-0.6,0,1,.000,12.54,3,3,0,0,0,0,9.1,13,13,13,2,9,0,4,2,0,0,48,36,8.63,2.357,12.5,1.9,8.7,3.9,0.44,,javiecr01
206,Jakob Junis,33,TEX,AL,0.2,0,0,,2.89,8,0,3,0,0,3,9.1,5,3,3,0,2,1,6,1,0,0,35,133,2.85,0.750,4.8,0.0,1.9,5.8,3.00,,junisja01
207,Spencer Miles,25,TOR,AL,0.2,1,0,1.000,3.86,5,0,3,0,0,0,9.1,8,4,4,2,3,0,8,0,0,0,37,120,5.20,1.179,7.7,1.9,2.9,7.7,2.67,,milessp01
208,Mason Miller,27,SDP,NL,0.7,1,0,1.000,0.00,9,0,8,0,0,6,9.1,1,0,0,0,1,0,23,0,0,0,30,,-1.44,0.214,1.0,0.0,1.0,22.2,23.00,,millema03
209,Sam Moll*,34,CIN,NL,0.3,1,0,1.000,1.93,9,0,0,0,0,0,9.1,1,3,2,0,6,0,8,3,0,0,38,229,4.35,0.750,1.0,0.0,5.8,7.7,1.33,,mollsa01
210,Adrián Morejón*,27,SDP,NL,-0.7,1,0,1.000,7.71,8,0,0,0,0,0,9.1,15,9,8,0,1,0,8,0,0,0,44,55,1.78,1.714,14.5,0.0,1.0,7.7,8.00,,morejad01
211,Emilio Pagán,35,CIN,NL,0.1,1,0,1.000,4.82,9,0,7,0,0,5,9.1,6,5,5,2,6,1,9,1,0,1,40,91,6.28,1.286,5.8,1.9,5.8,8.7,1.50,,paganem01
212,Ken Waldichuk*,28,WSN,NL,-0.1,0,0,,6.75,5,0,1,0,0,0,9.1,8,7,7,4,6,0,8,1,0,0,41,61,9.28,1.500,7.7,3.9,5.8,7.7,1.33,,waldike01
213,Ryan Zeferjahn,28,LAA,AL,-0.1,1,0,1.000,4.82,6,0,1,0,0,0,9.1,6,6,5,0,4,0,13,1,0,0,40,93,1.99,1.071,5.8,0.0,3.9,12.5,3.25,,zeferry01
214,Lake Bachar,31,MIA,NL,0.1,0,0,,3.00,5,0,2,0,0,0,9.0,5,3,3,0,4,0,14,0,0,0,36,141,1.39,1.000,5.0,0.0,4.0,14.0,3.50,,bachala01
215,Justin Bruihl*,29,STL,NL,-0.4,0,0,,8.00,10,0,0,0,0,0,9.0,8,8,8,1,8,0,6,0,0,0,43,50,5.95,1.778,8.0,1.0,8.0,6.0,0.75,,bruihju01
216,Cooper Criswell,29,SEA,AL,0.2,0,0,,2.00,6,0,6,0,0,1,9.0,7,2,2,2,3,1,8,0,0,0,33,208,5.28,1.111,7.0,2.0,3.0,8.0,2.67,,criswco01
217,Matt Festa,33,CLE,AL,-0.2,0,0,,7.00,7,0,3,0,0,1,9.0,12,7,7,2,1,0,8,1,0,0,41,64,4.95,1.444,12.0,2.0,1.0,8.0,8.00,,festama01
218,Rico Garcia,32,BAL,AL,0.7,1,0,1.000,0.00,9,0,2,0,0,1,9.0,0,0,0,0,3,0,10,0,0,0,30,,1.95,0.333,0.0,0.0,3.0,10.0,3.33,,garciri01
219,Luis Gil,28,NYY,AL,-0.2,0,1,.000,7.00,2,2,0,0,0,0,9.0,8,7,7,4,5,0,7,1,0,1,41,63,9.39,1.444,8.0,4.0,5.0,7.0,1.40,,gillu01
220,Tim Hill*,36,NYY,AL,0.4,0,0,,1.00,9,0,1,0,0,0,9.0,5,1,1,0,0,0,3,0,0,0,30,438,2.50,0.556,5.0,0.0,0.0,3.0,,,hillti01
221,Jonathan Loáisiga,31,ARI,NL,0.0,0,1,.000,4.00,9,0,1,0,0,1,9.0,9,4,4,1,1,0,7,1,0,0,37,106,3.72,1.111,9.0,1.0,1.0,7.0,7.00,,loaisjo01
222,Tim Mayza*,34,PHI,NL,0.2,0,1,.000,3.00,8,0,1,0,0,0,9.0,3,4,3,0,3,0,10,1,0,0,35,146,2.28,0.667,3.0,0.0,3.0,10.0,3.33,,mayzati01
223,Juan Mejia,25,COL,NL,-0.3,0,2,.000,7.00,8,1,3,0,0,1,9.0,14,7,7,1,4,1,7,1,0,1,43,68,4.72,2.000,14.0,1.0,4.0,7.0,1.75,,mejiaju01
224,Juan Morillo,27,ARI,NL,0.3,0,1,.000,3.00,10,0,1,0,0,1,9.0,5,3,3,1,4,0,8,0,0,0,36,142,4.17,1.000,5.0,1.0,4.0,8.0,2.00,,morilju02
225,Steven Okert*,34,HOU,AL,0.1,0,0,,4.00,9,0,1,0,0,0,9.0,4,4,4,1,4,0,8,0,0,0,33,112,4.17,0.889,4.0,1.0,4.0,8.0,2.00,,okertst01
226,Erik Sabrowski*,28,CLE,AL,0.3,0,0,,2.00,10,0,0,0,0,0,9.0,4,2,2,1,3,0,14,0,0,0,34,223,2.50,0.778,4.0,1.0,3.0,14.0,4.67,,sabroer01
227,Kolby Allard*,28,CLE,AL,-0.3,0,0,,10.38,4,0,2,0,0,0,8.2,16,10,10,2,3,1,9,1,0,0,45,43,5.48,2.192,16.6,2.1,3.1,9.3,3.00,,allarko01
228,Shawn Armstrong,35,CLE,AL,0.4,1,0,1.000,2.08,9,0,1,0,0,0,8.2,8,2,2,2,5,0,12,0,0,0,38,215,5.13,1.500,8.3,2.1,5.2,12.5,2.40,,armstsh01
229,Anthony Banda*,32,MIN,AL,-0.3,1,0,1.000,10.38,9,0,2,0,0,0,8.2,12,10,10,1,2,0,8,4,0,3,43,44,4.90,1.615,12.5,1.0,2.1,8.3,4.00,,bandaan01
230,Scott Barlow,33,ATH,AL,0.0,0,0,,5.19,9,0,0,0,0,0,8.2,6,6,5,2,6,1,7,0,0,0,38,92,6.63,1.385,6.2,2.1,6.2,7.3,1.17,,barlosc01
231,DL Hall*,27,MIL,NL,0.4,0,0,,0.00,8,0,4,0,0,0,8.2,5,0,0,0,6,0,10,1,0,2,36,,3.28,1.269,5.2,0.0,6.2,10.4,1.67,,halldl01
232,Tatsuya Imai,28,HOU,AL,-0.2,1,0,1.000,7.27,3,3,0,0,0,0,8.2,7,7,7,0,11,0,13,1,0,1,44,61,4.32,2.077,7.3,0.0,11.4,13.5,1.18,,imaita01
233,Anthony Nunez,24,BAL,AL,0.3,0,0,,1.04,8,0,2,0,0,0,8.2,4,2,1,1,1,0,11,0,0,1,32,426,2.48,0.577,4.2,1.0,1.0,11.4,11.00,,nunezan01
234,Cionel Pérez*,30,WSN,NL,-0.3,1,1,.500,7.27,10,0,2,0,0,0,8.2,10,7,7,2,5,0,7,0,0,1,39,56,6.28,1.731,10.4,2.1,5.2,7.3,1.40,,perezci01
235,Christian Roa,27,HOU,AL,0.0,0,1,.000,5.19,7,0,2,0,0,0,8.2,10,5,5,1,7,0,6,3,0,0,43,86,6.74,1.962,10.4,1.0,7.3,6.2,0.86,,roach02
236,Tanner Scott*,31,LAD,NL,0.3,0,0,,1.04,10,0,2,0,0,0,8.2,5,1,1,1,0,0,8,0,0,0,30,387,2.82,0.577,5.2,1.0,0.0,8.3,,,scottta01
237,Connor Seabold,30,DET,AL,0.3,1,0,1.000,2.08,5,0,4,0,0,0,8.2,7,2,2,2,3,0,9,0,0,0,35,215,5.13,1.154,7.3,2.1,3.1,9.3,3.00,,seaboco01
238,Justin Topa,35,MIN,AL,0.1,0,1,.000,4.15,11,0,4,0,0,1,8.2,10,5,4,1,4,0,5,0,0,1,39,110,4.90,1.615,10.4,1.0,4.2,5.2,1.25,,topaju01
239,Cole Winn,26,TEX,AL,0.2,1,0,1.000,3.12,9,0,1,0,0,1,8.2,7,3,3,2,4,0,9,0,0,1,37,124,5.48,1.269,7.3,2.1,4.2,9.3,2.25,,winnco01
240,Cody Bolton,28,HOU,AL,0.0,0,1,.000,5.40,3,2,1,0,0,1,8.1,7,5,5,1,7,0,11,1,0,0,39,83,4.97,1.680,7.6,1.1,7.6,11.9,1.57,,boltoco01
241,Huascar Brazobán,36,NYM,NL,0.5,1,0,1.000,0.00,7,0,0,0,0,0,8.1,6,0,0,0,0,0,6,0,0,0,30,,1.73,0.720,6.5,0.0,0.0,6.5,,,brazohu01
242,Brock Burke*,29,CIN,NL,0.1,1,1,.500,1.08,9,0,2,0,0,1,8.1,7,4,1,0,3,0,10,0,0,0,34,410,1.85,1.200,7.6,0.0,3.2,10.8,3.33,,burkebr01
243,Gordon Graceffo,26,STL,NL,0.3,1,0,1.000,1.08,6,0,1,0,0,0,8.1,2,2,1,0,6,0,5,1,0,0,32,369,4.49,0.960,2.2,0.0,6.5,5.4,0.83,,gracego01
244,Jeff Hoffman,33,TOR,AL,-0.2,1,1,.500,4.32,9,0,7,0,0,2,8.1,10,6,4,1,5,2,18,0,0,1,41,108,2.21,1.800,10.8,1.1,5.4,19.4,3.60,,hoffmje02
245,Justin Lawrence,31,PIT,NL,-0.6,0,1,.000,8.64,9,0,1,0,0,0,8.1,10,10,8,3,5,0,12,1,0,1,42,49,7.13,1.800,10.8,3.2,5.4,13.0,2.40,,lawreju01
246,Casey Legumina,29,SEA,AL,0.3,0,0,,1.08,6,0,2,0,0,0,8.1,8,1,1,0,1,0,7,2,0,0,34,387,2.57,1.080,8.6,0.0,1.1,7.6,7.00,,legumca01
247,Hoby Milner*,35,CHC,NL,0.2,0,0,,2.16,8,0,0,0,0,0,8.1,7,2,2,1,0,0,1,2,0,0,32,175,5.21,0.840,7.6,1.1,0.0,1.1,,,milneho01
248,Mason Montgomery*,26,PIT,NL,-0.1,1,0,1.000,5.40,9,1,0,0,0,0,8.1,10,5,5,1,5,0,17,0,0,1,40,78,2.45,1.800,10.8,1.1,5.4,18.4,3.40,,montgma01
249,Wandy Peralta*,34,SDP,NL,0.2,0,0,,2.16,9,0,1,0,0,0,8.1,10,2,2,1,3,0,7,0,0,0,37,196,4.13,1.560,10.8,1.1,3.2,7.6,2.33,,peralwa01
250,Shane Smith,26,CHW,AL,-0.5,0,2,.000,10.80,3,3,0,0,0,0,8.1,12,12,10,1,9,0,11,1,0,0,49,43,5.69,2.520,13.0,1.1,9.7,11.9,1.22,,smithsh02
251,José Suarez*,28,ATL,NL,-0.3,0,1,.000,8.64,4,1,2,0,0,0,8.1,15,8,8,0,4,0,11,0,1,0,41,48,1.97,2.280,16.2,0.0,4.3,11.9,2.75,,suarejo01
252,Keaton Winn,28,SFG,NL,0.1,0,1,.000,3.24,9,0,1,0,0,0,8.1,4,3,3,0,2,0,11,0,0,1,31,123,1.25,0.720,4.3,0.0,2.2,11.9,5.50,,winnke01
253,Kyle Finnegan,34,DET,AL,0.5,1,0,1.000,0.00,8,0,1,0,0,0,8.0,4,0,0,0,7,0,3,0,0,0,32,,5.04,1.375,4.5,0.0,7.9,3.4,0.43,,finneky01
254,Robert Garcia*,30,TEX,AL,-0.1,0,1,.000,3.38,9,0,1,0,0,0,8.0,5,5,3,0,7,0,6,0,0,0,34,115,4.29,1.500,5.6,0.0,7.9,6.8,0.86,,garciro04
255,Andrew Hoffmann,26,ARI,NL,0.1,1,0,1.000,1.13,5,0,2,0,0,0,8.0,4,2,1,1,5,0,8,1,0,0,34,380,5.04,1.125,4.5,1.1,5.6,9.0,1.60,,hoffman01
256,Bryan King*,29,HOU,AL,0.4,0,0,,1.13,7,0,1,0,0,1,8.0,7,1,1,0,3,0,11,1,0,0,34,398,1.92,1.250,7.9,0.0,3.4,12.4,3.67,,kingbr02
257,Tyler Kinley,35,ATL,NL,0.3,2,0,1.000,1.13,9,0,3,0,0,0,8.0,4,1,1,0,2,0,6,0,0,1,29,370,2.42,0.750,4.5,0.0,2.3,6.8,3.00,,kinlety01
258,Dylan Lee*,31,ATL,NL,0.3,0,0,,1.13,9,0,0,0,0,0,8.0,5,1,1,0,1,0,8,0,0,0,30,370,1.54,0.750,5.6,0.0,1.1,9.0,8.00,,leedy01
259,Mark Leiter Jr.,35,ATH,AL,-0.4,0,1,.000,9.00,9,0,2,0,0,2,8.0,14,8,8,2,2,0,8,1,0,0,40,53,5.54,2.000,15.8,2.3,2.3,9.0,4.00,,leitema02
260,Luis Medina,27,ATH,AL,0.1,0,1,.000,3.38,6,0,4,0,0,0,8.0,6,4,3,1,5,1,9,0,0,1,35,142,4.42,1.375,6.8,1.1,5.6,10.1,1.80,,medinlu02
261,Michael Petersen,32,MIA,NL,0.0,1,1,.500,3.38,7,0,4,0,0,1,8.0,5,4,3,1,4,0,7,0,0,0,33,126,4.54,1.125,5.6,1.1,4.5,7.9,1.75,,petermi01
262,Drew Pomeranz*,37,LAA,AL,0.0,0,1,.000,4.50,8,0,2,0,0,0,8.0,6,4,4,1,3,2,5,1,0,0,33,101,5.04,1.125,6.8,1.1,3.4,5.6,1.67,,pomerdr01
263,Jose Quintana*,37,COL,NL,-0.1,0,1,.000,5.63,2,2,0,0,0,0,8.0,7,5,5,1,8,0,3,0,0,0,37,85,7.04,1.875,7.9,1.1,9.0,3.4,0.38,,quintjo01
264,Tony Santillan,29,CIN,NL,0.7,1,0,1.000,0.00,8,0,0,0,0,0,8.0,2,0,0,0,6,0,10,0,0,0,30,,2.92,1.000,2.3,0.0,6.8,11.3,1.67,,santito01
265,George Soriano,27,STL,NL,0.2,1,0,1.000,2.25,7,0,1,0,0,0,8.0,3,2,2,0,4,1,5,1,0,0,32,178,3.79,0.875,3.4,0.0,4.5,5.6,1.25,,soriage01
266,Victor Vodnik,26,COL,NL,0.3,0,1,.000,2.25,7,0,5,0,0,2,8.0,8,3,2,1,4,0,5,1,0,1,35,211,5.42,1.500,9.0,1.1,4.5,5.6,1.25,,vodnivi01
267,Grant Wolfram*,29,BAL,AL,0.2,1,0,1.000,3.38,8,0,0,0,0,0,8.0,8,3,3,0,0,0,13,2,0,0,33,132,0.67,1.000,9.0,0.0,0.0,14.6,,,wolfrgr01
268,Ryan Yarbrough*,34,NYY,AL,-0.1,0,0,,5.63,5,0,4,0,0,0,8.0,7,5,5,1,3,1,4,2,1,0,34,78,5.67,1.250,7.9,1.1,3.4,4.5,1.33,,yarbrry01
269,Elvis Alvarado,27,ATH,AL,-0.1,2,0,1.000,5.87,9,0,2,0,0,0,7.2,8,5,5,0,4,0,6,0,0,0,33,82,3.17,1.565,9.4,0.0,4.7,7.0,1.50,,alvarel01
270,Eduard Bazardo,30,SEA,AL,0.3,0,0,,1.17,8,0,1,0,0,0,7.2,5,1,1,0,3,0,6,0,0,0,30,357,2.78,1.043,5.9,0.0,3.5,7.0,2.00,,bazared01
271,David Bednar,31,NYY,AL,-0.1,1,2,.333,4.70,8,0,8,0,0,5,7.2,11,5,4,0,4,1,10,0,0,0,38,94,2.12,1.957,12.9,0.0,4.7,11.7,2.50,,bednada01
272,Jalen Beeks*,32,TEX,AL,0.3,1,1,.500,1.17,8,0,1,0,0,0,7.2,7,1,1,0,2,0,6,0,0,0,31,332,2.39,1.174,8.2,0.0,2.3,7.0,3.00,,beeksja02
273,Kody Funderburk*,29,MIN,AL,0.3,1,1,.500,2.35,10,0,1,0,0,1,7.2,6,2,2,1,7,0,8,1,0,0,36,195,5.91,1.696,7.0,1.2,8.2,9.4,1.14,,fundeko01
274,Kevin Ginkel,32,ARI,NL,-0.2,0,1,.000,5.87,8,0,1,0,0,0,7.2,9,5,5,0,3,0,10,0,0,0,35,73,1.73,1.565,10.6,0.0,3.5,11.7,3.33,,ginkeke01
275,Jaden Hill,26,COL,NL,0.4,0,1,.000,1.17,9,0,1,0,0,0,7.2,4,1,1,0,5,1,7,0,0,0,32,406,3.30,1.174,4.7,0.0,5.9,8.2,1.40,,hillja01
276,Bryan Hudson*,29,CHW,AL,0.2,0,0,,2.35,8,0,2,0,0,0,7.2,6,3,2,0,4,0,9,1,1,0,34,197,2.78,1.304,7.0,0.0,4.7,10.6,2.25,,hudsobr01
277,Raisel Iglesias,36,ATL,NL,0.5,0,0,,0.00,7,0,6,0,0,4,7.2,4,0,0,0,0,0,10,0,0,0,26,,0.56,0.522,4.7,0.0,0.0,11.7,,,iglesra01
278,Brad Keller,30,PHI,NL,0.2,0,0,,4.70,8,0,0,0,0,0,7.2,8,4,4,1,2,0,8,0,0,1,33,94,3.56,1.304,9.4,1.2,2.3,9.4,4.00,,kellebr01
279,Kevin Kelly,28,TBR,AL,-0.4,2,1,.667,7.04,8,0,2,0,0,2,7.2,5,7,6,1,3,0,7,1,0,0,31,63,4.60,1.043,5.9,1.2,3.5,8.2,2.33,,kellyke02
280,Will Klein,26,LAD,NL,0.2,1,0,1.000,1.17,5,0,1,0,0,0,7.2,6,1,1,0,3,1,9,0,0,1,30,345,1.99,1.174,7.0,0.0,3.5,10.6,3.00,,kleinwi01
281,Alex Lange,30,KCR,AL,0.1,0,0,,3.52,6,0,2,0,0,0,7.2,7,3,3,0,5,0,12,1,0,2,35,125,2.39,1.565,8.2,0.0,5.9,14.1,2.40,,langeal01
282,Daniel Lynch IV*,29,KCR,AL,0.1,0,0,,1.17,7,0,0,0,0,0,7.2,2,3,1,0,3,0,10,1,0,0,30,375,2.12,0.652,2.3,0.0,3.5,11.7,3.33,,lynchda02
283,Nick Mears,29,KCR,AL,0.1,1,1,.500,3.52,8,0,1,0,0,0,7.2,6,3,3,0,4,0,6,0,0,1,32,125,3.17,1.304,7.0,0.0,4.7,7.0,1.50,,mearsni01
284,Tommy Nance,35,TOR,AL,-0.2,0,1,.000,7.04,8,0,0,0,0,0,7.2,10,6,6,1,4,0,9,0,0,1,37,66,4.08,1.826,11.7,1.2,4.7,10.6,2.25,,nanceto01
285,Eric Orze,28,MIN,AL,0.2,0,0,,3.52,7,0,2,0,0,1,7.2,7,3,3,0,4,0,5,0,0,0,33,130,3.43,1.435,8.2,0.0,4.7,5.9,1.25,,orzeer01
286,Peyton Pallette,25,CLE,AL,0.0,0,1,.000,4.70,5,0,2,0,0,0,7.2,7,4,4,1,3,0,9,2,0,1,34,96,4.47,1.304,8.2,1.2,3.5,10.6,3.00,,pallepe01
287,Ian Seymour*,27,TBR,AL,-0.5,0,0,,10.57,7,0,1,0,0,0,7.2,10,9,9,0,2,0,9,1,0,1,34,42,1.99,1.565,11.7,0.0,2.3,10.6,4.50,,seymoia01
288,Robert Suarez,35,ATL,NL,0.3,2,0,1.000,1.17,8,0,0,0,0,0,7.2,7,1,1,0,1,0,8,0,0,0,30,355,1.47,1.043,8.2,0.0,1.2,9.4,8.00,,suarero01
289,Ryan Thompson,34,ARI,NL,0.4,1,0,1.000,0.00,11,0,2,0,0,0,7.2,2,1,0,0,3,1,5,0,2,0,28,,3.04,0.652,2.3,0.0,3.5,5.9,1.67,,thompry02
290,Bryan Baker,31,TBR,AL,0.1,1,0,1.000,3.68,8,0,5,0,0,4,7.1,5,3,3,1,2,0,7,0,1,0,29,121,3.85,0.955,6.1,1.2,2.5,8.6,3.50,,bakerbr01
291,Fernando Cruz,36,NYY,AL,0.2,1,0,1.000,2.45,10,0,0,0,0,0,7.1,4,2,2,0,7,0,10,1,0,0,33,180,3.71,1.500,4.9,0.0,8.6,12.3,1.43,,cruzfe01
292,Camilo Doval,28,NYY,AL,-0.3,0,0,,7.36,9,0,1,0,0,0,7.1,8,6,6,1,1,0,7,0,0,1,33,60,3.44,1.227,9.8,1.2,1.2,8.6,7.00,,dovalca01
293,Lucas Erceg,31,KCR,AL,-0.2,0,1,.000,6.14,8,0,7,0,0,5,7.1,8,5,5,0,3,0,5,0,0,1,30,72,3.03,1.500,9.8,0.0,3.7,6.1,1.67,,erceglu01
294,Matt Gage*,33,SFG,NL,0.2,1,0,1.000,1.23,8,0,1,0,0,0,7.1,4,1,1,0,4,0,6,0,0,0,28,327,3.17,1.091,4.9,0.0,4.9,7.4,1.50,,gagema01
295,Ryan Helsley,31,BAL,AL,0.3,0,1,.000,2.45,8,0,7,0,0,5,7.1,7,2,2,0,4,1,11,0,0,1,33,182,1.80,1.500,8.6,0.0,4.9,13.5,2.75,,helslry01
296,Tyler Holton*,30,DET,AL,0.4,0,0,,1.23,8,0,2,0,0,0,7.1,5,1,1,1,4,0,5,1,0,1,31,367,5.62,1.227,6.1,1.2,4.9,6.1,1.25,,holtoty01
297,Cade Horton,24,CHC,NL,0.2,1,0,1.000,2.45,2,2,0,0,0,0,7.1,4,2,2,1,2,0,4,0,0,0,26,155,4.67,0.818,4.9,1.2,2.5,4.9,2.00,,hortoca01
298,Pierce Johnson,35,CIN,NL,0.2,1,1,.500,3.68,9,0,3,0,0,0,7.1,9,3,3,1,1,0,8,0,0,1,32,121,3.17,1.364,11.0,1.2,1.2,9.8,8.00,,johnspi01
299,Richard Lovelady*,30,NYM,NL,-0.1,1,1,.500,3.68,6,0,5,0,0,0,7.1,8,5,3,1,4,1,6,0,0,0,32,110,4.94,1.636,9.8,1.2,4.9,7.4,1.50,,lovelri01
300,Luis Morales,23,ATH,AL,-0.4,0,2,.000,12.27,2,2,0,0,0,0,7.1,13,10,10,4,8,0,5,1,0,0,42,39,12.58,2.864,16.0,4.9,9.8,6.1,0.63,,morallu01
301,Zach Pop,29,PHI,NL,0.2,0,0,,3.68,7,1,2,0,0,0,7.1,5,3,3,0,3,0,6,1,0,0,31,120,3.17,1.091,6.1,0.0,3.7,7.4,2.00,,popza01
302,Taylor Rogers*,35,MIN,AL,0.2,0,0,,3.68,8,0,3,0,0,0,7.1,9,3,3,0,3,0,7,0,0,0,33,125,2.49,1.636,11.0,0.0,3.7,8.6,2.33,,rogerta01
303,Paul Sewald,36,ARI,NL,0.2,0,2,.000,2.45,9,0,8,0,0,6,7.1,4,3,2,2,0,0,10,0,0,0,26,175,3.99,0.545,4.9,2.5,0.0,12.3,,,sewalpa01
304,Chase Silseth,26,LAA,AL,0.3,0,0,,2.45,10,0,2,0,0,0,7.1,5,2,2,1,6,0,9,0,0,3,33,185,4.94,1.500,6.1,1.2,7.4,11.0,1.50,,silsech01
305,Lucas Sims,32,CHW,AL,0.0,0,1,.000,3.68,6,0,2,0,0,0,7.1,7,4,3,0,5,0,7,1,0,0,34,126,3.71,1.636,8.6,0.0,6.1,8.6,1.40,,simslu01
306,Ryne Stanek,34,STL,NL,-0.6,1,0,1.000,8.59,8,0,2,0,0,1,7.1,11,8,7,1,5,0,9,0,0,0,38,47,4.53,2.182,13.5,1.2,6.1,11.0,1.80,,stanery01
307,Abner Uribe,26,MIL,NL,-0.1,0,0,,4.91,8,0,1,0,0,1,7.1,8,4,4,0,1,0,8,0,0,0,31,83,1.40,1.227,9.8,0.0,1.2,9.8,8.00,,uribeab01
308,Alex Vesia*,30,LAD,NL,0.5,0,0,,0.00,8,0,2,0,0,2,7.1,2,0,0,0,3,0,9,0,0,0,27,,1.94,0.682,2.5,0.0,3.7,11.0,3.00,,vesiaal01
309,Greg Weissert,31,BOS,AL,-0.2,0,1,.000,6.14,8,0,0,0,0,0,7.1,6,5,5,3,3,0,11,0,0,0,32,71,6.71,1.227,7.4,3.7,3.7,13.5,3.67,,weissgr01
310,Cole Wilcox,26,SEA,AL,0.0,0,0,,4.91,6,0,1,0,0,0,7.1,7,4,4,1,2,0,9,2,0,1,32,86,4.12,1.227,8.6,1.2,2.5,11.0,4.50,,wilcoco01
311,Jake Woodford,29,MIL,NL,0.0,1,0,1.000,3.68,5,0,4,0,0,0,7.1,8,3,3,1,2,0,5,0,0,0,31,110,4.40,1.364,9.8,1.2,2.5,6.1,2.50,,woodfja01
312,Hunter Barco*,25,PIT,NL,-0.3,0,1,.000,6.43,4,0,1,0,0,0,7.0,8,7,5,3,7,0,5,1,0,0,37,66,10.74,2.143,10.3,3.9,9.0,6.4,0.71,,barcohu01
313,Anthony Bender,31,MIA,NL,-0.2,1,0,1.000,6.43,8,0,3,0,0,1,7.0,7,5,5,0,6,1,8,1,0,2,34,66,3.88,1.857,9.0,0.0,7.7,10.3,1.33,,bendean01
314,Brennan Bernardino*,34,COL,NL,0.3,1,0,1.000,1.29,9,1,0,0,0,0,7.0,6,2,1,0,3,1,5,0,0,0,29,372,3.03,1.286,7.7,0.0,3.9,6.4,1.67,,bernabr01
315,Jake Bird,30,NYY,AL,-0.3,1,1,.500,7.71,8,0,0,0,0,0,7.0,9,6,6,1,1,0,9,1,0,0,32,57,3.31,1.429,11.6,1.3,1.3,11.6,9.00,,birdja01
316,Jonathan Bowlan,29,PHI,NL,0.2,1,0,1.000,3.86,7,0,0,0,0,0,7.0,8,3,3,0,1,0,8,0,0,0,29,115,1.31,1.286,10.3,0.0,1.3,10.3,8.00,,bowlajo01
317,Connor Brogdon,31,CLE,AL,-0.2,2,2,.500,6.43,7,0,1,0,0,1,7.0,5,6,5,1,2,0,6,0,0,1,29,70,4.17,1.000,6.4,1.3,2.6,7.7,3.00,,brogdco01
318,Jeremiah Estrada,27,SDP,NL,-0.2,1,1,.500,5.14,7,0,0,0,0,0,7.0,5,6,4,0,5,0,8,0,0,1,30,83,3.03,1.429,6.4,0.0,6.4,10.3,1.60,,estraje01
319,Jose A. Ferrer*,26,SEA,AL,0.1,0,0,,2.57,9,0,1,0,0,0,7.0,9,3,2,0,1,0,6,0,0,2,31,164,1.88,1.429,11.6,0.0,1.3,7.7,6.00,,ferrejo01
320,Mason Fluharty*,24,TOR,AL,0.0,0,0,,5.14,10,1,0,0,0,0,7.0,7,4,4,0,4,1,10,0,0,0,32,91,2.03,1.571,9.0,0.0,5.1,12.9,2.50,,fluhama01
321,Cole Henry,26,WSN,NL,-0.2,0,2,.000,6.43,7,0,5,0,0,0,7.0,8,7,5,1,4,0,8,1,0,1,34,64,4.88,1.714,10.3,1.3,5.1,10.3,2.00,,henryco01
322,Caleb Kilian,29,SFG,NL,0.2,0,0,,1.29,8,0,2,0,0,0,7.0,2,1,1,1,4,0,10,1,0,0,27,313,4.31,0.857,2.6,1.3,5.1,12.9,2.50,,kiliaca01
323,Gabe Speier*,31,SEA,AL,0.1,0,2,.000,2.57,8,0,3,0,0,1,7.0,6,4,2,0,1,1,6,1,0,0,28,164,2.31,1.000,7.7,0.0,1.3,7.7,6.00,,speiega01
324,Albert Suárez,36,BAL,AL,0.0,1,0,1.000,5.14,3,0,2,0,0,1,7.0,7,4,4,2,2,0,3,0,0,0,29,87,6.88,1.286,9.0,2.6,2.6,3.9,1.50,,suareal01
325,Blade Tidwell,25,SFG,NL,0.1,0,0,,2.57,5,0,3,0,0,1,7.0,5,2,2,1,1,0,6,0,0,0,25,156,3.74,0.857,6.4,1.3,1.3,7.7,6.00,,tidwebl01
326,Ryan Walker,30,SFG,NL,0.0,0,0,,3.86,8,0,3,0,0,1,7.0,6,3,3,1,3,0,8,0,0,1,30,104,4.03,1.286,7.7,1.3,3.9,10.3,2.67,,walkery01
327,Garrett Whitlock,30,BOS,AL,0.1,0,1,.000,2.57,7,0,1,0,0,0,7.0,5,3,2,1,5,0,11,0,0,1,31,169,4.03,1.429,6.4,1.3,6.4,14.1,2.20,,whitlga01
328,Tanner Banks*,34,PHI,NL,0.1,0,0,,5.40,6,0,2,0,0,0,6.2,8,4,4,1,1,0,7,0,0,0,28,82,3.47,1.350,10.8,1.4,1.4,9.5,7.00,,banksta01
329,Enmanuel De Jesus*,29,DET,AL,-0.1,1,0,1.000,5.40,5,0,0,0,0,0,6.2,9,5,4,0,4,0,8,0,0,0,34,84,2.57,1.950,12.2,0.0,5.4,10.8,2.00,,dejesen01
330,Enyel De Los Santos,30,HOU,AL,0.3,0,0,,1.35,6,0,4,0,0,2,6.2,4,1,1,1,1,0,6,0,0,0,25,335,3.77,0.750,5.4,1.4,1.4,8.1,6.00,,delosen01
331,Jhoan Duran,28,PHI,NL,0.8,1,1,.500,1.35,7,0,7,0,0,5,6.2,5,2,1,0,0,0,8,0,0,1,24,329,0.77,0.750,6.8,0.0,0.0,10.8,,,duranjh01
332,Andrés Muñoz,27,SEA,AL,-0.6,2,2,.500,9.45,7,0,4,0,0,1,6.2,8,8,7,1,5,0,10,0,0,0,33,45,4.37,1.950,10.8,1.4,6.8,13.5,2.00,,munozan01
333,Brooks Raley*,38,NYM,NL,0.3,0,1,.000,1.35,7,0,1,0,0,0,6.2,3,1,1,0,3,1,9,0,0,0,26,302,1.82,0.900,4.1,0.0,4.1,12.2,3.00,,raleybr01
334,Matt Strahm*,34,KCR,AL,0.0,0,0,,4.05,7,0,0,0,0,0,6.2,5,3,3,1,3,0,6,1,0,1,29,110,5.12,1.200,6.8,1.4,4.1,8.1,2.00,,strahma01
335,Blake Treinen,38,LAD,NL,0.4,1,0,1.000,0.00,8,0,1,0,0,0,6.2,3,0,0,0,3,0,6,0,0,0,26,,2.72,0.900,4.1,0.0,4.1,8.1,2.00,,treinbl01
336,Gus Varland,29,WSN,NL,0.1,0,0,,4.05,7,0,2,0,0,2,6.2,6,3,3,1,3,0,7,0,0,0,29,103,4.37,1.350,8.1,1.4,4.1,9.5,2.33,,varlagu01
337,Will Vest,31,DET,AL,-0.1,1,2,.333,6.75,8,0,3,0,0,0,6.2,6,5,5,0,3,0,9,0,0,0,29,67,1.82,1.350,8.1,0.0,4.1,12.2,3.00,,vestwi01
338,Luke Weaver,32,NYM,NL,-0.4,1,0,1.000,8.10,7,0,1,0,0,0,6.2,6,6,6,1,3,0,4,0,0,0,30,50,5.27,1.350,8.1,1.4,4.1,5.4,1.33,,weavelu01
339,Jacob Webb,32,CHC,NL,-0.2,0,1,.000,5.40,8,0,4,0,0,0,6.2,8,6,4,2,5,0,7,0,0,0,31,71,7.22,1.950,10.8,2.7,6.8,9.5,1.40,,webbja01
340,Bryan Abreu,29,HOU,AL,-0.6,0,2,.000,12.79,8,0,6,0,0,1,6.1,7,10,9,3,12,0,12,0,0,3,37,35,11.22,3.000,9.9,4.3,17.1,17.1,1.00,,abreubr01
341,Ryan Borucki*,32,SFG,NL,-0.2,0,1,.000,7.11,7,0,2,0,0,0,6.1,9,5,5,2,2,0,6,0,0,0,29,57,6.33,1.737,12.8,2.8,2.8,8.5,3.00,,borucry01
342,Jack Dreyer*,27,LAD,NL,0.1,1,0,1.000,2.84,7,0,0,0,0,0,6.1,4,2,2,0,3,0,7,0,0,0,25,144,2.38,1.105,5.7,0.0,4.3,9.9,2.33,,dreyeja01
343,Luis García,39,NYM,NL,-0.3,0,0,,7.11,6,0,3,0,0,0,6.1,11,6,5,0,2,0,4,0,0,0,32,58,2.85,2.053,15.6,0.0,2.8,5.7,2.00,,garcilu03
344,John King*,31,MIA,NL,0.3,1,0,1.000,1.42,8,0,1,0,0,0,6.1,2,1,1,1,3,1,6,2,0,0,26,302,5.69,0.789,2.8,1.4,4.3,8.5,2.00,,kingjo01
345,Cody Laweryson,28,MIN,AL,0.0,0,0,,4.26,5,0,3,0,0,1,6.1,3,4,3,0,2,0,8,2,0,0,26,108,2.54,0.789,4.3,0.0,2.8,11.4,4.00,,lawerco01
346,Chris Martin,40,TEX,AL,-0.3,1,1,.500,7.11,8,0,3,0,0,0,6.1,11,6,5,1,0,0,7,1,0,0,29,55,3.48,1.737,15.6,1.4,0.0,9.9,,,martich02
347,Cole Sands,28,MIN,AL,0.1,0,0,,4.26,7,0,3,0,0,1,6.1,7,3,3,1,3,0,5,0,0,1,28,108,5.06,1.579,9.9,1.4,4.3,7.1,1.67,,sandsco01
348,John Schreiber,32,KCR,AL,-0.2,0,2,.000,7.11,8,0,2,0,0,1,6.1,7,5,5,2,6,2,4,1,0,1,33,63,9.33,2.053,9.9,2.8,8.5,5.7,0.67,,schrejo01
349,José Urquidy,31,PIT,NL,-0.7,0,1,.000,8.53,5,0,4,0,0,1,6.1,15,10,6,1,2,0,6,0,0,0,36,50,4.27,2.684,21.3,1.4,2.8,8.5,3.00,,urquijo01
350,José Alvarado*,31,PHI,NL,-0.3,0,1,.000,10.50,9,0,0,0,0,0,6.0,9,8,7,0,3,0,8,1,0,1,31,42,2.50,2.000,13.5,0.0,4.5,12.0,2.67,,alvarjo03
351,Spencer Arrighetti,26,HOU,AL,0.2,1,0,1.000,1.50,1,1,0,0,0,0,6.0,2,1,1,0,4,0,10,2,0,0,27,303,2.83,1.000,3.0,0.0,6.0,15.0,2.50,,arrigsp01
352,Luinder Avila,24,KCR,AL,-0.2,0,1,.000,9.00,2,1,0,0,0,0,6.0,14,6,6,1,4,0,6,0,0,0,33,50,5.33,3.000,21.0,1.5,6.0,9.0,1.50,,avilalu02
353,Paul Blackburn,32,NYY,AL,0.0,1,1,.500,3.00,5,0,3,0,0,0,6.0,10,3,2,0,2,0,4,0,0,0,30,149,2.83,2.000,15.0,0.0,3.0,6.0,2.00,,blackpa01
354,Matt Brash,28,SEA,AL,0.3,1,0,1.000,0.00,7,0,1,0,0,0,6.0,3,1,0,0,1,1,4,0,0,0,21,,2.33,0.667,4.5,0.0,1.5,6.0,4.00,,brashma01
355,Aroldis Chapman*,38,BOS,AL,0.2,0,1,.000,1.50,6,0,5,0,0,3,6.0,2,1,1,0,2,0,6,1,0,0,22,292,2.67,0.667,3.0,0.0,3.0,9.0,3.00,,chapmar01
356,Edwin Díaz,32,LAD,NL,-0.2,1,0,1.000,6.00,6,0,6,0,0,4,6.0,6,4,4,1,4,1,10,1,0,1,29,68,4.50,1.667,9.0,1.5,6.0,15.0,2.50,,diazed04
357,Seranthony Domínguez,31,CHW,AL,-0.3,1,2,.333,7.50,7,0,5,0,0,3,6.0,6,6,5,2,5,0,8,1,0,1,31,62,7.83,1.833,9.0,3.0,7.5,12.0,1.60,,dominse01
358,Calvin Faucher,30,MIA,NL,-0.1,1,1,.500,4.50,7,0,1,0,0,0,6.0,3,5,3,0,7,0,10,0,0,1,28,96,3.33,1.667,4.5,0.0,10.5,15.0,1.43,,fauchca01
359,Brant Hurter*,27,DET,AL,0.2,1,0,1.000,3.00,6,0,2,0,0,0,6.0,5,2,2,1,3,0,4,0,0,0,25,152,5.50,1.333,7.5,1.5,4.5,6.0,1.33,,hurtebr01
360,Griffin Jax,31,TBR,AL,-0.7,0,2,.000,7.50,8,0,1,0,0,0,6.0,8,8,5,1,5,0,5,0,0,0,31,60,6.17,2.167,12.0,1.5,7.5,7.5,1.00,,jaxgr01
361,Trevor Megill,32,MIL,NL,-0.8,0,2,.000,12.00,7,0,4,0,0,3,6.0,8,8,8,0,4,0,7,1,0,0,32,34,3.33,2.000,12.0,0.0,6.0,10.5,1.75,,megiltr01
362,Erik Miller*,28,SFG,NL,-0.1,0,0,,6.00,7,0,2,0,0,1,6.0,7,4,4,0,4,0,10,0,0,0,29,68,1.83,1.833,10.5,0.0,6.0,15.0,2.50,,milleer01
363,Eli Morgan,30,KCR,AL,0.2,0,1,.000,1.50,3,0,3,0,0,1,6.0,4,1,1,1,3,0,7,0,0,0,26,297,4.50,1.167,6.0,1.5,4.5,10.5,2.33,,morgael01
364,Chris Murphy*,28,CHW,AL,-0.3,1,0,1.000,10.50,6,0,1,0,0,1,6.0,9,7,7,1,5,0,6,0,0,1,32,45,5.83,2.333,13.5,1.5,7.5,9.0,1.20,,murphch01
365,Andrew Nardi*,27,MIA,NL,-0.1,1,0,1.000,6.00,7,0,0,0,0,0,6.0,6,4,4,1,3,0,8,0,0,0,26,72,4.17,1.500,9.0,1.5,4.5,12.0,2.67,,nardian01
366,Caleb Thielbar*,39,CHC,NL,0.0,1,2,.333,3.00,7,0,1,0,0,0,6.0,4,3,2,1,4,1,8,0,0,1,27,129,4.67,1.333,6.0,1.5,6.0,12.0,2.00,,thielca01
367,Carter Baumler,24,TEX,AL,0.1,0,0,,3.18,4,0,1,0,0,0,5.2,4,2,2,1,6,0,6,1,0,0,27,125,7.05,1.765,6.4,1.6,9.5,9.5,1.00,,baumlca01
368,Yennier Cano,32,BAL,AL,0.2,1,1,.500,1.59,9,0,1,0,0,0,5.2,3,1,1,0,0,0,8,0,0,0,20,284,0.34,0.529,4.8,0.0,0.0,12.7,,,canoye01
369,Jose Franco,25,CIN,NL,0.0,0,0,,3.18,3,0,1,0,0,0,5.2,7,3,2,0,5,0,4,0,0,0,27,142,4.40,2.118,11.1,0.0,7.9,6.4,0.80,,francjo02
370,Joe Mantiply*,35,TOR,AL,0.0,1,0,1.000,4.76,5,0,0,0,0,0,5.2,4,3,3,1,2,0,9,1,0,0,24,99,3.87,1.059,6.4,1.6,3.2,14.3,4.50,,mantijo01
371,Hunter Bigge,28,TBR,AL,0.3,0,0,,1.69,5,0,0,0,0,0,5.1,1,1,1,1,5,1,2,0,0,0,22,269,7.67,1.125,1.7,1.7,8.4,3.4,0.40,,biggehu01
372,Merrill Kelly,37,ARI,NL,0.0,1,0,1.000,3.38,1,1,0,0,0,0,5.1,5,2,2,1,4,0,3,0,0,0,24,130,6.73,1.688,8.4,1.7,6.8,5.1,0.75,,kellyme01
373,Zack Kelly,31,BOS,AL,-0.2,0,1,.000,6.75,5,0,2,0,0,0,5.1,4,4,4,1,1,0,3,0,0,1,21,65,5.04,0.938,6.8,1.7,1.7,5.1,3.00,,kellyza01
374,Jordan Romano,33,LAA,AL,-0.3,0,2,.000,8.44,8,0,7,0,0,4,5.1,5,5,5,1,5,0,7,0,0,1,26,55,5.79,1.875,8.4,1.7,8.4,11.8,1.40,,romanjo03
375,Devin Williams,31,NYM,NL,-0.2,0,0,,6.75,6,0,2,0,0,2,5.1,8,4,4,1,3,0,8,0,0,0,26,61,4.29,2.063,13.5,1.7,5.1,13.5,2.67,,willide03
376,Aaron Bummer*,32,ATL,NL,-0.1,0,1,.000,5.40,7,0,0,0,0,0,5.0,5,3,3,1,3,0,5,1,0,0,25,79,6.17,1.600,9.0,1.8,5.4,9.0,1.67,,bummeaa01
377,Danny Coulombe*,36,BOS,AL,0.2,0,0,,1.80,8,0,0,0,0,0,5.0,4,1,1,1,2,0,2,0,0,0,20,246,6.17,1.200,7.2,1.8,3.6,3.6,1.00,,couloda01
378,Steven Cruz,27,KCR,AL,-0.4,0,0,,14.40,5,0,2,0,0,0,5.0,7,8,8,4,4,1,7,0,0,0,26,31,13.17,2.200,12.6,7.2,7.2,12.6,1.75,,cruzst01
379,Luis Curvelo,25,TEX,AL,0.0,0,0,,5.40,4,0,1,0,0,0,5.0,6,3,3,2,2,1,3,0,0,1,22,74,8.37,1.600,10.8,3.6,3.6,5.4,1.50,,curvelu01
380,Pete Fairbanks,32,MIA,NL,-0.5,0,1,.000,10.80,5,1,4,0,0,2,5.0,7,6,6,1,1,0,7,1,0,0,24,40,4.17,1.600,12.6,1.8,1.8,12.6,7.00,,fairbpe01
381,Edgardo Henriquez,24,LAD,NL,-0.1,1,0,1.000,5.40,5,0,1,0,0,0,5.0,5,4,3,0,3,0,4,1,0,0,22,77,3.97,1.600,9.0,0.0,5.4,7.2,1.33,,henried01
382,Dean Kremer,30,BAL,AL,-0.1,0,0,,3.60,1,1,0,0,0,0,5.0,6,4,2,3,0,0,9,0,0,0,21,127,7.37,1.200,10.8,5.4,0.0,16.2,,,kremede01
383,Daniel Palencia,26,CHC,NL,0.4,1,0,1.000,0.00,5,0,4,0,0,1,5.0,3,0,0,0,2,0,5,0,0,0,19,,2.37,1.000,5.4,0.0,3.6,9.0,2.50,,palenda01
384,Jack Perkins,26,ATH,AL,-0.1,1,0,1.000,7.20,3,0,0,0,0,0,5.0,8,4,4,0,1,0,7,1,0,0,24,68,1.57,1.800,14.4,0.0,1.8,12.6,7.00,,perkija01
385,Paxton Schultz,28,WSN,NL,0.0,0,0,,5.40,4,0,0,0,0,0,5.0,6,3,3,1,1,0,6,1,0,1,24,78,4.57,1.400,10.8,1.8,1.8,10.8,6.00,,schulpa01
386,Brandon Young,27,BAL,AL,0.3,1,0,1.000,0.00,1,1,0,0,0,0,5.0,2,0,0,0,2,0,2,0,0,1,18,,3.57,0.800,3.6,0.0,3.6,3.6,1.00,,youngbr01
387,Kyle Backhus*,28,PHI,NL,0.0,0,0,,7.71,5,0,2,0,0,0,4.2,7,4,4,2,1,0,7,0,0,0,22,59,6.38,1.714,13.5,3.9,1.9,13.5,7.00,,backhky01
388,Ben Casparius,27,LAD,NL,-0.3,0,1,.000,9.64,5,0,2,0,0,0,4.2,6,5,5,1,4,0,4,0,0,0,23,43,6.81,2.143,11.6,1.9,7.7,7.7,1.00,,caspabe01
389,J.P. France,31,HOU,AL,-0.1,0,0,,7.71,2,0,1,0,0,0,4.2,5,4,4,0,4,0,3,1,0,1,23,60,5.10,1.929,9.6,0.0,7.7,5.8,0.75,,francjp01
390,Kenley Jansen,38,DET,AL,0.2,0,0,,1.93,6,0,6,0,0,4,4.2,3,1,1,1,1,0,7,0,1,0,18,239,3.60,0.857,5.8,1.9,1.9,13.5,7.00,,janseke01
391,George Klassen,24,LAA,AL,-0.4,0,1,.000,11.57,2,2,0,0,0,0,4.2,7,7,6,1,10,0,6,0,0,2,32,40,9.81,3.643,13.5,1.9,19.3,11.6,0.60,,klassge01
392,Joel Kuhnel,31,ATH,AL,0.4,0,0,,0.00,5,0,4,0,0,3,4.2,1,0,0,0,0,0,3,0,0,0,15,,1.88,0.214,1.9,0.0,0.0,5.8,,,kuhnejo01
393,Dietrich Enns*,35,BAL,AL,0.0,0,0,,4.15,3,0,0,0,0,0,4.1,2,2,2,0,5,0,7,0,0,1,20,111,3.40,1.615,4.2,0.0,10.4,14.5,1.40,,ennsdi01
394,Mitch Farris*,25,LAA,AL,0.1,0,0,,2.08,3,0,2,0,0,0,4.1,5,1,1,1,2,0,3,0,0,0,19,226,6.17,1.615,10.4,2.1,4.2,6.2,1.50,,farrimi01
395,Andre Granillo,26,WSN,NL,-0.2,0,0,,12.46,5,0,2,0,0,0,4.1,6,6,6,1,5,0,1,0,0,0,23,34,9.17,2.538,12.5,2.1,10.4,2.1,0.20,,granian01
396,Michael Kelly,33,ATH,AL,-0.1,0,0,,6.23,4,0,2,0,0,0,4.1,6,3,3,1,4,0,4,0,0,0,22,79,7.09,2.308,12.5,2.1,8.3,8.3,1.00,,kellymi03
397,Orion Kerkering,25,PHI,NL,0.1,0,0,,4.15,4,0,2,0,0,0,4.1,4,2,2,0,1,0,4,0,0,0,18,110,2.01,1.154,8.3,0.0,2.1,8.3,4.00,,kerkeor01
398,Riley Martin*,28,CHC,NL,0.1,0,0,,0.00,4,1,2,0,0,0,4.1,2,0,0,0,0,0,4,0,0,0,14,,1.32,0.462,4.2,0.0,0.0,8.3,,,martiri02
399,Noah Schultz*,22,CHW,AL,-0.1,0,1,.000,6.23,1,1,0,0,0,0,4.1,3,4,3,0,4,0,4,0,0,0,20,77,4.09,1.615,6.2,0.0,8.3,8.3,1.00,,schulno01
400,Garrett Acton,28,MIN,AL,0.2,1,0,1.000,2.25,2,0,1,0,0,0,4.0,1,1,1,0,2,0,5,1,0,0,15,211,2.92,0.750,2.3,0.0,4.5,11.3,2.50,,actonga01
401,Lázaro Estrada,27,TOR,AL,0.2,0,0,,0.00,1,0,0,0,0,0,4.0,0,0,0,0,2,0,3,0,0,0,14,,3.17,0.500,0.0,0.0,4.5,6.8,1.50,,estrala01
402,Didier Fuentes,21,ATL,NL,0.1,0,0,,2.25,1,0,1,0,0,0,4.0,2,1,1,0,1,0,4,0,0,0,15,193,1.92,0.750,4.5,0.0,2.3,9.0,4.00,,fuentdi01
403,Tanner Gordon,28,COL,NL,0.2,0,0,,0.00,1,0,1,0,0,0,4.0,2,0,0,0,1,0,4,0,0,0,14,,1.92,0.750,4.5,0.0,2.3,9.0,4.00,,gordota01
404,Hunter Harvey,31,CHC,NL,-0.1,0,1,.000,6.75,4,0,1,0,0,0,4.0,5,3,3,2,1,0,4,0,0,0,18,59,8.42,1.500,11.3,4.5,2.3,9.0,4.00,,harvehu01
405,Tim Herrin*,29,CLE,AL,0.2,0,1,.000,0.00,7,0,1,0,0,0,4.0,4,1,0,0,3,1,3,0,0,1,19,,3.92,1.750,9.0,0.0,6.8,6.8,1.00,,herriti01
406,Phil Maton,33,CHC,NL,-0.4,0,1,.000,13.50,5,0,0,0,0,0,4.0,6,6,6,1,4,0,5,2,0,0,24,30,8.42,2.500,13.5,2.3,9.0,11.3,1.25,,matonph01
407,Roddery Muñoz,26,HOU,AL,-0.3,0,0,,15.75,3,0,0,0,0,0,4.0,7,7,7,3,6,0,6,0,0,2,25,30,14.42,3.250,15.8,6.8,13.5,13.5,1.00,,munozro01
408,Zach Eflin,32,BAL,AL,0.2,0,0,,2.45,1,1,0,0,0,0,3.2,4,1,1,1,2,0,7,0,0,0,17,190,4.53,1.636,9.8,2.5,4.9,17.2,3.50,,eflinza01
409,Colton Gordon*,27,HOU,AL,-0.2,0,0,,9.82,1,1,0,0,0,0,3.2,8,4,4,2,0,0,5,1,0,0,19,48,8.35,2.182,19.6,4.9,0.0,12.3,,,gordoco01
410,Zak Kent,28,MIN,AL,-0.1,0,0,,4.91,2,0,0,0,0,0,3.2,4,5,2,2,5,0,2,0,0,0,20,98,13.26,2.455,9.8,4.9,12.3,4.9,0.40,,kentza01
411,Brendon Little*,29,TOR,AL,-1.2,0,2,.000,24.55,5,0,1,0,0,0,3.2,10,11,10,3,3,1,6,0,0,0,24,20,12.99,3.545,24.5,7.4,7.4,14.7,2.00,,littlbr02
412,Johan Oviedo,28,BOS,AL,-0.1,0,0,,9.82,1,0,1,0,0,0,3.2,6,4,4,2,1,0,3,1,0,1,18,46,10.26,1.909,14.7,4.9,2.5,7.4,3.00,,oviedjo01
413,Taylor Rashi,30,ARI,NL,-0.2,1,0,1.000,9.82,3,0,2,0,0,0,3.2,3,4,4,1,1,0,4,0,0,0,15,46,5.35,1.091,7.4,2.5,2.5,9.8,4.00,,rashita01
414,Joe Ross,33,ARI,NL,-0.5,0,0,,19.64,3,0,0,0,0,0,3.2,7,8,8,1,4,0,2,0,0,1,22,23,8.90,3.000,17.2,2.5,9.8,4.9,0.50,,rossjo01
415,Chris Roycroft,29,STL,NL,-0.3,0,0,,12.27,5,0,3,0,0,0,3.2,8,5,5,1,5,0,3,0,0,0,25,34,9.17,3.545,19.6,2.5,12.3,7.4,0.60,,roycrch01
416,Tyler Samaniego*,27,BOS,AL,0.1,0,0,,0.00,3,0,1,0,0,0,3.2,0,0,0,0,3,0,4,0,0,0,14,,3.44,0.818,0.0,0.0,7.4,9.8,1.33,,samanty01
417,Jared Shuster*,27,STL,NL,0.0,0,0,,4.91,2,0,2,0,0,0,3.2,2,2,2,0,2,0,1,0,0,1,15,86,4.26,1.091,4.9,0.0,4.9,2.5,0.50,,shustja01
418,Justin Verlander,43,DET,AL,-0.2,0,1,.000,12.27,1,1,0,0,0,0,3.2,6,5,5,1,2,0,1,0,0,1,19,38,7.80,2.182,14.7,2.5,4.9,2.5,0.50,,verlaju01
419,Bailey Falter*,29,KCR,AL,-0.2,0,0,,13.50,2,0,0,0,0,0,3.1,8,5,5,1,2,0,4,0,0,0,20,35,6.47,3.000,21.6,2.7,5.4,10.8,2.00,,falteba01
420,Ryan Johnson,23,LAA,AL,-0.3,0,1,.000,16.20,1,1,0,0,0,0,3.1,7,6,6,1,4,0,2,0,0,1,21,30,9.47,3.300,18.9,2.7,10.8,5.4,0.50,,johnsry01
421,Kyle Nicolas,27,CIN,NL,-0.1,0,0,,8.10,3,0,1,0,0,0,3.1,3,3,3,1,5,0,1,0,0,1,18,58,10.97,2.400,8.1,2.7,13.5,2.7,0.20,,nicolky01
422,Joel Payamps,32,ATL,NL,-0.2,0,1,.000,5.40,7,0,1,0,0,0,3.1,5,4,2,1,1,0,5,0,0,0,16,82,4.97,1.800,13.5,2.7,2.7,13.5,5.00,,payamjo01
423,Justin Slaten,28,BOS,AL,0.2,0,1,.000,0.00,4,0,1,0,0,0,3.1,2,1,0,0,2,0,5,0,0,0,14,,1.97,1.200,5.4,0.0,5.4,13.5,2.50,,slateju01
424,Jack Anderson,26,BOS,AL,0.0,0,0,,3.00,1,0,0,0,0,0,3.0,1,1,1,1,1,0,4,0,0,0,11,154,5.83,0.667,3.0,3.0,3.0,12.0,4.00,,anderja02
425,Charlie Barnes*,30,CHC,NL,-0.1,0,0,,9.00,1,0,1,0,0,0,3.0,4,4,3,0,3,0,1,1,0,0,17,46,6.50,2.333,12.0,0.0,9.0,3.0,0.33,,barnech01
426,Dylan Dodd*,28,ATL,NL,0.1,0,0,,0.00,1,0,1,0,0,1,3.0,1,0,0,0,0,0,2,0,0,0,10,,1.83,0.333,3.0,0.0,0.0,6.0,,,dodddy01
427,Josh Fleming*,30,TOR,AL,-0.1,0,0,,12.00,1,0,0,0,0,0,3.0,6,4,4,1,2,0,1,1,0,0,18,41,9.83,2.667,18.0,3.0,6.0,3.0,0.50,,flemijo01
428,Tyler Heineman,35,TOR,AL,-0.1,0,0,,15.00,2,0,2,0,0,0,3.0,7,5,5,1,1,0,0,0,0,0,17,33,8.50,2.667,21.0,3.0,3.0,0.0,0.00,,heinety01
429,Colin Holderman,30,CLE,AL,-0.1,0,0,,6.00,2,0,1,0,0,0,3.0,2,3,2,1,2,0,3,0,0,0,14,80,7.50,1.333,6.0,3.0,6.0,9.0,1.50,,holdeco01
430,Andrew Morris,24,MIN,AL,0.1,0,0,,3.00,1,0,0,0,0,0,3.0,6,1,1,0,0,0,2,0,0,1,15,163,1.83,2.000,18.0,0.0,0.0,6.0,,,morrian01
431,Jedixson Páez,22,CHW,AL,-0.2,0,0,,18.00,3,0,1,0,0,0,3.0,4,6,6,2,3,0,0,0,0,0,16,27,14.83,2.333,12.0,6.0,9.0,0.0,0.00,,paezje01
432,Jason Adam,34,SDP,NL,0.2,0,0,,0.00,4,0,1,0,0,1,2.2,1,0,0,0,1,0,0,1,0,0,10,,5.42,0.750,3.4,0.0,3.4,0.0,0.00,,adamja01
433,Shane Drohan*,27,MIL,NL,-0.1,0,1,.000,10.13,1,1,0,0,0,0,2.2,3,3,3,0,4,0,2,0,0,0,15,44,6.17,2.625,10.1,0.0,13.5,6.8,0.50,,drohash01
434,Tyler Gilbert*,32,CHW,AL,-0.2,0,0,,20.25,2,0,0,0,0,0,2.2,4,6,6,2,3,0,2,0,0,0,15,25,14.79,2.625,13.5,6.8,10.1,6.8,0.67,,gilbety01
435,Ethan Roberts,28,CHC,NL,0.1,0,0,,0.00,3,0,1,0,0,0,2.2,1,0,0,0,0,0,2,2,0,0,10,,3.92,0.375,3.4,0.0,0.0,6.8,,,roberet01
436,Tyler Uberstine,27,BOS,AL,0.0,0,1,.000,3.38,1,0,0,0,0,0,2.2,3,1,1,1,1,0,2,0,0,0,11,139,7.67,1.500,10.1,3.4,3.4,6.8,2.00,,ubersty01
437,Austin Voth,34,TOR,AL,0.0,0,0,,3.38,1,0,0,0,0,0,2.2,3,1,1,0,1,0,1,0,0,2,12,149,3.54,1.500,10.1,0.0,3.4,3.4,1.00,,vothau01
438,Garrett Cleavinger*,32,TBR,AL,-0.1,1,1,.500,7.71,3,0,0,0,0,0,2.1,3,2,2,0,4,1,3,0,0,0,14,64,5.74,3.000,11.6,0.0,15.4,11.6,0.75,,cleavga01
439,Brandon Eisert*,28,CHW,AL,-0.3,0,0,,15.43,2,0,0,0,0,0,2.1,6,4,4,0,1,0,2,0,0,0,14,33,2.74,3.000,23.1,0.0,3.9,7.7,2.00,,eiserbr01
440,Jared Koenig*,32,MIL,NL,-0.1,0,0,,0.00,3,0,0,0,0,0,2.1,3,2,0,0,2,2,4,0,0,1,13,,2.31,2.143,11.6,0.0,7.7,15.4,2.00,,koenija01
441,Joey Lucchesi*,33,LAA,AL,-0.1,0,0,,7.71,3,0,0,0,0,0,2.1,4,2,2,0,4,0,2,1,0,0,16,65,7.88,3.429,15.4,0.0,15.4,7.7,0.50,,lucchjo01
442,Cody Ponce,32,TOR,AL,0.0,0,0,,3.86,1,1,0,0,0,0,2.1,1,1,1,0,1,0,3,0,1,1,10,133,1.88,0.857,3.9,0.0,3.9,11.6,3.00,,ponceco01
443,Evan Sisk*,29,PIT,NL,0.0,0,0,,3.86,2,0,1,0,0,0,2.1,3,1,1,0,1,0,4,1,0,0,12,122,2.31,1.714,11.6,0.0,3.9,15.4,4.00,,siskev01
444,José Buttó,28,SFG,NL,-0.2,0,0,,22.50,3,0,1,0,0,0,2.0,6,5,5,2,4,0,5,0,0,0,16,20,17.17,5.000,27.0,9.0,18.0,22.5,1.25,,buttojo01
445,Yerry de los Santos,28,NYY,AL,0.0,0,0,,4.50,1,0,0,0,0,0,2.0,3,1,1,1,2,0,1,0,0,0,9,110,11.67,2.500,13.5,4.5,9.0,4.5,0.50,,delosye01
446,Joey Gerber,29,NYM,NL,0.1,0,0,,0.00,1,0,1,0,0,0,2.0,2,0,0,0,1,0,5,0,0,0,9,,-0.33,1.500,9.0,0.0,4.5,22.5,5.00,,gerbejo01
447,Logan Henderson,24,MIL,NL,-0.1,0,0,,9.00,1,1,0,0,0,0,2.0,3,2,2,0,1,0,3,0,0,1,9,51,1.67,2.000,13.5,0.0,4.5,13.5,3.00,,hendelo01
448,Alek Jacob,28,SDP,NL,0.1,1,0,1.000,0.00,1,0,1,0,0,0,2.0,1,0,0,0,1,0,3,1,0,0,9,,3.17,1.000,4.5,0.0,4.5,13.5,3.00,,jacobal01
449,Craig Kimbrel,38,NYM,NL,0.1,0,0,,0.00,2,0,0,0,0,0,2.0,2,0,0,0,0,0,2,0,0,0,7,,1.17,1.000,9.0,0.0,0.0,9.0,,,kimbrcr01
450,Rolddy Muñoz,26,ATL,NL,-0.2,0,0,,13.50,1,0,0,0,0,0,2.0,5,3,3,1,1,0,3,0,0,0,12,35,8.17,3.000,22.5,4.5,4.5,13.5,3.00,,munozro02
451,Jayden Murray,29,HOU,AL,-0.1,0,0,,9.00,1,0,0,0,0,0,2.0,2,2,2,0,3,0,3,0,0,0,11,56,4.67,2.500,9.0,0.0,13.5,13.5,1.00,,murraja01
452,Mitchell Parker*,26,WSN,NL,0.1,1,0,1.000,0.00,1,0,0,0,0,0,2.0,2,0,0,0,0,0,5,0,0,0,10,,-1.83,1.000,9.0,0.0,0.0,22.5,,,parkemi01
453,Orlando Ribalta,28,WSN,NL,0.3,0,0,,0.00,2,0,1,0,0,1,2.0,1,0,0,0,0,0,1,0,0,0,6,,2.17,0.500,4.5,0.0,0.0,4.5,,,ribalor01
454,Chase Shugart,29,PHI,NL,0.1,0,0,,0.00,1,0,0,0,0,0,2.0,2,0,0,0,1,0,3,0,0,0,8,,1.67,1.500,9.0,0.0,4.5,13.5,3.00,,shugach01
455,Sam Aldegheri*,24,LAA,AL,0.0,1,0,1.000,5.40,1,0,0,0,0,0,1.2,2,1,1,1,1,0,2,0,0,0,8,97,10.37,1.800,10.8,5.4,5.4,10.8,2.00,,aldegsa01
456,Ryan Fernandez,28,STL,NL,-0.1,0,0,,0.00,1,0,1,0,0,0,1.2,4,2,0,0,0,0,2,0,0,0,9,,0.77,2.400,21.6,0.0,0.0,10.8,,,fernary01
457,Cameron Foster,27,BAL,AL,0.1,0,0,,0.00,1,0,0,0,0,0,1.2,2,0,0,0,1,0,3,0,0,0,8,,1.37,1.800,10.8,0.0,5.4,16.2,3.00,,fosteca01
458,Yaramil Hiraldo,30,BAL,AL,-0.3,0,0,,21.60,3,0,0,0,0,0,1.2,3,4,4,2,4,0,2,0,0,0,12,24,23.57,4.200,16.2,10.8,21.6,10.8,0.50,,hiralya01
459,Seth Johnson,27,PHI,NL,-0.1,0,0,,16.20,1,0,0,0,0,0,1.2,4,5,3,0,2,0,1,1,0,0,13,32,7.37,3.600,21.6,0.0,10.8,5.4,0.50,,johnsse01
460,Dylan Moore,33,PHI,NL,0.0,0,0,,5.40,2,0,2,0,0,0,1.2,1,1,1,0,1,0,0,1,0,0,8,95,6.77,1.200,5.4,0.0,5.4,0.0,0.00,,mooredy01
461,Nick Raquet*,30,BAL,AL,-0.1,0,0,,16.20,2,0,1,0,0,0,1.2,3,3,3,1,1,0,0,1,0,0,10,32,14.57,2.400,16.2,5.4,5.4,0.0,0.00,,raqueni01
462,Nick Sandlin,29,LAA,AL,-0.3,0,0,,21.60,2,0,0,0,0,0,1.2,2,4,4,1,1,0,1,1,0,0,9,24,13.37,1.800,10.8,5.4,5.4,5.4,1.00,,sandlni01
463,Walbert Ureña,22,LAA,AL,-0.5,0,1,.000,0.00,2,0,0,0,0,0,1.2,5,6,0,0,3,1,2,0,0,1,15,,6.17,4.800,27.0,0.0,16.2,10.8,0.67,,urenawa01
464,Jackson Rutledge,27,WSN,NL,-0.2,0,0,,47.25,1,0,0,0,0,0,1.1,6,7,7,0,2,0,2,0,0,0,12,11,4.67,6.000,40.5,0.0,13.5,13.5,1.00,,rutleja01
465,Tyler Schweitzer*,25,CHW,AL,0.0,0,0,,6.75,1,0,1,0,0,0,1.1,2,1,1,0,1,0,1,0,0,0,7,82,3.92,2.250,13.5,0.0,6.8,6.8,1.00,,schwety01
466,Duncan Davitt,26,CHW,AL,0.0,0,0,,0.00,1,0,1,0,0,0,1.0,0,0,0,0,1,0,0,0,0,0,3,,6.17,1.000,0.0,0.0,9.0,0.0,0.00,,davitdu01
467,Hunter Gaddis,28,CLE,AL,0.0,0,0,,9.00,1,0,0,0,0,0,1.0,2,1,1,0,1,0,1,0,0,0,6,65,4.17,3.000,18.0,0.0,9.0,9.0,1.00,,gaddihu01
468,Ryan Gusto,27,MIA,NL,0.1,0,0,,0.00,1,0,0,0,0,0,1.0,0,0,0,0,0,0,1,0,0,0,3,,1.17,0.000,0.0,0.0,0.0,9.0,,,gustory01
469,P.J. Higgins,33,CIN,NL,0.0,0,0,,0.00,1,0,1,0,0,0,1.0,0,0,0,0,0,0,1,0,0,0,3,,1.17,0.000,0.0,0.0,0.0,9.0,,,higgipj01
470,Kyle Hurt,28,LAD,NL,0.0,0,0,,9.00,1,0,1,0,0,0,1.0,2,1,1,0,0,0,3,1,0,0,6,60,0.17,2.000,18.0,0.0,0.0,27.0,,,hurtky01
471,Christian Koss,28,SFG,NL,0.0,0,0,,0.00,1,0,1,0,0,0,1.0,0,0,0,0,0,0,0,0,0,0,3,,3.17,0.000,0.0,0.0,0.0,0.0,,,kossch01
472,Luke Little*,25,CHC,NL,0.0,0,0,,9.00,1,0,1,0,0,0,1.0,2,1,1,1,0,0,1,0,0,0,5,57,14.17,2.000,18.0,9.0,0.0,9.0,,,littllu01
473,James McCann,36,ARI,NL,-0.2,0,0,,45.00,1,0,1,0,0,0,1.0,7,5,5,1,0,0,0,0,0,0,10,12,16.17,7.000,63.0,9.0,0.0,0.0,,,mccanja02
474,Easton McGee,28,MIL,NL,0.0,0,0,,0.00,1,0,1,0,0,0,1.0,1,0,0,0,0,0,0,0,0,0,3,,3.17,1.000,9.0,0.0,0.0,0.0,,,mcgeeea01
475,Reese McGuire,31,CHW,AL,0.0,0,0,,0.00,1,0,1,0,0,0,1.0,0,0,0,0,0,0,0,0,0,0,3,,3.17,0.000,0.0,0.0,0.0,0.0,,,mcguire01
476,Matt Pushard,28,STL,NL,-0.2,0,0,,27.00,1,0,0,0,0,0,1.0,3,3,3,0,1,0,1,0,0,1,7,20,4.17,4.000,27.0,0.0,9.0,9.0,1.00,,pushama01
477,Cal Quantrill,31,TEX,AL,0.1,1,0,1.000,0.00,1,0,1,0,0,0,1.0,1,0,0,0,0,0,0,0,0,0,3,,3.17,1.000,9.0,0.0,0.0,0.0,,,quantca01
478,Miguel Rojas,37,LAD,NL,0.0,0,0,,9.00,1,0,1,0,0,0,1.0,1,1,1,0,1,0,0,1,0,0,6,60,9.17,2.000,9.0,0.0,9.0,0.0,0.00,,rojasmi02
479,Ryan Rolison*,28,CHC,NL,0.0,0,0,,0.00,1,0,1,0,0,0,1.0,1,0,0,0,0,0,0,0,0,0,3,,3.17,1.000,9.0,0.0,0.0,0.0,,,rolisry01
480,Joey Wiemer,27,WSN,NL,0.0,0,0,,9.00,1,0,1,0,0,0,1.0,2,1,1,0,1,0,0,1,0,0,7,61,9.17,3.000,18.0,0.0,9.0,0.0,0.00,,wiemejo01
481,Angel Chivilli,23,NYY,AL,-0.1,0,0,,13.50,1,0,0,0,0,0,0.2,1,1,1,1,2,0,2,0,0,0,5,48,25.67,4.500,13.5,13.5,27.0,27.0,1.00,,chivian01
482,Tyler Tolbert,28,KCR,AL,0.0,0,0,,0.00,1,0,1,0,0,0,0.2,1,0,0,0,0,0,0,0,0,0,2,,3.17,1.500,13.5,0.0,0.0,0.0,,,tolbety01
483,Austin Warren,30,NYM,NL,0.0,0,0,,13.50,1,0,1,0,0,0,0.2,2,1,1,1,0,0,1,0,0,0,4,46,19.67,3.000,27.0,13.5,0.0,13.5,,,warreau01
484,Gavin Collyer,25,TEX,AL,0.0,0,0,,0.00,1,0,0,0,0,0,0.1,0,0,0,0,0,0,1,0,0,0,1,,-2.83,0.000,0.0,0.0,0.0,27.0,,,collyga01
485,Carlos Estévez,33,KCR,AL,-0.5,0,1,.000,162.00,1,0,1,0,0,0,0.1,4,6,6,1,2,0,0,0,0,0,7,5,60.17,18.000,108.0,27.0,54.0,0.0,0.00,,estevca01
486,Austin Hedges,33,CLE,AL,0.0,0,0,,0.00,1,0,1,0,0,0,0.1,0,0,0,0,0,0,0,0,0,0,1,,3.17,0.000,0.0,0.0,0.0,0.0,,,hedgeau01
487,Jonathan Cannon,25,CHW,AL,0.0,0,0,,,1,0,0,0,0,0,0.0,0,1,1,0,3,0,0,0,0,0,3,17,,,,,,,0.00,,cannojo02